stop_id,stop_name,stop_lat,stop_lon,location_type,parent_station,platform_code
9021010001001000,Kungsplan,56.165202,15.586844,1,,
9021010001013000,Landsvägsgatan,56.172004,15.588238,1,,
9021010001014000,Tullskolan,56.174439,15.58903,1,,
9021010001015000,Polhemsgatan,56.176723,15.590546,1,,
9021010001017000,Bergåsa centrum,56.182128,15.600275,1,,
9021010001020000,Lindesnäs,56.189004,15.614926,1,,
9021010001021000,Sunnadal,56.19253,15.612847,1,,
9021010001022000,Motellet,56.196749,15.61136,1,,
9021010001027000,Ekeberg,56.198612,15.61947,1,,
9021010001028000,Intagsvägen,56.201421,15.624354,1,,
9021010001029000,Backabo,56.203018,15.629051,1,,
9021010001030000,Stadsträdgården,56.203801,15.636959,1,,
9021010001032000,Lyckeby centrum,56.198687,15.654735,1,,
9021010001033000,Carlemansvägen,56.196513,15.661525,1,,
9021010001034000,Kronotorp,56.196608,15.665891,1,,
9021010001035000,Östra Torp,56.194659,15.674161,1,,
9021010001036000,Bergåsa station,56.182633,15.601351,1,,
9021010001037000,Annebo,56.185962,15.605085,1,,
9021010001040000,Stationsvägen Slottsbacken,56.197962,15.649276,1,,
9021010001041000,Amiralen,56.197291,15.644462,1,,
9021010001042000,Bastasjö,56.225764,15.661689,1,,
9021010001043000,Norra Hässlegården,56.224447,15.664531,1,,
9021010001044000,Hässlegårdens förskola,56.221904,15.66338,1,,
9021010001046000,Södra Hässlegården,56.219922,15.657939,1,,
9021010001047000,Silvervägen,56.218757,15.652335,1,,
9021010001048000,Spandelstorpskolan,56.215319,15.653847,1,,
9021010001049000,Spandelstorp,56.212582,15.655792,1,,
9021010001050000,H Martinsons väg,56.210489,15.655575,1,,
9021010001051000,G Torhamns väg,56.208036,15.65494,1,,
9021010001052000,Afvelsgärdevägen,56.206982,15.659375,1,,
9021010001053000,Carlandravägen,56.204817,15.659126,1,,
9021010001054000,AWA vägen,56.201903,15.655737,1,,
9021010001055000,Af Chapmangymnasiet,56.163908,15.591536,1,,
9021010001056000,Drottninggatan,56.162346,15.591544,1,,
9021010001057000,Sparre,56.160271,15.591556,1,,
9021010001058000,Alamedan,56.158974,15.589181,1,,
9021010001062000,Varvet,56.159262,15.579813,1,,
9021010001064000,Ankaret,56.196421,15.61402,1,,
9021010001065000,Kungsmarken C-huset,56.1954,15.615958,1,,
9021010001066000,Kungsmarken B-huset,56.197064,15.617416,1,,
9021010001067000,Kungsmarken A-huset,56.197522,15.623245,1,,
9021010001068000,Kungsmarken centrum,56.194299,15.623953,1,,
9021010001069000,Gullaberg,56.191008,15.621907,1,,
9021010001070000,Marieberg,56.18891,15.618052,1,,
9021010001072000,Sjukhuset huvudentrén,56.182226,15.605169,1,,
9021010001073000,Kyrkogården,56.181214,15.601552,1,,
9021010001074000,Hälsovägen,56.183318,15.603183,1,,
9021010001075000,Knösövägen,56.196119,15.662896,1,,
9021010001076000,Ekedalsvägen,56.19346,15.662262,1,,
9021010001077000,Ga Riksvägen,56.191432,15.663896,1,,
9021010001079000,Ringö,56.187292,15.656084,1,,
9021010001080000,Södra Ringö,56.180134,15.655967,1,,
9021010001081000,Ängholmen,56.176077,15.650992,1,,
9021010001082000,Verkö,56.173033,15.644565,1,,
9021010001083000,Toras väg,56.170875,15.642529,1,,
9021010001084000,Roxtec Verkö,56.164237,15.634864,1,,
9021010001086000,NKT Verkö,56.166427,15.640745,1,,
9021010001089000,Hästö idrottsplats,56.180646,15.617335,1,,
9021010001090000,Herrgårdsvägen,56.181264,15.621696,1,,
9021010001091000,Hästö,56.181951,15.625155,1,,
9021010001095000,Chapmansplan,56.161834,15.576724,1,,
9021010001101000,Uranvägen Torskors,56.214581,15.638894,1,,
9021010001106000,Gullberna station,56.191451,15.623677,1,,
9021010001108000,Ringöbron,56.190918,15.654669,1,,
9021010001109000,Lallerstedts gata,56.195481,15.634708,1,,
9021010001112000,Hultvägen,56.192507,15.62707,1,,
9021010001114000,Knösö,56.189053,15.664485,1,,
9021010001115000,Saltö,56.165868,15.56775,1,,
9021010001116000,Saltö torg,56.164414,15.568484,1,,
9021010001119000,Ekholmen,56.163829,15.572366,1,,
9021010001122000,Tullparken,56.173881,15.588212,1,,
9021010001123000,Strandgatan,56.176711,15.583703,1,,
9021010001124000,Långö,56.179408,15.580596,1,,
9021010001125000,Lagmansgatan,56.176859,15.581416,1,,
9021010001126000,Egilslunden,56.174392,15.582864,1,,
9021010001127000,Ordensgatan,56.174827,15.584986,1,,
9021010001128000,Monsunen,56.180762,15.59996,1,,
9021010001133000,Angöringen,56.207259,15.644227,1,,
9021010001134000,Kvarngatan,56.172879,15.590648,1,,
9021010001135000,Galgamarkstrappan,56.176935,15.593749,1,,
9021010001136000,Lösen,56.197289,15.682014,1,,
9021010001139000,Sturkövägen,56.184353,15.71982,1,,
9021010001140000,Ramdala,56.18567,15.765957,1,,
9021010001143000,Rosenhill,56.183904,15.77691,1,,
9021010001144000,Vallby,56.184382,15.791387,1,,
9021010001145000,Duverum,56.186781,15.808538,1,,
9021010001146000,Ekedalsvägen,56.190892,15.828913,1,,
9021010001147000,Jämjö centrum,56.191969,15.835051,1,,
9021010001148000,Klakebäcksvägen,56.193493,15.84367,1,,
9021010001149000,Jämjö Parkvägen,56.191659,15.849064,1,,
9021010001150000,Ekerydsvägen,56.199974,15.854422,1,,
9021010001151000,N Binga,56.213575,15.883319,1,,
9021010001152000,Käxelåkra,56.22377,15.905038,1,,
9021010001153000,Törnåkra,56.232238,15.917702,1,,
9021010001154000,Enkullen,56.236122,15.922583,1,,
9021010001157000,Fågelmara,56.259993,15.949021,1,,
9021010001160000,Milastensvägen,56.281223,15.977806,1,,
9021010001161000,Björkedal,56.289283,15.987676,1,,
9021010001162000,Brömsebro,56.29854,16.001013,1,,
9021010001163000,Kristianopel,56.257778,16.041112,1,,
9021010001165000,E22,56.202792,15.858341,1,,
9021010001166000,Gröna huset,56.218704,15.863923,1,,
9021010001167000,Häcken,56.226236,15.870722,1,,
9021010001168000,Ekeryd,56.23397,15.884538,1,,
9021010001169000,Sillesåsvägen,56.249014,15.907797,1,,
9021010001170000,Flyerydsvägen,56.257997,15.934557,1,,
9021010001171000,S Fågelmara,56.259797,15.939613,1,,
9021010001172000,Fågelmara skola,56.26387,15.950827,1,,
9021010001173000,Vattentornet,56.260951,15.951413,1,,
9021010001174000,Söremåla,56.257252,15.996996,1,,
9021010001175000,Eklunda,56.254668,16.012326,1,,
9021010001176000,Bråtelycke,56.24524,16.005114,1,,
9021010001177000,Rörsängsgatan,56.253168,16.022901,1,,
9021010001178000,Karlstorp,56.255655,16.032935,1,,
9021010001179000,Fågelmara gård,56.232697,15.997487,1,,
9021010001180000,Stålemara,56.224581,15.989902,1,,
9021010001181000,Olsäng,56.215435,15.97993,1,,
9021010001182000,Törnåkravägen,56.214869,15.973287,1,,
9021010001183000,Olofshem,56.211276,15.966857,1,,
9021010001184000,Klakebäck,56.199558,15.950521,1,,
9021010001185000,Hjälmserydsv,56.204052,15.939339,1,,
9021010001186000,Orranäs gata,56.204281,15.925886,1,,
9021010001187000,Skogsvägen,56.17771,15.600636,1,,
9021010001188000,Horsarydsvägen,56.202885,15.910253,1,,
9021010001189000,Skearydsvägen,56.198498,15.904474,1,,
9021010001190000,Björkdalavägen,56.200526,15.894974,1,,
9021010001191000,Mariedalsvägen,56.196766,15.877148,1,,
9021010001192000,Sofieborgsvägen,56.191576,15.855217,1,,
9021010001193000,N Orranäs,56.193184,15.948113,1,,
9021010001194000,Gullholma,56.183969,15.940961,1,,
9021010001195000,N Attanäs,56.178235,15.935965,1,,
9021010001196000,Björkenäs,56.168086,15.927448,1,,
9021010001197000,Björkenäs kvarn,56.16476,15.921434,1,,
9021010001198000,Bredäng,56.158446,15.91163,1,,
9021010001199000,Konungshamn,56.150137,15.902323,1,,
9021010001200000,Långenabben,56.143083,15.896209,1,,
9021010001201000,Flyetvägen,56.140929,15.894338,1,,
9021010001202000,Sibbaboda,56.134232,15.888999,1,,
9021010001203000,Annebergsvägen,56.128038,15.885239,1,,
9021010001204000,Hamnvägen,56.122131,15.880613,1,,
9021010001205000,Svanhalla,56.118507,15.873339,1,,
9021010001206000,S Svanhalla,56.112957,15.872124,1,,
9021010001207000,Orranäs,56.187926,15.944437,1,,
9021010001208000,Attanäs,56.170651,15.930837,1,,
9021010001209000,Truseryd,56.108748,15.866539,1,,
9021010001210000,Sandhamns ek,56.103291,15.859138,1,,
9021010001211000,Sandhamn,56.095849,15.849954,1,,
9021010001212000,Torhamn,56.094803,15.834432,1,,
9021010001213000,St Måns väg,56.098603,15.825469,1,,
9021010001214000,Gisslevik,56.106158,15.816071,1,,
9021010001215000,Möckleryd,56.117015,15.824337,1,,
9021010001216000,Möcklerydsv,56.122834,15.830739,1,,
9021010001217000,Steneryd,56.126452,15.833346,1,,
9021010001218000,Hammarsvägen,56.132461,15.830841,1,,
9021010001219000,Stora Rom,56.140769,15.82742,1,,
9021010001220000,Branthalla,56.146841,15.827745,1,,
9021010001221000,Hallaslättslyckan,56.156657,15.828925,1,,
9021010001222000,Hallarums backe,56.163365,15.83012,1,,
9021010001223000,Hallarum,56.172211,15.835004,1,,
9021010001224000,S Binga,56.183124,15.830616,1,,
9021010001225000,Jändelskolan,56.187381,15.828348,1,,
9021010001227000,Torstäva vsk,56.183706,15.719483,1,,
9021010001228000,Torsnäsvägen,56.175051,15.72253,1,,
9021010001229000,Torstäva,56.172021,15.731906,1,,
9021010001230000,Trummenäsvägen,56.170364,15.739974,1,,
9021010001231000,Gängletorp,56.167655,15.746965,1,,
9021010001232000,Möcklö,56.151657,15.761359,1,,
9021010001233000,Karlsberg,56.145899,15.757939,1,,
9021010001234000,Möcklöbron,56.141658,15.752265,1,,
9021010001235000,Västernäs,56.131296,15.739109,1,,
9021010001236000,Senoren,56.12357,15.73581,1,,
9021010001237000,Skällö,56.116094,15.729651,1,,
9021010001238000,Skällenäs,56.110618,15.71886,1,,
9021010001239000,Dragsvik,56.110711,15.711402,1,,
9021010001240000,Frändatorp,56.11232,15.701979,1,,
9021010001241000,Bredavik,56.114017,15.69114,1,,
9021010001242000,Kvarnen,56.112957,15.681579,1,,
9021010001243000,Hålan,56.112907,15.676869,1,,
9021010001244000,Sturkö skola,56.112076,15.680762,1,,
9021010001245000,Ryd,56.106128,15.687579,1,,
9021010001246000,Killevägen,56.102754,15.690482,1,,
9021010001247000,Strannakullen,56.099415,15.692854,1,,
9021010001248000,Skallatorp,56.094638,15.694331,1,,
9021010001249000,Uttorp,56.091738,15.69511,1,,
9021010001250000,Sturkö kyrka,56.087912,15.695009,1,,
9021010001251000,Sturköhallen,56.114483,15.672636,1,,
9021010001252000,Tockatorp,56.114392,15.663747,1,,
9021010001253000,Sanda,56.115872,15.654369,1,,
9021010001255000,Smedvägen,56.111691,15.650351,1,,
9021010001256000,Kungastenen,56.10819,15.644676,1,,
9021010001257000,Djupasund,56.109248,15.624548,1,,
9021010001258000,Lejonbacken,56.112229,15.612157,1,,
9021010001259000,Tjurkö kyrka,56.11669,15.615832,1,,
9021010001260000,Sundetvägen,56.119194,15.620932,1,,
9021010001261000,St Lycke,56.123359,15.625623,1,,
9021010001262000,Säby,56.166887,15.756721,1,,
9021010001264000,Tockamålav. E22,56.281311,15.978953,1,,
9021010001268000,Appleryd,56.310094,15.985949,1,,
9021010001275000,Råbacken,56.209286,15.663105,1,,
9021010001277000,Mölletorp,56.217268,15.670038,1,,
9021010001278000,Augerums kyrka,56.217195,15.676921,1,,
9021010001279000,Mariefors,56.22123,15.67889,1,,
9021010001280000,Mölleåker,56.227794,15.687332,1,,
9021010001281000,Lyckeåborg,56.22935,15.689182,1,,
9021010001282000,Krokebro,56.24823,15.712643,1,,
9021010001283000,Trollberget,56.256645,15.725869,1,,
9021010001284000,Sandbäcksmåla,56.260241,15.731315,1,,
9021010001285000,Mariefröjd,56.272117,15.737474,1,,
9021010001286000,Kättilsmåla,56.276535,15.736368,1,,
9021010001287000,Strågeryd,56.26869,15.743839,1,,
9021010001288000,Giserydsvägen,56.273816,15.759246,1,,
9021010001289000,Trollemåla,56.27869,15.781841,1,,
9021010001290000,Fabbemåla vsk,56.28585,15.807817,1,,
9021010001291000,S Sälleryd,56.290671,15.827406,1,,
9021010001292000,Sälleryd,56.293378,15.846916,1,,
9021010001294000,Berget,56.207585,15.632833,1,,
9021010001295000,Torskors,56.210793,15.633592,1,,
9021010001300000,Bubbetorp,56.229412,15.628559,1,,
9021010001302000,Rödeby Ek,56.248074,15.621955,1,,
9021010001304000,Rödeby centrum,56.260695,15.618054,1,,
9021010001306000,Rödebyskolan,56.265046,15.620599,1,,
9021010001307000,Rödebyholm,56.266933,15.621203,1,,
9021010001308000,Granitvägen,56.270048,15.620833,1,,
9021010001309000,Viadukten,56.275507,15.619822,1,,
9021010001310000,Kestorp,56.278335,15.625135,1,,
9021010001311000,Trastvägen,56.257268,15.626413,1,,
9021010001312000,Stationsvägen,56.254494,15.627474,1,,
9021010001313000,Mörtövägen,56.251662,15.624971,1,,
9021010001314000,Skärvaboda,56.28617,15.634173,1,,
9021010001315000,Yasjö,56.296647,15.651375,1,,
9021010001316000,Viökvarnsvägen,56.300778,15.658741,1,,
9021010001317000,Viövägen,56.309052,15.67695,1,,
9021010001318000,Stubbelycke,56.309515,15.682312,1,,
9021010001319000,Göksjöholm,56.312599,15.694938,1,,
9021010001320000,Lillö,56.319781,15.714084,1,,
9021010001321000,Bromålavägen,56.318744,15.720082,1,,
9021010001322000,Allsjömåla,56.318378,15.738457,1,,
9021010001323000,Fjärdsjömåla,56.33864,15.740717,1,,
9021010001324000,N Flymen,56.347115,15.75356,1,,
9021010001325000,S Fjärdsjömåla,56.331725,15.741117,1,,
9021010001326000,Hildehult,56.286366,15.620641,1,,
9021010001327000,S Svensgöl,56.296906,15.617779,1,,
9021010001328000,Stengöl,56.308411,15.624347,1,,
9021010001329000,Granholmen,56.309332,15.609785,1,,
9021010001330000,Ekekullen,56.311148,15.599726,1,,
9021010001331000,Spjutsbygd,56.311551,15.59402,1,,
9021010001332000,Skogsvägen,56.31135,15.586944,1,,
9021010001333000,Spjutsbygds vsk,56.312227,15.580169,1,,
9021010001334000,Rydsvägen,56.325174,15.578169,1,,
9021010001335000,Tvingelshed,56.330847,15.576615,1,,
9021010001336000,Kuleryd,56.346023,15.575797,1,,
9021010001337000,Strandhem,56.355995,15.577516,1,,
9021010001338000,Kvarnagårdsvägen,56.361965,15.576574,1,,
9021010001339000,Strandvägen,56.371256,15.569495,1,,
9021010001340000,Nävragöl,56.374225,15.567696,1,,
9021010001342000,Svensgöl,56.300618,15.61978,1,,
9021010001343000,Norra Svensgöl,56.303695,15.623658,1,,
9021010001344000,Staffansbygd,56.383216,15.559287,1,,
9021010001345000,Nävrasjö,56.388989,15.558197,1,,
9021010001346000,Sillhövda,56.401163,15.552045,1,,
9021010001348000,Sillhövda kyrka,56.411816,15.544311,1,,
9021010001349000,Brödlösevägen,56.416171,15.544038,1,,
9021010001350000,Holmsjö,56.421646,15.542088,1,,
9021010001351000,Eringsbodavägen,56.426626,15.536041,1,,
9021010001352000,Sofieberg,56.45191,15.568734,1,,
9021010001353000,Södra Fur,56.454908,15.582339,1,,
9021010001354000,Åbyholmsvägen,56.4604,15.589816,1,,
9021010001355000,Fur,56.464509,15.592924,1,,
9021010001356000,Saleboda vsk,56.473893,15.597269,1,,
9021010001357000,Furs Sjukhus,56.475735,15.592715,1,,
9021010001358000,Hörnsjö,56.438679,15.549265,1,,
9021010001359000,Hörydavägen,56.307549,15.580778,1,,
9021010001360000,Bostorp,56.302404,15.581535,1,,
9021010001361000,Lugna Dal,56.290498,15.582881,1,,
9021010001362000,Uddabygd,56.274018,15.587949,1,,
9021010001366000,Kemivägen,56.261657,15.612886,1,,
9021010001367000,Johannesberg,56.261672,15.605447,1,,
9021010001368000,Högklint,56.269236,15.590429,1,,
9021010001369000,Emmeryd,56.269304,15.578534,1,,
9021010001370000,Missionshuset,56.26912,15.557343,1,,
9021010001371000,Pålycke,56.269255,15.548772,1,,
9021010001372000,Smedjetorpsvägen,56.274726,15.532706,1,,
9021010001373000,Fridlevstad,56.270911,15.542014,1,,
9021010001374000,Höryda,56.286506,15.508192,1,,
9021010001375000,Bröstorp,56.292283,15.494355,1,,
9021010001376000,Bråstorp,56.29615,15.482678,1,,
9021010001377000,Berg,56.299867,15.475362,1,,
9021010001378000,Byasjövägen,56.302182,15.47132,1,,
9021010001379000,Tving,56.30629,15.466065,1,,
9021010001380000,Bygatan Tving,56.311486,15.458199,1,,
9021010001381000,Måstad,56.318727,15.446255,1,,
9021010001382000,Kallingevägen,56.321881,15.443995,1,,
9021010001383000,Marieberg Tving,56.326023,15.441305,1,,
9021010001384000,Alnaryd,56.341106,15.430844,1,,
9021010001385000,Skärfva by,56.21263,15.56198,1,,
9021010001386000,Bergtorpsvägen,56.312179,15.627803,1,,
9021010001387000,Offamåla,56.316705,15.633567,1,,
9021010001388000,Idehult,56.329253,15.641722,1,,
9021010001389000,Strömsberg,56.333083,15.645117,1,,
9021010001390000,Strömsbergs skola,56.336796,15.647575,1,,
9021010001391000,Långemålavägen,56.346083,15.648911,1,,
9021010001392000,Figgamålaväg,56.356973,15.645938,1,,
9021010001393000,Falan,56.367103,15.645669,1,,
9021010001394000,S Buggamåla,56.374331,15.644182,1,,
9021010001395000,N Buggamåla,56.380759,15.642957,1,,
9021010001396000,Bjurabyggetv,56.38683,15.642348,1,,
9021010001397000,Åsen,56.394217,15.639321,1,,
9021010001398000,Ärkilsmåla,56.40212,15.639578,1,,
9021010001399000,Stensborg,56.40883,15.647567,1,,
9021010001400000,Ledja,56.416112,15.661162,1,,
9021010001401000,Skolhpl,56.26413,15.620765,1,,
9021010001402000,Silleboda,56.209011,15.601774,1,,
9021010001403000,Nättraby hörnet,56.206879,15.530724,1,,
9021010001404000,Nättraby E22,56.207261,15.528804,1,,
9021010001405000,Bjärby,56.202325,15.511149,1,,
9021010001406000,Skillinge,56.200661,15.499078,1,,
9021010001407000,Bjärbylund,56.198027,15.480444,1,,
9021010001408000,Skönstavik,56.200792,15.606828,1,,
9021010001409000,Karlsgärde,56.205135,15.604034,1,,
9021010001412000,Såglyckan,56.211054,15.551258,1,,
9021010001413000,Bokskogsvägen,56.210513,15.541302,1,,
9021010001414000,Dalby,56.204353,15.537687,1,,
9021010001415000,Nättraby kyrka,56.201361,15.537144,1,,
9021010001416000,Åvägen,56.203259,15.534714,1,,
9021010001417000,Nättraby skola,56.204728,15.528838,1,,
9021010001418000,Benabacken,56.201143,15.531909,1,,
9021010001419000,Roslundavägen,56.197182,15.532066,1,,
9021010001420000,Granitvägen,56.193488,15.534541,1,,
9021010001421000,Ängsvägen,56.190299,15.530489,1,,
9021010001424000,Mjövikstrandsv,56.187824,15.527785,1,,
9021010001425000,Dalamad,56.188371,15.515766,1,,
9021010001426000,Grönadal,56.186596,15.509579,1,,
9021010001427000,Skillingenäs,56.184673,15.505326,1,,
9021010001428000,Färmanstorpsv,56.185135,15.499782,1,,
9021010001429000,Rosenholm,56.212755,15.601416,1,,
9021010001430000,Allatorps gård,56.220595,15.59059,1,,
9021010001431000,Allévägen,56.216413,15.597754,1,,
9021010001432000,Allatorp,56.218689,15.594453,1,,
9021010001433000,Boråkra,56.223589,15.5824,1,,
9021010001438000,Nättrabyån,56.208581,15.532694,1,,
9021010001441000,Näsvägen,56.117884,15.458888,1,,
9021010001442000,Hallarna,56.113758,15.454489,1,,
9021010001443000,Tångenvägen,56.111611,15.457369,1,,
9021010001450000,Hasslö,56.115234,15.475293,1,,
9021010001452000,Fabian Månssons väg,56.112499,15.470076,1,,
9021010001453000,Horn (Kyrkan),56.11843,15.481326,1,,
9021010001460000,Råsens vsk E22,56.302465,16.005992,1,,
9021010001461000,Stubbemåla/Råsen vsk,56.287154,16.031571,1,,
9021010001462000,Masten vsk,56.26735,16.031955,1,,
9021010001463000,Kristanopel vsk,56.26203,16.03883,1,,
9021010001466000,Tving skola,56.306776,15.466481,1,,
9021010001468000,Bränteknuva vsk,56.243859,15.558846,1,,
9021010001469000,Målatorps vsk,56.2492,15.528049,1,,
9021010001470000,Gillabro,56.25643,15.512524,1,,
9021010001471000,Mommelycke,56.27099,15.513074,1,,
9021010001472000,Björkeryd,56.264512,15.508282,1,,
9021010001474000,Harstorp,56.241478,15.562829,1,,
9021010001482000,Allatorp norra,56.229239,15.583028,1,,
9021010001483000,Bränteknuva by,56.245754,15.541236,1,,
9021010001486000,Verkö färjeterminalen,56.16477,15.630837,1,,
9021010001487000,Brofästet,56.136695,15.742139,1,,
9021010001489000,Skärva,56.211423,15.569772,1,,
9021010001491000,Nättraby centrum,56.199896,15.536494,1,,
9021010001505000,Alvarsmåla,56.43373,15.463421,1,,
9021010001506000,Grönadals brygga,56.174544,15.517432,1,,
9021010001600000,Karlskrona centralstation,56.166709,15.585387,1,,
9021010001601000,Karlskrona centrum,56.163145,15.586325,1,,
9021010001609000,Järavägen,56.201812,15.64077,1,,
9021010001619000,Amiralitetstorget,56.159065,15.58498,1,,
9021010001621000,Gullberna,56.193286,15.631818,1,,
9021010001809000,Nävragöl slingan,56.375515,15.565843,1,,
9021010001921000,Handelshamnen,56.163432,15.596737,1,,
9021010001927000,Campus Gräsvik,56.180634,15.592908,1,,
9021010001933000,NKT Arena Karlskrona,56.217178,15.60381,1,,
9021010001934000,Lyckeby Slottsbacken,56.197494,15.649053,1,,
9021010001936000,Wämöparken,56.178717,15.612353,1,,
9021010001937000,Lokstallarna,56.1687,15.584072,1,,
9021010001941000,Bredavik brygga,56.116131,15.686053,1,,
9021010001942000,Hasslö Horns brygga,56.118314,15.488674,1,,
9021010001955000,Trummenäs brygga,56.160224,15.724541,1,,
9021010002000000,Ronneby Resecentrum,56.206433,15.283852,1,,
9021010002002000,Kulturcentrum,56.211223,15.28037,1,,
9021010002003000,Rydenskan,56.218002,15.28197,1,,
9021010002004000,Djupadal,56.226613,15.27945,1,,
9021010002005000,Lindvägen,56.238709,15.285428,1,,
9021010002006000,Kallinge kyrka,56.24173,15.29071,1,,
9021010002007000,Kallinge torg,56.246026,15.286926,1,,
9021010002009000,Kallinge skola,56.24415,15.282903,1,,
9021010002010000,Järnvallen,56.248644,15.279615,1,,
9021010002011000,Häggdalavägen,56.242889,15.277904,1,,
9021010002012000,Linfältsvägen,56.244456,15.276866,1,,
9021010002013000,Vallmovägen,56.246606,15.277595,1,,
9021010002014000,Fanjunkarevägen,56.250518,15.283106,1,,
9021010002015000,Hangarvägen,56.254506,15.285327,1,,
9021010002016000,Kallinge F17,56.258588,15.286385,1,,
9021010002020000,Bredåkra kyrka,56.255546,15.251818,1,,
9021010002021000,Ronneby torg,56.210969,15.277602,1,,
9021010002022000,Stadshusbron,56.212253,15.273523,1,,
9021010002023000,Stadshuset Maxi,56.214131,15.271482,1,,
9021010002024000,Sörby,56.218929,15.267901,1,,
9021010002026000,Olsgården,56.245895,15.294477,1,,
9021010002027000,Almvägen,56.237075,15.296416,1,,
9021010002029000,Lindvägen södra,56.235047,15.290429,1,,
9021010002031000,Svärtavägen,56.176166,15.279497,1,,
9021010002032000,Sörbydal Norra,56.23908,15.254942,1,,
9021010002033000,Dammarnas vsk,56.245687,15.248315,1,,
9021010002035000,Strandgatan,56.210753,15.273447,1,,
9021010002036000,Ronnebyhamn,56.176417,15.29867,1,,
9021010002038000,Rönninge,56.192732,15.293445,1,,
9021010002039000,Ronneby Brunn Soft Center,56.196533,15.289625,1,,
9021010002041000,Hvidehus,56.201939,15.281013,1,,
9021010002042000,Övre Brunnsvägen,56.204921,15.278877,1,,
9021010002043000,Idrottplatsen,56.206189,15.275186,1,,
9021010002044000,Götgatan,56.207108,15.273755,1,,
9021010002045000,Söderbro,56.209262,15.27553,1,,
9021010002047000,Sjötorpet,56.173275,15.290372,1,,
9021010002048000,Ekenäsvägen,56.172774,15.286579,1,,
9021010002049000,Ekenäs badplats,56.172975,15.281038,1,,
9021010002050000,Lindekullen,56.179446,15.277938,1,,
9021010002051000,Tegelbruksvägen,56.183298,15.271476,1,,
9021010002052000,Sjövik,56.180802,15.265295,1,,
9021010002053000,Risanäs gård,56.178814,15.258608,1,,
9021010002054000,Risanäs,56.177439,15.250223,1,,
9021010002055000,Svanevik,56.175058,15.246136,1,,
9021010002056000,Sjöhaga,56.171481,15.239619,1,,
9021010002057000,Saxemara,56.167769,15.229243,1,,
9021010002058000,Spjälkö vsk,56.165282,15.221876,1,,
9021010002059000,Spjälkö,56.162465,15.211263,1,,
9021010002060000,Dragsnäs gård,56.160936,15.201598,1,,
9021010002061000,Dragsnäs,56.163581,15.198708,1,,
9021010002062000,Trolleboda vsk,56.167821,15.179259,1,,
9021010002063000,Skönevik,56.166964,15.173108,1,,
9021010002064000,Bökevik,56.164239,15.161934,1,,
9021010002065000,Ö Vieryd,56.166221,15.156267,1,,
9021010002066000,Vieryds gård,56.16892,15.152084,1,,
9021010002067000,Vieryd,56.169853,15.148462,1,,
9021010002069000,Risatorp,56.193394,15.267582,1,,
9021010002072000,Älgbacken,56.200583,15.270559,1,,
9021010002073000,Knut Hahnsskolan,56.204136,15.271895,1,,
9021010002074000,Snäckebacksskolan,56.207068,15.270597,1,,
9021010002076000,Sörbycenter,56.217622,15.26476,1,,
9021010002080000,Bustorp,56.184973,15.272403,1,,
9021010002081000,Hjortahammars vsk,56.197541,15.469912,1,,
9021010002082000,Norra Esketorp,56.19269,15.469343,1,,
9021010002083000,Tromtesunda,56.179808,15.465027,1,,
9021010002084000,Esketorp,56.187196,15.466975,1,,
9021010002085000,Gnistan,56.177722,15.464048,1,,
9021010002086000,Gravfältet,56.169922,15.462459,1,,
9021010002087000,Almöbron,56.16634,15.459819,1,,
9021010002088000,Golfbanan,56.15708,15.450311,1,,
9021010002089000,Hasslöbron,56.131491,15.459312,1,,
9021010002090000,Espedalen,56.208645,15.267691,1,,
9021010002094000,Hjorthöjden,56.201631,15.255609,1,,
9021010002095000,Utmarksvägen,56.200148,15.265587,1,,
9021010002096000,Vidablick,56.199728,15.272262,1,,
9021010002098000,Telegatan,56.220545,15.259561,1,,
9021010002099000,Färmanstorp,56.176658,15.489771,1,,
9021010002100000,Gamla Hulta,56.20428,15.288844,1,,
9021010002101000,Parkdala,56.201759,15.295806,1,,
9021010002102000,Hulta Bro,56.201133,15.298714,1,,
9021010002103000,Eket,56.197424,15.323508,1,,
9021010002104000,Gärestad,56.197104,15.331212,1,,
9021010002105000,Binga vsk,56.195347,15.339063,1,,
9021010002106000,Bygdegården,56.193712,15.346315,1,,
9021010002107000,Leråkra,56.192289,15.352357,1,,
9021010002108000,Yxnarums vsk,56.192655,15.361711,1,,
9021010002109000,Björketorp,56.198681,15.37432,1,,
9021010002113000,Förkärla kyrka,56.197284,15.433652,1,,
9021010002115000,Torkebacken,56.197433,15.312005,1,,
9021010002116000,Bredåkra,56.256881,15.251169,1,,
9021010002117000,Hasselstad skola,56.265039,15.249857,1,,
9021010002118000,Hasselstad,56.272061,15.247511,1,,
9021010002119000,Övre Hasselstad,56.278093,15.241014,1,,
9021010002120000,Möllenäs,56.286356,15.217931,1,,
9021010002121000,Ettebro,56.29531,15.201141,1,,
9021010002122000,Silpinge vsk,56.30201,15.192054,1,,
9021010002123000,Fiskareby,56.314582,15.179248,1,,
9021010002124000,Bäckasjön,56.324507,15.173978,1,,
9021010002125000,Bäckasjögärde,56.333101,15.172186,1,,
9021010002126000,Backarydsskolan,56.341827,15.15765,1,,
9021010002127000,Backaryd,56.347768,15.153214,1,,
9021010002128000,Hejans vsk,56.361742,15.134709,1,,
9021010002129000,Skörje,56.36778,15.130185,1,,
9021010002130000,Hallagården Hallabro,56.386422,15.107157,1,,
9021010002131000,Hallabro,56.389503,15.102551,1,,
9021010002132000,Ulfsmåla,56.403322,15.080252,1,,
9021010002133000,Siggamåla,56.410553,15.066749,1,,
9021010002134000,Brovägen Ronneby,56.418165,15.054109,1,,
9021010002138000,Askvägen,56.386883,15.106145,1,,
9021010002139000,Lindås,56.382236,15.091256,1,,
9021010002140000,Askaremåla,56.383684,15.0747,1,,
9021010002141000,Svartasjövägen,56.387529,15.050875,1,,
9021010002142000,Snippen,56.388951,15.035353,1,,
9021010002144000,Belganet,56.388555,15.030827,1,,
9021010002145000,Hunnamåla,56.398026,15.038797,1,,
9021010002146000,Spelmansstigen,56.408727,15.035244,1,,
9021010002147000,Gummagölsvägen,56.416482,15.034553,1,,
9021010002148000,Öljehults kyrka,56.419562,15.041782,1,,
9021010002149000,Folkparksvägen,56.199851,15.292689,1,,
9021010002150000,Kalleberga skola,56.247445,15.295682,1,,
9021010002151000,Lönnamovägen,56.252422,15.302617,1,,
9021010002152000,Slåttervägen,56.255052,15.304551,1,,
9021010002153000,Kommungården,56.258369,15.307541,1,,
9021010002154000,Skuremåla vsk,56.265,15.314927,1,,
9021010002155000,Tranemosse,56.271925,15.3196,1,,
9021010002156000,S Bygget,56.277859,15.31678,1,,
9021010002157000,N Bygget,56.282199,15.315013,1,,
9021010002158000,Pänseryds gård,56.2895,15.314952,1,,
9021010002159000,Pänseryd,56.297689,15.312214,1,,
9021010002160000,Hammargärdet,56.306112,15.307485,1,,
9021010002161000,Bokön,56.314631,15.317667,1,,
9021010002162000,Tvings vsk,56.319393,15.315925,1,,
9021010002163000,Mållsjön,56.321604,15.309545,1,,
9021010002164000,Hembygdsparken,56.325769,15.295865,1,,
9021010002165000,Smedjan,56.337019,15.301503,1,,
9021010002166000,Lindet vsk,56.340835,15.299189,1,,
9021010002167000,Haraldsmåla,56.364604,15.294003,1,,
9021010002168000,Hjortseryd,56.384409,15.292426,1,,
9021010002169000,Ängsjömåla,56.396146,15.302988,1,,
9021010002170000,Spikahult,56.418225,15.295211,1,,
9021010002171000,Kolshult,56.424155,15.302537,1,,
9021010002172000,Nyhagen,56.426342,15.324079,1,,
9021010002173000,Övre Kolshult,56.428223,15.339031,1,,
9021010002174000,Brogölen,56.433794,15.349467,1,,
9021010002175000,Storegården,56.437241,15.359103,1,,
9021010002176000,Eringsboda kyrka,56.437114,15.363757,1,,
9021010002177000,Karlskronavägen,56.437318,15.367873,1,,
9021010002178000,Eringsboda,56.44034,15.364044,1,,
9021010002180000,Mjuamåla,56.442331,15.320148,1,,
9021010002181000,Makrilla,56.446437,15.304934,1,,
9021010002182000,Gitterås,56.44724,15.292697,1,,
9021010002183000,Pålsmåla,56.442653,15.269687,1,,
9021010002184000,Räntemåla väg,56.439567,15.250179,1,,
9021010002185000,Göljahult,56.438471,15.244035,1,,
9021010002186000,Boasjöbäck,56.432298,15.221919,1,,
9021010002187000,Hjorthålan,56.414894,15.208982,1,,
9021010002188000,Värmanshult vsk,56.409886,15.204022,1,,
9021010002189000,Modala,56.404429,15.192009,1,,
9021010002190000,Stora Porslösen,56.400545,15.182224,1,,
9021010002191000,Gunnerskulla,56.392334,15.171121,1,,
9021010002192000,Långsjöryd,56.378338,15.170383,1,,
9021010002193000,Mialyckan,56.365019,15.16855,1,,
9021010002194000,Stockholm,56.358195,15.168793,1,,
9021010002195000,Kättorp,56.242013,15.226707,1,,
9021010002196000,Kölja,56.247017,15.213743,1,,
9021010002197000,Näs,56.246119,15.199014,1,,
9021010002198000,Trofta,56.244991,15.188773,1,,
9021010002199000,Sjöarps vsk,56.231934,15.155815,1,,
9021010002200000,Naturbruksgymnasiet,56.223175,15.123706,1,,
9021010002201000,Gamla Riksvägen,56.222749,15.116475,1,,
9021010002203000,Tromtesunda by,56.175868,15.479408,1,,
9021010002204000,Tingsgården,56.22443,15.118428,1,,
9021010002205000,Bräkne Hoby grundskola,56.227194,15.117975,1,,
9021010002206000,Häradsvägen Bräkne-Hoby,56.229607,15.115901,1,,
9021010002207000,Bräkne Hoby,56.2308,15.115637,1,,
9021010002208000,Aspvägen,56.223647,15.111607,1,,
9021010002209000,Hallagården Bräkne hoby,56.219023,15.100794,1,,
9021010002210000,Evaryd,56.215602,15.094635,1,,
9021010002211000,Fåglaslätt,56.212174,15.085786,1,,
9021010002216000,Fundersmåla,56.43711,15.418956,1,,
9021010002221000,Smedjevägen,56.200709,15.403233,1,,
9021010002223000,Djurtorpsvägen,56.210822,15.406011,1,,
9021010002224000,Östermarksvägen,56.219133,15.412695,1,,
9021010002225000,Ålycke,56.224749,15.416216,1,,
9021010002226000,Johannishus station,56.226782,15.42021,1,,
9021010002227000,Trädgårdsmästeriet,56.220576,15.411826,1,,
9021010002228000,Tvingsvägen,56.220037,15.403191,1,,
9021010002229000,Djurtorp,56.220062,15.400112,1,,
9021010002230000,Edestad,56.218619,15.366633,1,,
9021010002231000,Edestad kyrka,56.217039,15.359446,1,,
9021010002232000,Levalunda,56.206368,15.341974,1,,
9021010002233000,Binga,56.198167,15.341687,1,,
9021010002235000,Knut Hahn skolhpl,56.203551,15.273547,1,,
9021010002236000,Hellmansgården,56.190342,15.396673,1,,
9021010002237000,N Yxnarum,56.182661,15.377624,1,,
9021010002238000,Helgövägen,56.185582,15.386192,1,,
9021010002239000,Yxnarum,56.181237,15.373598,1,,
9021010002240000,S Yxnarum,56.173382,15.369324,1,,
9021010002241000,Bredäng Ronneby,56.164657,15.368167,1,,
9021010002242000,Smedgården,56.161433,15.365677,1,,
9021010002243000,Bandyvägen,56.20111,15.259547,1,,
9021010002244000,Kullagården,56.156765,15.363992,1,,
9021010002245000,Torkö vsk,56.153648,15.368679,1,,
9021010002246000,Lunnatorp,56.147117,15.370812,1,,
9021010002247000,Solhem Ronneby,56.14532,15.368226,1,,
9021010002248000,Kuggeboda,56.140319,15.366063,1,,
9021010002249000,Styrsviks vsk,56.137011,15.357641,1,,
9021010002250000,Fällö vägskäl,56.140085,15.348436,1,,
9021010002251000,Korsanäs,56.140665,15.342815,1,,
9021010002252000,Gövägen,56.139934,15.341682,1,,
9021010002253000,Köpe vsk,56.135493,15.338261,1,,
9021010002255000,Millegarne badplats,56.133709,15.320575,1,,
9021010002256000,Gökalv,56.134455,15.311495,1,,
9021010002257000,N Gö,56.130925,15.311604,1,,
9021010002258000,Gö vändplats,56.12871,15.312389,1,,
9021010002259000,Millegarne gård,56.133611,15.330001,1,,
9021010002260000,Björkvägen,56.240632,15.292305,1,,
9021010002261000,Heaby,56.172909,15.333749,1,,
9021010002262000,Oxlaby,56.163909,15.335807,1,,
9021010002263000,Göholm,56.160741,15.336296,1,,
9021010002264000,Fällöstrand,56.147435,15.342235,1,,
9021010002272000,Soft Center,56.198318,15.291276,1,,
9021010002275000,Påtorp,56.196354,15.298503,1,,
9021010002277000,Fornanäsvägen,56.196468,15.29354,1,,
9021010002283000,Hajvar,56.140101,15.455101,1,,
9021010002284000,Slätthammar,56.151911,15.448557,1,,
9021010002285000,Flygplatsen (Kallingev),56.253599,15.268592,1,,
9021010002288000,Ronneby Airport,56.254315,15.267921,1,,
9021010002301000,Listerby E22,56.199072,15.402364,1,,
9021010002302000,Elevhemsvägen,56.214782,15.26638,1,,
9021010002312000,Kolshultakvarn,56.403766,15.297462,1,,
9021010002315000,Viggenområdet,56.234514,15.262329,1,,
9021010002316000,Djupafors,56.240295,15.265698,1,,
9021010002317000,Lugnet,56.210199,15.267879,1,,
9021010002319000,Formarevägen,56.248904,15.287903,1,,
9021010002320000,Älgvägen,56.253132,15.289653,1,,
9021010002323000,Östra piren Marinan,56.17521,15.302196,1,,
9021010003006000,Nya Stan,56.172106,14.857905,1,,
9021010003007000,City Gross,56.176205,14.856098,1,,
9021010003008000,Gustavsborg,56.178391,14.855287,1,,
9021010003009000,Baldersvägen,56.181707,14.852145,1,,
9021010003010000,Sjukhuset,56.185584,14.849327,1,,
9021010003011000,Janneberg,56.190295,14.845376,1,,
9021010003012000,Notavalla,56.198168,14.837897,1,,
9021010003013000,Asarum kyrka,56.205241,14.833981,1,,
9021010003014000,Asarum Storgatan,56.208994,14.833821,1,,
9021010003015000,Ringvägen,56.211484,14.834113,1,,
9021010003016000,Häradsvägen,56.215516,14.833914,1,,
9021010003017000,Södra Tostarp,56.219367,14.832591,1,,
9021010003018000,Travbanan,56.221625,14.828488,1,,
9021010003019000,Rå,56.225066,14.820694,1,,
9021010003020000,Gungvala,56.233453,14.805885,1,,
9021010003021000,Danstorp,56.240694,14.79518,1,,
9021010003022000,Pustebacken,56.244228,14.790135,1,,
9021010003023000,Marieborg,56.253062,14.780963,1,,
9021010003025000,Svängsta kyrka,56.25839,14.773672,1,,
9021010003026000,Svängsta centrum,56.263289,14.770942,1,,
9021010003032000,Stora vägen,56.257792,14.778416,1,,
9021010003033000,Sjukhuset huvudentré,56.186544,14.851558,1,,
9021010003035000,Johans väg,56.300281,14.77923,1,,
9021010003036000,Recordvägen,56.259796,14.776426,1,,
9021010003038000,Öjavad,56.263797,14.76515,1,,
9021010003039000,Halda,56.261138,14.768289,1,,
9021010003040000,Svängsta sporthall,56.259516,14.771866,1,,
9021010003049000,Mörrum Kungsvägen,56.197457,14.743684,1,,
9021010003050000,Mörrum Stationsvägen,56.191865,14.744129,1,,
9021010003055000,Offerkällan,56.202037,14.827375,1,,
9021010003056000,Verkstadsvägen,56.201087,14.818667,1,,
9021010003057000,Hannetorp Karlshamn,56.203034,14.808353,1,,
9021010003058000,Torarpsvägen,56.204495,14.802401,1,,
9021010003059000,Ingärdahej,56.204123,14.795337,1,,
9021010003060000,Gillabro,56.203163,14.786661,1,,
9021010003062000,Transformatorvägen,56.196369,14.766833,1,,
9021010003063000,Hästaryd,56.194752,14.75618,1,,
9021010003064000,Mörrums kyrka,56.193793,14.750052,1,,
9021010003065000,Mörrum Bygatan,56.19731,14.746427,1,,
9021010003066000,Perstorps vägskäl,56.192156,14.736212,1,,
9021010003067000,Kråketorp,56.189609,14.711026,1,,
9021010003068000,Galleryda vsk,56.192083,14.695346,1,,
9021010003069000,Gustavstorp skolan,56.191318,14.682289,1,,
9021010003070000,N Skörsemo,56.18676,14.675883,1,,
9021010003071000,Skörsemo vsk,56.179715,14.675494,1,,
9021010003072000,Skärpinge vsk,56.171726,14.678917,1,,
9021010003076000,Vekerumsvägen,56.18077,14.850494,1,,
9021010003077000,Horsarydsvägen,56.179124,14.842145,1,,
9021010003078000,Knutsberg,56.172577,14.82732,1,,
9021010003080000,Viadukten E22,56.184314,14.768705,1,,
9021010003081000,Jössarinken,56.188071,14.761613,1,,
9021010003082000,Lindegårdsvägen,56.193549,14.754054,1,,
9021010003086000,Färjeterminal Karlshamn,56.162209,14.836034,1,,
9021010003087000,Elleholms trafikplats,56.180574,14.733635,1,,
9021010003088000,Stensnäs,56.172302,14.705996,1,,
9021010003089000,Nissabacken,56.169067,14.691777,1,,
9021010003091000,Pukavik,56.163459,14.680511,1,,
9021010003092000,Ämneboda vsk,56.293137,14.776692,1,,
9021010003093000,Pieboda,56.311537,14.779558,1,,
9021010003094000,Bengtsboda,56.319412,14.778296,1,,
9021010003095000,Öjamåla vsk,56.329628,14.778701,1,,
9021010003096000,Kullemåla,56.342531,14.786019,1,,
9021010003097000,Ringamåla kyrka,56.333829,14.797084,1,,
9021010003098000,Gyngamåla vsk,56.32831,14.831307,1,,
9021010003099000,Avundstorp,56.327755,14.853451,1,,
9021010003100000,Dannemark,56.328436,14.874417,1,,
9021010003101000,Tostarps by,56.226592,14.831957,1,,
9021010003102000,Tostarp,56.235483,14.831796,1,,
9021010003103000,Norra Tostarp,56.243704,14.835684,1,,
9021010003104000,S Hoka,56.255138,14.839218,1,,
9021010003106000,Per Nils Hoka,56.270387,14.847017,1,,
9021010003107000,Hokadal,56.286746,14.853341,1,,
9021010003108000,Getabron,56.291531,14.856614,1,,
9021010003109000,Norrefors,56.295687,14.858691,1,,
9021010003110000,Älmta vsk,56.306012,14.862975,1,,
9021010003111000,Grimsmåla,56.323971,14.874332,1,,
9021010003114000,Prästslätten,56.180165,14.861765,1,,
9021010003116000,Norra Prästslätten,56.186074,14.864084,1,,
9021010003117000,Fridhem,56.186166,14.858509,1,,
9021010003118000,Sjukhuset Länsmansvägen,56.18573,14.852013,1,,
9021010003119000,ICA Maxi Janneberg,56.195285,14.844817,1,,
9021010003120000,Södra Korpadalen,56.197943,14.848246,1,,
9021010003121000,Korpadalen,56.202812,14.85067,1,,
9021010003122000,Korpadalsskolan,56.20596,14.851333,1,,
9021010003123000,Östralycke,56.20742,14.849637,1,,
9021010003124000,Vingatorpsvägen,56.207406,14.84316,1,,
9021010003127000,Kreativum,56.193344,14.851744,1,,
9021010003128000,Väggaskolan,56.166289,14.871297,1,,
9021010003141000,Österslättskolan,56.16832,14.87033,1,,
9021010003142000,Bodetorpskolan,56.168949,14.87149,1,,
9021010003143000,Tennishallen Bodetorpsv,56.168139,14.877289,1,,
9021010003144000,Skogsborg,56.167249,14.881963,1,,
9021010003145000,Kolleviksvägen,56.169146,14.889403,1,,
9021010003146000,Stockholmsledet,56.17393,14.901187,1,,
9021010003147000,Västra Dala,56.179551,14.90843,1,,
9021010003148000,Östra Dala,56.182221,14.91497,1,,
9021010003149000,Tokaryd,56.185153,14.920539,1,,
9021010003150000,Aplakärr,56.190792,14.927851,1,,
9021010003151000,Kopprarp,56.19906,14.933623,1,,
9021010003152000,Hällaryd vsk,56.199381,14.944813,1,,
9021010003153000,Åldersdomshemmet,56.202458,14.946984,1,,
9021010003154000,Hällaryd skola,56.20459,14.947339,1,,
9021010003156000,Trensum,56.198534,14.950954,1,,
9021010003157000,Galgabacken,56.202596,14.980382,1,,
9021010003158000,Korsliden,56.207296,14.988821,1,,
9021010003159000,Genvägen,56.206481,15.00152,1,,
9021010003160000,Åryds kyrka,56.206944,15.009213,1,,
9021010003161000,Idrottsplatsen,56.207542,15.017081,1,,
9021010003162000,Märserum,56.208616,15.025036,1,,
9021010003163000,Törnerydsvägen,56.207275,15.028753,1,,
9021010003164000,Köpegård,56.203107,15.031512,1,,
9021010003165000,Edstorp,56.208208,15.051843,1,,
9021010003166000,Gundlatorp,56.211122,15.065967,1,,
9021010003178000,Campus Östra Piren,56.165091,14.86727,1,,
9021010003181000,Erik Dahlbergsvägen,56.17552,14.86402,1,,
9021010003184000,Froarpsvägen,56.209189,14.838087,1,,
9021010003186000,Elsebråne vsk,56.275766,14.862219,1,,
9021010003187000,S Älmta,56.293231,14.878278,1,,
9021010003188000,N Älmta,56.308634,14.883123,1,,
9021010003189000,Askaremåla,56.326812,14.88789,1,,
9021010003190000,Ihre vsk,56.342408,14.890992,1,,
9021010003191000,Pukaviks rondell,56.167189,14.680836,1,,
9021010003193000,Vekerum,56.177492,14.78322,1,,
9021010003194000,Centrum öst,56.170643,14.868664,1,,
9021010003195000,Centrum väst,56.169103,14.86107,1,,
9021010003209000,Lindemo,56.197425,14.824625,1,,
9021010003210000,Östersjövägen,56.166325,14.827302,1,,
9021010003902000,Tärnö,56.121247,14.963748,1,,
9021010003903000,Joggesö,56.137015,14.979247,1,,
9021010003905000,Ekö,56.148237,14.978491,1,,
9021010003911000,Coop Strömma,56.18961,14.849694,1,,
9021010003913000,Matvik brygga,56.166862,14.970058,1,,
9021010004001000,Besmansvägen,56.060444,14.617052,1,,
9021010004006000,Mörby Backe,56.037901,14.634079,1,,
9021010004007000,Mörby,56.035278,14.635987,1,,
9021010004008000,Hjärthalla,56.026919,14.63632,1,,
9021010004009000,Istaby,56.022433,14.652093,1,,
9021010004011000,Stiby vsk,56.021359,14.678715,1,,
9021010004012000,Stiby Backe,56.01809,14.678714,1,,
9021010004013000,Hälleviks skola,56.014006,14.690939,1,,
9021010004014000,Hälleviks hamn,56.012283,14.698044,1,,
9021010004015000,Hanöhus,56.016332,14.701872,1,,
9021010004016000,Havsbadet,56.016563,14.710573,1,,
9021010004021000,Listershuvud,56.036967,14.734831,1,,
9021010004022000,Markasträtet,56.040673,14.738643,1,,
9021010004023000,Hörviks skola,56.039735,14.75696,1,,
9021010004024000,Hörviks hamn,56.041501,14.770358,1,,
9021010004025000,Krokås hamn,56.049502,14.756358,1,,
9021010004026000,Hagalund,56.028933,14.68382,1,,
9021010004027000,Tallparken,56.031336,14.686381,1,,
9021010004028000,Hannetorp,56.034977,14.690671,1,,
9021010004029000,Hosaby,56.041749,14.689642,1,,
9021010004030000,Mjällby centrum,56.045712,14.678037,1,,
9021010004031000,Östra Hosaby,56.039856,14.700928,1,,
9021010004032000,Bolsabacken,56.039087,14.712406,1,,
9021010004034000,Mjällby Ljunga vsk,56.047974,14.682866,1,,
9021010004035000,TitanX,56.045299,14.670282,1,,
9021010004036000,Hörby,56.047509,14.659609,1,,
9021010004037000,Norremarks vsk,56.050498,14.652635,1,,
9021010004041000,Västergård,56.061724,14.693624,1,,
9021010004042000,Skogshagen,56.016525,14.717453,1,,
9021010004043000,Strandvallen,56.014301,14.721925,1,,
9021010004044000,Bygdegården,56.010557,14.728315,1,,
9021010004046000,Nogersunds hamn,56.00538,14.738158,1,,
9021010004047000,Norje havsbad,56.125756,14.673942,1,,
9021010004048000,Drottning Margaretas väg,56.060773,14.604568,1,,
9021010004049000,Tivolivägen,56.058991,14.592295,1,,
9021010004050000,Snapphanegatan,56.056613,14.587939,1,,
9021010004051000,Klosterplan,56.054092,14.58468,1,,
9021010004052000,Hästtorget,56.051806,14.583276,1,,
9021010004053000,Sölvesborgs Resecentrum,56.050294,14.583853,1,,
9021010004054000,Ekengård,56.086397,14.647643,1,,
9021010004055000,Ysane kyrka,56.090002,14.649977,1,,
9021010004056000,Lönneborg,56.094794,14.658092,1,,
9021010004057000,Petersborg,56.098093,14.662348,1,,
9021010004058000,Ekliden,56.103153,14.668531,1,,
9021010004059000,Lörbyvägen,56.109641,14.674737,1,,
9021010004065000,Pukenäs,56.150714,14.670666,1,,
9021010004066000,Alholmen,56.155888,14.675711,1,,
9021010004067000,Skånevägen,56.052736,14.56933,1,,
9021010004068000,Monsunen,56.111275,14.682517,1,,
9021010004069000,Furumovägen,56.107012,14.684795,1,,
9021010004070000,N Furumon,56.096906,14.689669,1,,
9021010004071000,S Furumon,56.093107,14.695627,1,,
9021010004072000,Lörby kladd,56.09053,14.70473,1,,
9021010004073000,Lörby skog,56.082872,14.703118,1,,
9021010004074000,N Lörby,56.077497,14.700653,1,,
9021010004075000,Djupekås vsk,56.071896,14.698084,1,,
9021010004076000,Djupekås,56.070593,14.71214,1,,
9021010004077000,Lörby,56.066355,14.69516,1,,
9021010004078000,Hultet,56.068779,14.607707,1,,
9021010004079000,Jockarp,56.087232,14.606299,1,,
9021010004080000,Ringaslätt,56.098463,14.616845,1,,
9021010004081000,Gammalstorp,56.104014,14.618715,1,,
9021010004082000,Kyrkvägen,56.107257,14.619756,1,,
9021010004083000,N Gammalstorp,56.110409,14.620607,1,,
9021010004084000,Skvaltan,56.11756,14.62259,1,,
9021010004085000,Hålabäck,56.124623,14.612693,1,,
9021010004086000,S Ebbalycke,56.130342,14.606935,1,,
9021010004087000,Ebbalycke,56.134041,14.606771,1,,
9021010004088000,N Ebbalycke,56.139952,14.606812,1,,
9021010004089000,Mariehäll,56.147318,14.60322,1,,
9021010004090000,Bjäraryds fryshus,56.151628,14.603102,1,,
9021010004091000,Bjäraryd,56.154398,14.601615,1,,
9021010004092000,Torsabjörke,56.165726,14.599055,1,,
9021010004093000,Kulla,56.171696,14.606177,1,,
9021010004094000,Målen vsk,56.177293,14.609931,1,,
9021010004095000,Högtofta skola,56.183605,14.610701,1,,
9021010004096000,Ö Sandbäck,56.171919,14.656982,1,,
9021010004097000,V Sandbäck,56.179719,14.63348,1,,
9021010004098000,Målen,56.18436,14.624754,1,,
9021010004099000,S Kylinge,56.187429,14.618829,1,,
9021010004100000,Kylinge,56.190272,14.612814,1,,
9021010004101000,Värhult,56.19891,14.604216,1,,
9021010004102000,Norje Bro,56.122358,14.675489,1,,
9021010004103000,Boa,56.201901,14.599643,1,,
9021010004104000,Möllekulla,56.176582,14.635186,1,,
9021010004105000,Sandbäck,56.173637,14.638125,1,,
9021010004106000,Sandbäck station,56.164793,14.639392,1,,
9021010004107000,Agerum,56.154909,14.638951,1,,
9021010004108000,Agerum Södra,56.146959,14.641638,1,,
9021010004109000,Ryedal,56.141136,14.637567,1,,
9021010004110000,Ryedals gård,56.130212,14.629792,1,,
9021010004111000,Norje skola,56.12137,14.671595,1,,
9021010004112000,Hjortakrokskolan,56.060777,14.582189,1,,
9021010004113000,Furulundsgymnasiet,56.05551,14.580927,1,,
9021010004115000,Bokelundskolan,56.050019,14.571584,1,,
9021010004118000,Örlycke,56.161217,14.599003,1,,
9021010004120000,Kylinge vsk,56.188703,14.61304,1,,
9021010004130000,Möllebjörke vsk,56.135373,14.636937,1,,
9021010004131000,Siretorp,56.043002,14.622724,1,,
9021010004134000,Rökerivägen,56.008731,14.731011,1,,
9021010004135000,Granitvägen,56.14253,14.605896,1,,
9021010004143000,Sweden Rock,56.116202,14.676136,1,,
9021010004144000,Ljungaviken,56.050015,14.61036,1,,
9021010004145000,Sölve,56.0586,14.621395,1,,
9021010004146000,Österbo,56.046354,14.68341,1,,
9021010004147000,Nicolaigatan,56.053892,14.58345,1,,
9021010004902000,Hanö,56.01,14.83639,1,,
9021010004903000,Svingelvägen,56.042315,14.569118,1,,
9021010004904000,Bernalyckevägen,56.04148,14.562967,1,,
9021010004905000,Lövängsvägen,56.045657,14.559366,1,,
9021010004906000,Valjeviken,56.049008,14.556787,1,,
9021010004907000,Taggsvampsvägen,56.037457,14.563064,1,,
9021010004908000,Falkviksgården,56.038895,14.569324,1,,
9021010004909000,Nexövägen,56.036645,14.570695,1,,
9021010004910000,Vävaregatan,56.038267,14.577527,1,,
9021010004911000,Bancks väg,56.042246,14.575763,1,,
9021010004912000,Cirkusplatsen,56.045269,14.578074,1,,
9021010004913000,Sommarvägen,56.039083,14.55953,1,,
9021010004917000,Falkvikskyrkan,56.04237,14.574668,1,,
9021010004918000,Södra Kämpaslätten,56.057047,14.563927,1,,
9021010004919000,Norra Kämpaslätten,56.061654,14.563875,1,,
9021010006002000,Aniara,56.27785,14.526231,1,,
9021010006003000,Gamla torg,56.278039,14.52193,1,,
9021010006004000,Olofströms station,56.278974,14.520332,1,,
9021010006006000,Nebbebodagården,56.268923,14.522865,1,,
9021010006009000,Rosenhill,56.2488,14.529394,1,,
9021010006011000,Jämshög,56.240668,14.530842,1,,
9021010006012000,Höjdaliden,56.238234,14.53431,1,,
9021010006013000,Skrivarehagen,56.222577,14.559705,1,,
9021010006014000,Röan,56.218763,14.572644,1,,
9021010006015000,S Röan,56.21757,14.576406,1,,
9021010006016000,Gränum Stationsvägen,56.21374,14.585087,1,,
9021010006017000,N Viadukten,56.285504,14.5169,1,,
9021010006018000,Volvo övre,56.294135,14.513411,1,,
9021010006019000,Volvo nya,56.297307,14.511753,1,,
9021010006020000,Agrasjö,56.264864,14.550954,1,,
9021010006021000,Oredslund östra,56.269455,14.547576,1,,
9021010006022000,Hantverkshuset,56.272772,14.544303,1,,
9021010006023000,Ekhagsvägen,56.275245,14.541913,1,,
9021010006025000,V Storgatan,56.281636,14.51288,1,,
9021010006049000,Väghult,56.38141,14.600692,1,,
9021010006063000,Björnsjön,56.293689,14.551253,1,,
9021010006064000,Ö Ringvägen,56.281478,14.538349,1,,
9021010006120000,IUC,56.28333,14.510756,1,,
9021010006121000,Volvo huvudkontoret,56.279518,14.516471,1,,
9021010006125000,Norra Vilboken,56.285203,14.507786,1,,
9021010006126000,Traktorvägen,56.260457,14.553955,1,,
9021010006128000,Kyrkovägen,56.241604,14.537166,1,,
9021010006154000,Hörneborg,56.365013,14.592746,1,,
9021010020013000,Allfargatan,56.41237,16.001789,1,,
9021010020014000,Torsås torg,56.412116,15.997559,1,,
9021010020015000,Österbrogatan,56.409137,16.018084,1,,
9021010020017000,Bergkvara busstation,56.394661,16.065303,1,,
9021010020024000,Kärrabo,56.370464,16.066563,1,,
9021010020025000,Skeppevik,56.364814,16.06248,1,,
9021010020026000,Järnsida,56.35289,16.052759,1,,
9021010020027000,Södra Kärr,56.337864,16.048491,1,,
9021010020028000,Bröms,56.320243,16.029697,1,,
9021010020069000,Lilla Målen,56.403326,16.043351,1,,
9021010020083000,Björkelycke,56.313045,16.016955,1,,
9021010025015000,Emmaboda station,56.629801,15.535486,1,,
9021010034025000,Kalmar C,56.661465,16.359616,1,,
9021010034030000,Sandås,56.663438,16.339732,1,,
9021010034040000,Svaneberg,56.670975,16.306727,1,,
9021010034048000,Hossmo E22,56.638402,16.215862,1,,
9021010063019000,"Fridhem, Tingsryd",56.407646,14.935626,1,,
9021010063208000,Trojaskolan Ryd,56.466676,14.691575,1,,
9021010063267000,Norrahult,56.419749,14.953272,1,,
9021010063300000,"Storgatan, Tingsryd",56.521723,14.980423,1,,
9021010063302000,Bultvägen,56.519555,14.985311,1,,
9021010063303000,Dubbvägen,56.517313,14.995448,1,,
9021010063305000,Elserås,56.482336,15.002784,1,,
9021010063306000,Elsemåla,56.490667,14.999491,1,,
9021010063307000,Skogryd,56.499049,14.995822,1,,
9021010063308000,Plogvägen Tingsryd,56.515014,14.996813,1,,
9021010063365000,Kyrkhultsv. Fridafors,56.407996,14.656631,1,,
9021010063366000,"Ringvägen, Fridafors",56.409027,14.66031,1,,
9021010063367000,Anderslund,56.415554,14.660081,1,,
9021010063368000,Slattesmåla,56.428455,14.669224,1,,
9021010063369000,Inlockahult,56.444594,14.680952,1,,
9021010063370000,Maskinvägen,56.462086,14.686551,1,,
9021010063371000,Ryd terminal,56.461964,14.692962,1,,
9021010063372000,Torget,56.465104,14.693601,1,,
9021010063398000,Granö,56.438065,14.675163,1,,
9021010063399000,Kuppersmåla,56.449177,14.682292,1,,
9021010063400000,Tingsryd terminal,56.523998,14.975531,1,,
9021010063744000,Stenfors,56.458195,15.00005,1,,
9021010063745000,Knällsberg,56.441313,14.978503,1,,
9021010063748000,Gäddeviksås vägskäl,56.38465,14.902413,1,,
9021010092001000,Gångbrogatan,56.208588,15.281695,1,,
9021010093001000,Karlshamn Resecentrum,56.175808,14.867539,1,,
9021010096001000,Olofströms resecentrum,56.276841,14.532916,1,,
9021010096024000,Läkarstationen Olofström,56.277178,14.538652,1,,
9021010096047000,Nissatorpsvägen,56.398454,14.627475,1,,
9021010096048000,Dalanshult,56.393837,14.620865,1,,
9021010096050000,Hörnsjön,56.372172,14.591968,1,,
9021010096051000,Kyrkhult,56.357117,14.587141,1,,
9021010096052000,Parkvägen,56.352638,14.586523,1,,
9021010096053000,Båtslyckevägen,56.351229,14.584821,1,,
9021010096054000,Holjevägen,56.34715,14.578369,1,,
9021010096055000,Källeboda,56.338674,14.575892,1,,
9021010096056000,Källeboda såg,56.333371,14.576435,1,,
9021010096057000,Brödhult,56.32591,14.578453,1,,
9021010096058000,N Levershult,56.320031,14.57258,1,,
9021010096059000,S Levershult,56.31437,14.566881,1,,
9021010096060000,Biskopsmåla vsk,56.304113,14.561477,1,,
9021010096061000,Biskopsmåla,56.299757,14.559777,1,,
9021010096062000,Hemmingsmåla vsk,56.296476,14.555055,1,,
9022010001001001,Kungsplan,56.16503,15.58681,0,9021010001001000,A
9022010001001002,Kungsplan,56.16502,15.58731,0,9021010001001000,B
9022010001001003,Kungsplan,56.16545,15.58688,0,9021010001001000,C
9022010001001004,Kungsplan,56.1653,15.58638,0,9021010001001000,D
9022010001001005,Kungsplan,56.16573,15.58678,0,9021010001001000,E
9022010001001006,Kungsplan,56.16581,15.58678,0,9021010001001000,F
9022010001013001,Landsvägsgatan,56.1719,15.58819,0,9021010001013000,A
9022010001013002,Landsvägsgatan,56.1721,15.5883,0,9021010001013000,B
9022010001014001,Tullskolan,56.17465,15.58911,0,9021010001014000,A
9022010001014002,Tullskolan,56.17421,15.58893,0,9021010001014000,B
9022010001015001,Polhemsgatan,56.17723,15.59059,0,9021010001015000,A
9022010001015002,Polhemsgatan,56.17621,15.5905,0,9021010001015000,B
9022010001017001,Bergåsa centrum,56.18205,15.59987,0,9021010001017000,A
9022010001017002,Bergåsa centrum,56.18221,15.60068,0,9021010001017000,B
9022010001020001,Lindesnäs,56.18897,15.61475,0,9021010001020000,A
9022010001020002,Lindesnäs,56.18904,15.61512,0,9021010001020000,B
9022010001021001,Sunnadal,56.19288,15.61251,0,9021010001021000,A
9022010001021002,Sunnadal,56.19218,15.6132,0,9021010001021000,B
9022010001022001,Motellet,56.19697,15.61092,0,9021010001022000,A
9022010001022002,Motellet,56.19653,15.6118,0,9021010001022000,B
9022010001027001,Ekeberg,56.19922,15.62047,0,9021010001027000,A
9022010001027002,Ekeberg,56.19877,15.62,0,9021010001027000,B
9022010001028001,Intagsvägen,56.20109,15.62339,0,9021010001028000,A
9022010001028002,Intagsvägen,56.20175,15.62532,0,9021010001028000,B
9022010001029001,Backabo,56.20305,15.62897,0,9021010001029000,A
9022010001029002,Backabo,56.20298,15.62915,0,9021010001029000,B
9022010001030001,Stadsträdgården,56.2039,15.63689,0,9021010001030000,A
9022010001030002,Stadsträdgården,56.2037,15.63704,0,9021010001030000,B
9022010001032001,Lyckeby centrum,56.19862,15.65391,0,9021010001032000,A
9022010001032002,Lyckeby centrum,56.19876,15.65557,0,9021010001032000,B
9022010001033001,Carlemansvägen,56.19653,15.66196,0,9021010001033000,A
9022010001033002,Carlemansvägen,56.19649,15.66109,0,9021010001033000,B
9022010001034001,Kronotorp,56.19671,15.66531,0,9021010001034000,A
9022010001034002,Kronotorp,56.19595,15.66713,0,9021010001034000,B
9022010001035001,Östra Torp,56.19473,15.67398,0,9021010001035000,A
9022010001035002,Östra Torp,56.1946,15.67432,0,9021010001035000,B
9022010001036001,Bergåsa station,56.18244,15.6013,0,9021010001036000,A
9022010001036002,Bergåsa station,56.18288,15.60156,0,9021010001036000,B
9022010001036003,Bergåsa station,56.18258,15.60117,0,9021010001036000,T
9022010001037001,Annebo,56.18575,15.60436,0,9021010001037000,A
9022010001037002,Annebo,56.18619,15.60581,0,9021010001037000,B
9022010001040001,Stationsvägen Slottsbacken,56.19796,15.64894,0,9021010001040000,A
9022010001040002,Stationsvägen Slottsbacken,56.19796,15.64961,0,9021010001040000,B
9022010001041001,Amiralen,56.19723,15.64435,0,9021010001041000,A
9022010001041002,Amiralen,56.19736,15.64459,0,9021010001041000,B
9022010001042001,Bastasjö,56.22576,15.66169,0,9021010001042000,A
9022010001043001,Norra Hässlegården,56.22399,15.66444,0,9021010001043000,A
9022010001043002,Norra Hässlegården,56.22491,15.66464,0,9021010001043000,B
9022010001044001,Hässlegårdens förskola,56.22205,15.66344,0,9021010001044000,A
9022010001044002,Hässlegårdens förskola,56.22176,15.66332,0,9021010001044000,B
9022010001046001,Södra Hässlegården,56.22,15.65781,0,9021010001046000,A
9022010001046002,Södra Hässlegården,56.21985,15.65807,0,9021010001046000,B
9022010001047001,Silvervägen,56.21836,15.65221,0,9021010001047000,A
9022010001047002,Silvervägen,56.21916,15.65248,0,9021010001047000,B
9022010001048001,Spandelstorpskolan,56.21509,15.65388,0,9021010001048000,A
9022010001048002,Spandelstorpskolan,56.21554,15.65381,0,9021010001048000,B
9022010001049001,Spandelstorp,56.21261,15.65573,0,9021010001049000,A
9022010001049002,Spandelstorp,56.21255,15.65587,0,9021010001049000,B
9022010001050001,H Martinsons väg,56.21087,15.65554,0,9021010001050000,A
9022010001050002,H Martinsons väg,56.21011,15.65562,0,9021010001050000,B
9022010001051001,G Torhamns väg,56.20811,15.65497,0,9021010001051000,A
9022010001051002,G Torhamns väg,56.20797,15.65492,0,9021010001051000,B
9022010001052001,Afvelsgärdevägen,56.20693,15.65955,0,9021010001052000,A
9022010001052002,Afvelsgärdevägen,56.20704,15.65921,0,9021010001052000,B
9022010001053001,Carlandravägen,56.20473,15.6588,0,9021010001053000,A
9022010001053002,Carlandravägen,56.20491,15.65945,0,9021010001053000,B
9022010001054001,AWA vägen,56.20159,15.6558,0,9021010001054000,A
9022010001054002,AWA vägen,56.20223,15.65567,0,9021010001054000,B
9022010001055001,Af Chapmangymnasiet,56.16403,15.59149,0,9021010001055000,A
9022010001055002,Af Chapmangymnasiet,56.1638,15.5916,0,9021010001055000,B
9022010001056001,Drottninggatan,56.16241,15.59148,0,9021010001056000,A
9022010001056002,Drottninggatan,56.16228,15.59163,0,9021010001056000,B
9022010001057001,Sparre,56.16015,15.59151,0,9021010001057000,A
9022010001057002,Sparre,56.16045,15.5916,0,9021010001057000,B
9022010001058001,Alamedan,56.15905,15.58966,0,9021010001058000,A
9022010001058002,Alamedan,56.15891,15.58871,0,9021010001058000,B
9022010001062001,Varvet,56.1593,15.57975,0,9021010001062000,A
9022010001062002,Varvet,56.15923,15.57988,0,9021010001062000,B
9022010001064001,Ankaret,56.19642,15.61379,0,9021010001064000,A
9022010001064002,Ankaret,56.19643,15.61425,0,9021010001064000,B
9022010001065001,Kungsmarken C-huset,56.19556,15.61594,0,9021010001065000,A
9022010001066001,Kungsmarken B-huset,56.19708,15.61761,0,9021010001066000,A
9022010001066002,Kungsmarken B-huset,56.19705,15.61722,0,9021010001066000,B
9022010001067001,Kungsmarken A-huset,56.19774,15.62257,0,9021010001067000,A
9022010001067002,Kungsmarken A-huset,56.19731,15.62394,0,9021010001067000,B
9022010001068001,Kungsmarken centrum,56.19411,15.62378,0,9021010001068000,A
9022010001068002,Kungsmarken centrum,56.19406,15.62392,0,9021010001068000,B
9022010001069001,Gullaberg,56.19084,15.62155,0,9021010001069000,A
9022010001069002,Gullaberg,56.19119,15.62228,0,9021010001069000,B
9022010001070001,Marieberg,56.18856,15.61704,0,9021010001070000,A
9022010001070002,Marieberg,56.18926,15.61906,0,9021010001070000,B
9022010001072001,Sjukhuset huvudentrén,56.1821,15.60496,0,9021010001072000,A
9022010001073001,Kyrkogården,56.18128,15.60155,0,9021010001073000,A
9022010001073002,Kyrkogården,56.18116,15.60157,0,9021010001073000,B
9022010001074001,Hälsovägen,56.18332,15.60318,0,9021010001074000,A
9022010001075001,Knösövägen,56.19612,15.6629,0,9021010001075000,B
9022010001076001,Ekedalsvägen,56.19345,15.66234,0,9021010001076000,A
9022010001076002,Ekedalsvägen,56.19347,15.6622,0,9021010001076000,B
9022010001077001,Ga Riksvägen,56.19142,15.66396,0,9021010001077000,A
9022010001077002,Ga Riksvägen,56.19144,15.66383,0,9021010001077000,B
9022010001079001,Ringö,56.18726,15.65618,0,9021010001079000,A
9022010001079002,Ringö,56.18732,15.656,0,9021010001079000,B
9022010001080001,Södra Ringö,56.18021,15.65606,0,9021010001080000,A
9022010001080002,Södra Ringö,56.18007,15.65589,0,9021010001080000,B
9022010001081001,Ängholmen,56.17606,15.65096,0,9021010001081000,A
9022010001081002,Ängholmen,56.1761,15.65104,0,9021010001081000,B
9022010001082001,Verkö,56.17308,15.64476,0,9021010001082000,A
9022010001082002,Verkö,56.17299,15.64439,0,9021010001082000,B
9022010001083001,Toras väg,56.17128,15.64301,0,9021010001083000,A
9022010001083002,Toras väg,56.17048,15.64205,0,9021010001083000,B
9022010001084001,Roxtec Verkö,56.16417,15.63494,0,9021010001084000,A
9022010001084002,Roxtec Verkö,56.16431,15.6348,0,9021010001084000,B
9022010001086001,NKT Verkö,56.16674,15.64102,0,9021010001086000,A
9022010001086002,NKT Verkö,56.16611,15.64046,0,9021010001086000,B
9022010001089001,Hästö idrottsplats,56.18065,15.61725,0,9021010001089000,A
9022010001089002,Hästö idrottsplats,56.18065,15.61743,0,9021010001089000,B
9022010001090001,Herrgårdsvägen,56.18129,15.62165,0,9021010001090000,A
9022010001090002,Herrgårdsvägen,56.18125,15.62174,0,9021010001090000,B
9022010001091001,Hästö,56.18195,15.62515,0,9021010001091000,A
9022010001095001,Chapmansplan,56.16187,15.57682,0,9021010001095000,A
9022010001095002,Chapmansplan,56.16181,15.57663,0,9021010001095000,B
9022010001101001,Uranvägen Torskors,56.21458,15.63859,0,9021010001101000,A
9022010001101002,Uranvägen Torskors,56.21459,15.6392,0,9021010001101000,B
9022010001106001,Gullberna station,56.19184,15.6243,0,9021010001106000,B
9022010001106002,Gullberna station,56.1922,15.62517,0,9021010001106000,C
9022010001108001,Ringöbron,56.19086,15.65486,0,9021010001108000,A
9022010001108002,Ringöbron,56.19099,15.65448,0,9021010001108000,B
9022010001109001,Lallerstedts gata,56.19546,15.63463,0,9021010001109000,A
9022010001109002,Lallerstedts gata,56.1955,15.63479,0,9021010001109000,B
9022010001112001,Hultvägen,56.19261,15.62709,0,9021010001112000,A
9022010001112002,Hultvägen,56.19241,15.62707,0,9021010001112000,B
9022010001114001,Knösö,56.18903,15.66452,0,9021010001114000,A
9022010001114002,Knösö,56.18909,15.66447,0,9021010001114000,B
9022010001115001,Saltö,56.16587,15.56775,0,9021010001115000,A
9022010001116001,Saltö torg,56.16441,15.56869,0,9021010001116000,A
9022010001116002,Saltö torg,56.16442,15.56829,0,9021010001116000,B
9022010001119001,Ekholmen,56.16385,15.57285,0,9021010001119000,A
9022010001119002,Ekholmen,56.1638,15.57188,0,9021010001119000,B
9022010001122001,Tullparken,56.17389,15.58816,0,9021010001122000,A
9022010001122002,Tullparken,56.17388,15.58826,0,9021010001122000,B
9022010001123001,Strandgatan,56.17671,15.5837,0,9021010001123000,B
9022010001124001,Långö,56.17941,15.5806,0,9021010001124000,A
9022010001125001,Lagmansgatan,56.17686,15.58142,0,9021010001125000,A
9022010001126001,Egilslunden,56.17439,15.58286,0,9021010001126000,A
9022010001127001,Ordensgatan,56.17483,15.58499,0,9021010001127000,B
9022010001128001,Monsunen,56.18071,15.59983,0,9021010001128000,A
9022010001128002,Monsunen,56.18083,15.60009,0,9021010001128000,B
9022010001133001,Angöringen,56.20733,15.64365,0,9021010001133000,A
9022010001133002,Angöringen,56.20733,15.64365,0,9021010001133000,B
9022010001134001,Kvarngatan,56.17307,15.5907,0,9021010001134000,A
9022010001134002,Kvarngatan,56.17277,15.59062,0,9021010001134000,B
9022010001135001,Galgamarkstrappan,56.17752,15.59425,0,9021010001135000,A
9022010001135002,Galgamarkstrappan,56.17765,15.59492,0,9021010001135000,B
9022010001136001,Lösen,56.1973,15.68184,0,9021010001136000,A
9022010001136002,Lösen,56.19727,15.68218,0,9021010001136000,B
9022010001139001,Sturkövägen,56.18511,15.72138,0,9021010001139000,A
9022010001139002,Sturkövägen,56.1849,15.71897,0,9021010001139000,B
9022010001140001,Ramdala,56.18595,15.76544,0,9021010001140000,A
9022010001140002,Ramdala,56.18539,15.76647,0,9021010001140000,B
9022010001143001,Rosenhill,56.18406,15.77641,0,9021010001143000,A
9022010001143002,Rosenhill,56.18375,15.77741,0,9021010001143000,B
9022010001144001,Vallby,56.18433,15.7905,0,9021010001144000,A
9022010001144002,Vallby,56.18444,15.79229,0,9021010001144000,B
9022010001145001,Duverum,56.18677,15.80775,0,9021010001145000,A
9022010001145002,Duverum,56.18679,15.80934,0,9021010001145000,B
9022010001146001,Ekedalsvägen,56.19105,15.82912,0,9021010001146000,A
9022010001146002,Ekedalsvägen,56.19074,15.8287,0,9021010001146000,B
9022010001147001,Jämjö centrum,56.19198,15.83491,0,9021010001147000,A
9022010001147002,Jämjö centrum,56.19191,15.83534,0,9021010001147000,B
9022010001148001,Klakebäcksvägen,56.19351,15.84344,0,9021010001148000,A
9022010001148002,Klakebäcksvägen,56.19348,15.8439,0,9021010001148000,B
9022010001149001,Jämjö Parkvägen,56.19166,15.84906,0,9021010001149000,A
9022010001150001,Ekerydsvägen,56.2,15.85436,0,9021010001150000,A
9022010001150002,Ekerydsvägen,56.19995,15.85449,0,9021010001150000,B
9022010001151001,N Binga,56.21335,15.88259,0,9021010001151000,A
9022010001151002,N Binga,56.2138,15.88403,0,9021010001151000,B
9022010001152001,Käxelåkra,56.22351,15.90426,0,9021010001152000,A
9022010001152002,Käxelåkra,56.22402,15.90581,0,9021010001152000,B
9022010001153001,Törnåkra,56.2316,15.91672,0,9021010001153000,A
9022010001153002,Törnåkra,56.23287,15.91867,0,9021010001153000,B
9022010001154001,Enkullen,56.23605,15.92229,0,9021010001154000,A
9022010001154002,Enkullen,56.23619,15.92286,0,9021010001154000,B
9022010001157001,Fågelmara,56.25997,15.94886,0,9021010001157000,A
9022010001157002,Fågelmara,56.26002,15.94917,0,9021010001157000,B
9022010001160001,Milastensvägen,56.28186,15.97841,0,9021010001160000,A
9022010001160002,Milastensvägen,56.28058,15.97719,0,9021010001160000,B
9022010001161001,Björkedal,56.28895,15.98703,0,9021010001161000,A
9022010001161002,Björkedal,56.28961,15.98834,0,9021010001161000,B
9022010001162001,Brömsebro,56.2981,16.00036,0,9021010001162000,A
9022010001162002,Brömsebro,56.29897,16.00166,0,9021010001162000,B
9022010001163001,Kristianopel,56.25778,16.04111,0,9021010001163000,A
9022010001165001,E22,56.20393,15.85942,0,9021010001165000,A
9022010001165002,E22,56.20166,15.85728,0,9021010001165000,B
9022010001166001,Gröna huset,56.21911,15.86415,0,9021010001166000,A
9022010001166002,Gröna huset,56.2183,15.8637,0,9021010001166000,B
9022010001167001,Häcken,56.22665,15.87114,0,9021010001167000,A
9022010001167002,Häcken,56.22582,15.87032,0,9021010001167000,B
9022010001168001,Ekeryd,56.2337,15.8841,0,9021010001168000,A
9022010001168002,Ekeryd,56.23424,15.88497,0,9021010001168000,B
9022010001169001,Sillesåsvägen,56.24944,15.90877,0,9021010001169000,A
9022010001169002,Sillesåsvägen,56.24859,15.90683,0,9021010001169000,B
9022010001170001,Flyerydsvägen,56.25834,15.9349,0,9021010001170000,A
9022010001170002,Flyerydsvägen,56.25766,15.93422,0,9021010001170000,B
9022010001171001,S Fågelmara,56.2601,15.94049,0,9021010001171000,A
9022010001171002,S Fågelmara,56.25949,15.93876,0,9021010001171000,B
9022010001172001,Fågelmara skola,56.26387,15.95083,0,9021010001172000,A
9022010001173001,Vattentornet,56.261,15.95124,0,9021010001173000,A
9022010001173002,Vattentornet,56.2609,15.95161,0,9021010001173000,B
9022010001174001,Söremåla,56.25726,15.99695,0,9021010001174000,A
9022010001174002,Söremåla,56.25725,15.99706,0,9021010001174000,B
9022010001175001,Eklunda,56.2547,16.0125,0,9021010001175000,A
9022010001175002,Eklunda,56.25463,16.01216,0,9021010001175000,B
9022010001176001,Bråtelycke,56.24536,16.00528,0,9021010001176000,A
9022010001176002,Bråtelycke,56.24513,16.00497,0,9021010001176000,B
9022010001177001,Rörsängsgatan,56.25321,16.02301,0,9021010001177000,A
9022010001177002,Rörsängsgatan,56.25313,16.02279,0,9021010001177000,B
9022010001178001,Karlstorp,56.25566,16.03298,0,9021010001178000,A
9022010001178002,Karlstorp,56.25565,16.0329,0,9021010001178000,B
9022010001179001,Fågelmara gård,56.23306,15.99768,0,9021010001179000,A
9022010001179002,Fågelmara gård,56.23233,15.99731,0,9021010001179000,B
9022010001180001,Stålemara,56.2247,15.99029,0,9021010001180000,A
9022010001180002,Stålemara,56.22446,15.98953,0,9021010001180000,B
9022010001181001,Olsäng,56.21535,15.98065,0,9021010001181000,A
9022010001181002,Olsäng,56.21552,15.97922,0,9021010001181000,B
9022010001182001,Törnåkravägen,56.21493,15.97364,0,9021010001182000,A
9022010001182002,Törnåkravägen,56.21482,15.97293,0,9021010001182000,B
9022010001183001,Olofshem,56.2114,15.96704,0,9021010001183000,A
9022010001183002,Olofshem,56.21116,15.96668,0,9021010001183000,B
9022010001184001,Klakebäck,56.19951,15.95029,0,9021010001184000,A
9022010001184002,Klakebäck,56.19961,15.95076,0,9021010001184000,B
9022010001185001,Hjälmserydsv,56.20383,15.94003,0,9021010001185000,A
9022010001185002,Hjälmserydsv,56.20428,15.93866,0,9021010001185000,B
9022010001186001,Orranäs gata,56.20426,15.92598,0,9021010001186000,A
9022010001186002,Orranäs gata,56.2043,15.92579,0,9021010001186000,B
9022010001187001,Skogsvägen,56.1777,15.60075,0,9021010001187000,A
9022010001187002,Skogsvägen,56.17771,15.60051,0,9021010001187000,B
9022010001188001,Horsarydsvägen,56.20328,15.9113,0,9021010001188000,A
9022010001188002,Horsarydsvägen,56.2025,15.90921,0,9021010001188000,B
9022010001189001,Skearydsvägen,56.19846,15.90491,0,9021010001189000,A
9022010001189002,Skearydsvägen,56.19853,15.90406,0,9021010001189000,B
9022010001190001,Björkdalavägen,56.2005,15.89551,0,9021010001190000,A
9022010001190002,Björkdalavägen,56.20055,15.89444,0,9021010001190000,B
9022010001191001,Mariedalsvägen,56.19663,15.87699,0,9021010001191000,A
9022010001191002,Mariedalsvägen,56.19691,15.87731,0,9021010001191000,B
9022010001192001,Sofieborgsvägen,56.19153,15.85509,0,9021010001192000,A
9022010001192002,Sofieborgsvägen,56.19163,15.85536,0,9021010001192000,B
9022010001193001,N Orranäs,56.19325,15.94802,0,9021010001193000,A
9022010001193002,N Orranäs,56.19312,15.94823,0,9021010001193000,B
9022010001194001,Gullholma,56.1838,15.94059,0,9021010001194000,A
9022010001194002,Gullholma,56.18414,15.94135,0,9021010001194000,B
9022010001195001,N Attanäs,56.17805,15.93577,0,9021010001195000,A
9022010001195002,N Attanäs,56.17843,15.93616,0,9021010001195000,B
9022010001196001,Björkenäs,56.1681,15.92745,0,9021010001196000,A
9022010001196002,Björkenäs,56.16808,15.92746,0,9021010001196000,B
9022010001197001,Björkenäs kvarn,56.16456,15.92111,0,9021010001197000,A
9022010001197002,Björkenäs kvarn,56.16496,15.92176,0,9021010001197000,B
9022010001198001,Bredäng,56.15849,15.91163,0,9021010001198000,A
9022010001198002,Bredäng,56.1584,15.91163,0,9021010001198000,B
9022010001199001,Konungshamn,56.14995,15.90223,0,9021010001199000,A
9022010001199002,Konungshamn,56.15033,15.90242,0,9021010001199000,B
9022010001200001,Långenabben,56.14301,15.89616,0,9021010001200000,A
9022010001200002,Långenabben,56.14316,15.89626,0,9021010001200000,B
9022010001201001,Flyetvägen,56.14098,15.89435,0,9021010001201000,A
9022010001201002,Flyetvägen,56.14088,15.89434,0,9021010001201000,B
9022010001202001,Sibbaboda,56.13427,15.889,0,9021010001202000,A
9022010001202002,Sibbaboda,56.13421,15.88902,0,9021010001202000,B
9022010001203001,Annebergsvägen,56.12801,15.88521,0,9021010001203000,A
9022010001203002,Annebergsvägen,56.12806,15.88527,0,9021010001203000,B
9022010001204001,Hamnvägen,56.12213,15.88056,0,9021010001204000,A
9022010001204002,Hamnvägen,56.12213,15.88068,0,9021010001204000,B
9022010001205001,Svanhalla,56.11844,15.87321,0,9021010001205000,A
9022010001205002,Svanhalla,56.11858,15.87347,0,9021010001205000,B
9022010001206001,S Svanhalla,56.1129,15.87211,0,9021010001206000,A
9022010001206002,S Svanhalla,56.11302,15.87216,0,9021010001206000,B
9022010001207001,Orranäs,56.18791,15.94437,0,9021010001207000,A
9022010001207002,Orranäs,56.18794,15.94452,0,9021010001207000,B
9022010001208001,Attanäs,56.17045,15.93063,0,9021010001208000,A
9022010001208002,Attanäs,56.17085,15.93106,0,9021010001208000,B
9022010001209001,Truseryd,56.10884,15.86746,0,9021010001209000,A
9022010001209002,Truseryd,56.10842,15.86615,0,9021010001209000,B
9022010001209003,Truseryd,56.10898,15.86603,0,9021010001209000,C
9022010001210001,Sandhamns ek,56.10339,15.85915,0,9021010001210000,A
9022010001210002,Sandhamns ek,56.1032,15.85912,0,9021010001210000,B
9022010001211001,Sandhamn,56.09594,15.84999,0,9021010001211000,A
9022010001211002,Sandhamn,56.09576,15.84994,0,9021010001211000,B
9022010001212001,Torhamn,56.09481,15.83368,0,9021010001212000,A
9022010001212002,Torhamn,56.0948,15.83517,0,9021010001212000,B
9022010001213001,St Måns väg,56.09882,15.82523,0,9021010001213000,A
9022010001213002,St Måns väg,56.09839,15.82571,0,9021010001213000,B
9022010001214001,Gisslevik,56.10624,15.81614,0,9021010001214000,A
9022010001214002,Gisslevik,56.10608,15.81601,0,9021010001214000,B
9022010001215001,Möckleryd,56.11695,15.82438,0,9021010001215000,A
9022010001215002,Möckleryd,56.11708,15.82429,0,9021010001215000,B
9022010001216001,Möcklerydsv,56.12271,15.83059,0,9021010001216000,A
9022010001216002,Möcklerydsv,56.12297,15.8309,0,9021010001216000,B
9022010001217001,Steneryd,56.12668,15.83336,0,9021010001217000,A
9022010001217002,Steneryd,56.12623,15.83333,0,9021010001217000,B
9022010001218001,Hammarsvägen,56.1325,15.83099,0,9021010001218000,A
9022010001218002,Hammarsvägen,56.13243,15.83071,0,9021010001218000,B
9022010001219001,Stora Rom,56.14081,15.82748,0,9021010001219000,A
9022010001219002,Stora Rom,56.14073,15.82736,0,9021010001219000,B
9022010001220001,Branthalla,56.14614,15.82755,0,9021010001220000,A
9022010001220002,Branthalla,56.14755,15.82795,0,9021010001220000,B
9022010001221001,Hallaslättslyckan,56.15673,15.82899,0,9021010001221000,A
9022010001221002,Hallaslättslyckan,56.15658,15.82888,0,9021010001221000,B
9022010001222001,Hallarums backe,56.1633,15.83014,0,9021010001222000,A
9022010001222002,Hallarums backe,56.16343,15.83012,0,9021010001222000,B
9022010001223001,Hallarum,56.17224,15.8351,0,9021010001223000,A
9022010001223002,Hallarum,56.17218,15.83491,0,9021010001223000,B
9022010001224001,S Binga,56.18364,15.83047,0,9021010001224000,A
9022010001224002,S Binga,56.18261,15.83076,0,9021010001224000,B
9022010001225001,Jändelskolan,56.18708,15.82828,0,9021010001225000,A
9022010001225002,Jändelskolan,56.18695,15.82833,0,9021010001225000,B
9022010001225003,Jändelskolan,56.18717,15.82833,0,9021010001225000,C
9022010001225004,Jändelskolan,56.18742,15.8283,0,9021010001225000,D
9022010001225005,Jändelskolan,56.1874,15.8283,0,9021010001225000,E
9022010001225006,Jändelskolan,56.18764,15.82828,0,9021010001225000,F
9022010001225007,Jändelskolan,56.18801,15.82859,0,9021010001225000,G
9022010001227001,Torstäva vsk,56.18357,15.71955,0,9021010001227000,A
9022010001227002,Torstäva vsk,56.18384,15.7194,0,9021010001227000,B
9022010001228001,Torsnäsvägen,56.1746,15.72313,0,9021010001228000,A
9022010001228002,Torsnäsvägen,56.1755,15.72193,0,9021010001228000,B
9022010001229001,Torstäva,56.17199,15.7322,0,9021010001229000,A
9022010001229002,Torstäva,56.17206,15.73163,0,9021010001229000,B
9022010001230001,Trummenäsvägen,56.17041,15.73997,0,9021010001230000,A
9022010001230002,Trummenäsvägen,56.17032,15.73997,0,9021010001230000,B
9022010001231001,Gängletorp,56.16775,15.74674,0,9021010001231000,A
9022010001231002,Gängletorp,56.16756,15.74721,0,9021010001231000,B
9022010001232001,Möcklö,56.15174,15.76149,0,9021010001232000,A
9022010001232002,Möcklö,56.15159,15.76125,0,9021010001232000,B
9022010001233001,Karlsberg,56.14608,15.75808,0,9021010001233000,A
9022010001233002,Karlsberg,56.14573,15.75781,0,9021010001233000,B
9022010001234001,Möcklöbron,56.14185,15.75289,0,9021010001234000,A
9022010001234002,Möcklöbron,56.14148,15.75164,0,9021010001234000,B
9022010001235001,Västernäs,56.13174,15.7394,0,9021010001235000,A
9022010001235002,Västernäs,56.13086,15.73884,0,9021010001235000,B
9022010001236001,Senoren,56.12395,15.73602,0,9021010001236000,A
9022010001236002,Senoren,56.1232,15.7356,0,9021010001236000,B
9022010001237001,Skällö,56.11589,15.72944,0,9021010001237000,A
9022010001237002,Skällö,56.11631,15.72986,0,9021010001237000,B
9022010001238001,Skällenäs,56.11066,15.72003,0,9021010001238000,A
9022010001238002,Skällenäs,56.11058,15.71769,0,9021010001238000,B
9022010001239001,Dragsvik,56.11068,15.7118,0,9021010001239000,A
9022010001239002,Dragsvik,56.11075,15.711,0,9021010001239000,B
9022010001240001,Frändatorp,56.11216,15.70254,0,9021010001240000,A
9022010001240002,Frändatorp,56.11248,15.70143,0,9021010001240000,B
9022010001241001,Bredavik,56.11366,15.69219,0,9021010001241000,A
9022010001241002,Bredavik,56.11438,15.69011,0,9021010001241000,B
9022010001242001,Kvarnen,56.11284,15.68139,0,9021010001242000,A
9022010001242002,Kvarnen,56.11307,15.68176,0,9021010001242000,B
9022010001243001,Hålan,56.11273,15.67761,0,9021010001243000,A
9022010001243002,Hålan,56.11309,15.67613,0,9021010001243000,B
9022010001244001,Sturkö skola,56.11212,15.68087,0,9021010001244000,A
9022010001244002,Sturkö skola,56.11204,15.68065,0,9021010001244000,B
9022010001245001,Ryd,56.10607,15.68755,0,9021010001245000,A
9022010001245002,Ryd,56.10618,15.68761,0,9021010001245000,B
9022010001246001,Killevägen,56.10257,15.69052,0,9021010001246000,A
9022010001246002,Killevägen,56.10293,15.69045,0,9021010001246000,B
9022010001247001,Strannakullen,56.0994,15.69281,0,9021010001247000,A
9022010001247002,Strannakullen,56.09943,15.69292,0,9021010001247000,B
9022010001248001,Skallatorp,56.09456,15.6942,0,9021010001248000,A
9022010001248002,Skallatorp,56.09472,15.69447,0,9021010001248000,B
9022010001249001,Uttorp,56.09197,15.69468,0,9021010001249000,A
9022010001249002,Uttorp,56.0915,15.69556,0,9021010001249000,B
9022010001250001,Sturkö kyrka,56.08791,15.69501,0,9021010001250000,A
9022010001251001,Sturköhallen,56.11432,15.67302,0,9021010001251000,A
9022010001251002,Sturköhallen,56.11465,15.67227,0,9021010001251000,B
9022010001252001,Tockatorp,56.11438,15.66474,0,9021010001252000,A
9022010001252002,Tockatorp,56.11441,15.66277,0,9021010001252000,B
9022010001253001,Sanda,56.11587,15.65437,0,9021010001253000,A
9022010001255001,Smedvägen,56.1116,15.65021,0,9021010001255000,A
9022010001255002,Smedvägen,56.11178,15.65051,0,9021010001255000,B
9022010001256001,Kungastenen,56.10838,15.64501,0,9021010001256000,A
9022010001256002,Kungastenen,56.10801,15.64436,0,9021010001256000,B
9022010001257001,Djupasund,56.10921,15.6246,0,9021010001257000,A
9022010001257002,Djupasund,56.10929,15.62452,0,9021010001257000,B
9022010001258001,Lejonbacken,56.11225,15.61211,0,9021010001258000,A
9022010001258002,Lejonbacken,56.11221,15.61221,0,9021010001258000,B
9022010001259001,Tjurkö kyrka,56.11658,15.61551,0,9021010001259000,A
9022010001259002,Tjurkö kyrka,56.1168,15.61615,0,9021010001259000,B
9022010001260001,Sundetvägen,56.11925,15.62088,0,9021010001260000,A
9022010001260002,Sundetvägen,56.11915,15.62098,0,9021010001260000,B
9022010001261001,St Lycke,56.12336,15.62562,0,9021010001261000,A
9022010001262001,Säby,56.167,15.75566,0,9021010001262000,A
9022010001262002,Säby,56.16678,15.7578,0,9021010001262000,B
9022010001264001,Tockamålav. E22,56.28131,15.97895,0,9021010001264000,A
9022010001268001,Appleryd,56.31009,15.98595,0,9021010001268000,A
9022010001275001,Råbacken,56.20933,15.6631,0,9021010001275000,A
9022010001275002,Råbacken,56.20925,15.6631,0,9021010001275000,B
9022010001277001,Mölletorp,56.21738,15.66991,0,9021010001277000,A
9022010001277002,Mölletorp,56.21716,15.67018,0,9021010001277000,B
9022010001278001,Augerums kyrka,56.21746,15.67703,0,9021010001278000,A
9022010001278002,Augerums kyrka,56.21666,15.67671,0,9021010001278000,B
9022010001279001,Mariefors,56.22087,15.67838,0,9021010001279000,A
9022010001279002,Mariefors,56.2216,15.6794,0,9021010001279000,B
9022010001280001,Mölleåker,56.22779,15.68725,0,9021010001280000,A
9022010001280002,Mölleåker,56.2278,15.68741,0,9021010001280000,B
9022010001281001,Lyckeåborg,56.22953,15.68926,0,9021010001281000,A
9022010001281002,Lyckeåborg,56.22918,15.6891,0,9021010001281000,B
9022010001282001,Krokebro,56.2485,15.71311,0,9021010001282000,A
9022010001282002,Krokebro,56.24796,15.71218,0,9021010001282000,B
9022010001283001,Trollberget,56.25601,15.72471,0,9021010001283000,A
9022010001283002,Trollberget,56.25728,15.72705,0,9021010001283000,B
9022010001284001,Sandbäcksmåla,56.25996,15.73083,0,9021010001284000,A
9022010001284002,Sandbäcksmåla,56.26053,15.73181,0,9021010001284000,B
9022010001285001,Mariefröjd,56.27221,15.73746,0,9021010001285000,A
9022010001285002,Mariefröjd,56.27203,15.73751,0,9021010001285000,B
9022010001286001,Kättilsmåla,56.27654,15.73637,0,9021010001286000,A
9022010001287001,Strågeryd,56.2684,15.74418,0,9021010001287000,A
9022010001287002,Strågeryd,56.26899,15.7435,0,9021010001287000,B
9022010001288001,Giserydsvägen,56.27425,15.76036,0,9021010001288000,A
9022010001288002,Giserydsvägen,56.27338,15.75815,0,9021010001288000,B
9022010001289001,Trollemåla,56.27871,15.78189,0,9021010001289000,A
9022010001289002,Trollemåla,56.27868,15.78181,0,9021010001289000,B
9022010001290001,Fabbemåla vsk,56.28586,15.80783,0,9021010001290000,A
9022010001290002,Fabbemåla vsk,56.28585,15.80782,0,9021010001290000,B
9022010001291001,S Sälleryd,56.29068,15.82747,0,9021010001291000,A
9022010001291002,S Sälleryd,56.29066,15.82736,0,9021010001291000,B
9022010001292001,Sälleryd,56.29338,15.84692,0,9021010001292000,A
9022010001294001,Berget,56.20759,15.63275,0,9021010001294000,A
9022010001294002,Berget,56.20759,15.63291,0,9021010001294000,B
9022010001295001,Torskors,56.21075,15.63351,0,9021010001295000,A
9022010001295002,Torskors,56.21085,15.63367,0,9021010001295000,B
9022010001300001,Bubbetorp,56.2294,15.62841,0,9021010001300000,A
9022010001300002,Bubbetorp,56.22943,15.62872,0,9021010001300000,B
9022010001302001,Rödeby Ek,56.24815,15.6217,0,9021010001302000,A
9022010001302002,Rödeby Ek,56.248,15.62223,0,9021010001302000,B
9022010001304001,Rödeby centrum,56.26073,15.61796,0,9021010001304000,A
9022010001304002,Rödeby centrum,56.26067,15.61815,0,9021010001304000,B
9022010001306001,Rödebyskolan,56.26516,15.6204,0,9021010001306000,A
9022010001306002,Rödebyskolan,56.26494,15.62081,0,9021010001306000,B
9022010001307001,Rödebyholm,56.26684,15.6213,0,9021010001307000,A
9022010001307002,Rödebyholm,56.26699,15.62115,0,9021010001307000,B
9022010001308001,Granitvägen,56.27013,15.62083,0,9021010001308000,A
9022010001308002,Granitvägen,56.26998,15.62083,0,9021010001308000,B
9022010001309001,Viadukten,56.27531,15.61935,0,9021010001309000,A
9022010001309002,Viadukten,56.27571,15.62029,0,9021010001309000,B
9022010001310001,Kestorp,56.2785,15.62528,0,9021010001310000,A
9022010001310002,Kestorp,56.27818,15.62501,0,9021010001310000,B
9022010001311001,Trastvägen,56.25708,15.62637,0,9021010001311000,A
9022010001311002,Trastvägen,56.25746,15.62648,0,9021010001311000,B
9022010001312001,Stationsvägen,56.25444,15.62739,0,9021010001312000,A
9022010001312002,Stationsvägen,56.25455,15.62755,0,9021010001312000,B
9022010001313001,Mörtövägen,56.2514,15.62447,0,9021010001313000,A
9022010001313002,Mörtövägen,56.25193,15.62549,0,9021010001313000,B
9022010001314001,Skärvaboda,56.28622,15.63419,0,9021010001314000,A
9022010001314002,Skärvaboda,56.28613,15.63416,0,9021010001314000,B
9022010001315001,Yasjö,56.29671,15.65163,0,9021010001315000,A
9022010001315002,Yasjö,56.29658,15.65113,0,9021010001315000,B
9022010001316001,Viökvarnsvägen,56.30083,15.65879,0,9021010001316000,A
9022010001316002,Viökvarnsvägen,56.30073,15.65871,0,9021010001316000,B
9022010001317001,Viövägen,56.30906,15.67697,0,9021010001317000,A
9022010001317002,Viövägen,56.30905,15.67693,0,9021010001317000,B
9022010001318001,Stubbelycke,56.30956,15.68231,0,9021010001318000,A
9022010001318002,Stubbelycke,56.30948,15.68231,0,9021010001318000,B
9022010001319001,Göksjöholm,56.31261,15.69491,0,9021010001319000,A
9022010001319002,Göksjöholm,56.3126,15.69497,0,9021010001319000,B
9022010001320001,Lillö,56.3198,15.71431,0,9021010001320000,A
9022010001320002,Lillö,56.31976,15.71386,0,9021010001320000,B
9022010001321001,Bromålavägen,56.31888,15.71944,0,9021010001321000,A
9022010001321002,Bromålavägen,56.31861,15.72073,0,9021010001321000,B
9022010001322001,Allsjömåla,56.31853,15.73851,0,9021010001322000,A
9022010001322002,Allsjömåla,56.31823,15.73843,0,9021010001322000,B
9022010001323001,Fjärdsjömåla,56.33858,15.74065,0,9021010001323000,A
9022010001323002,Fjärdsjömåla,56.3387,15.74078,0,9021010001323000,B
9022010001324001,N Flymen,56.34712,15.75356,0,9021010001324000,A
9022010001325001,S Fjärdsjömåla,56.33185,15.74117,0,9021010001325000,A
9022010001325002,S Fjärdsjömåla,56.33161,15.74107,0,9021010001325000,B
9022010001326001,Hildehult,56.28626,15.62063,0,9021010001326000,A
9022010001326002,Hildehult,56.28648,15.62066,0,9021010001326000,B
9022010001327001,S Svensgöl,56.29695,15.61778,0,9021010001327000,A
9022010001327002,S Svensgöl,56.29686,15.61778,0,9021010001327000,B
9022010001328001,Stengöl,56.30831,15.62427,0,9021010001328000,A
9022010001328002,Stengöl,56.30851,15.62443,0,9021010001328000,B
9022010001329001,Granholmen,56.30927,15.60987,0,9021010001329000,A
9022010001329002,Granholmen,56.3094,15.6097,0,9021010001329000,B
9022010001330001,Ekekullen,56.31115,15.59935,0,9021010001330000,A
9022010001330002,Ekekullen,56.31115,15.60011,0,9021010001330000,B
9022010001331001,Spjutsbygd,56.31162,15.59412,0,9021010001331000,A
9022010001331002,Spjutsbygd,56.3122,15.59395,0,9021010001331000,B
9022010001332001,Skogsvägen,56.31118,15.58811,0,9021010001332000,A
9022010001332002,Skogsvägen,56.31153,15.58578,0,9021010001332000,B
9022010001333001,Spjutsbygds vsk,56.3121,15.58011,0,9021010001333000,A
9022010001333002,Spjutsbygds vsk,56.31236,15.58025,0,9021010001333000,B
9022010001334001,Rydsvägen,56.32453,15.57821,0,9021010001334000,A
9022010001334002,Rydsvägen,56.32583,15.57815,0,9021010001334000,B
9022010001335001,Tvingelshed,56.33116,15.57626,0,9021010001335000,A
9022010001335002,Tvingelshed,56.33053,15.57699,0,9021010001335000,B
9022010001336001,Kuleryd,56.34624,15.57589,0,9021010001336000,A
9022010001336002,Kuleryd,56.34581,15.5757,0,9021010001336000,B
9022010001337001,Strandhem,56.35626,15.57747,0,9021010001337000,A
9022010001337002,Strandhem,56.35573,15.57758,0,9021010001337000,B
9022010001338001,Kvarnagårdsvägen,56.36228,15.57641,0,9021010001338000,A
9022010001338002,Kvarnagårdsvägen,56.36165,15.57674,0,9021010001338000,B
9022010001339001,Strandvägen,56.37115,15.56948,0,9021010001339000,A
9022010001339002,Strandvägen,56.37136,15.56951,0,9021010001339000,B
9022010001340001,Nävragöl,56.3749,15.56704,0,9021010001340000,A
9022010001340002,Nävragöl,56.37356,15.56836,0,9021010001340000,B
9022010001342001,Svensgöl,56.30076,15.61996,0,9021010001342000,A
9022010001342002,Svensgöl,56.30048,15.61962,0,9021010001342000,B
9022010001343001,Norra Svensgöl,56.30383,15.62366,0,9021010001343000,A
9022010001343002,Norra Svensgöl,56.30356,15.62366,0,9021010001343000,B
9022010001344001,Staffansbygd,56.3828,15.55929,0,9021010001344000,A
9022010001344002,Staffansbygd,56.38363,15.5593,0,9021010001344000,B
9022010001345001,Nävrasjö,56.38848,15.55822,0,9021010001345000,A
9022010001345002,Nävrasjö,56.3895,15.55818,0,9021010001345000,B
9022010001346001,Sillhövda,56.4009,15.55234,0,9021010001346000,A
9022010001346002,Sillhövda,56.40143,15.55177,0,9021010001346000,B
9022010001348001,Sillhövda kyrka,56.41023,15.54432,0,9021010001348000,A
9022010001348002,Sillhövda kyrka,56.41072,15.54446,0,9021010001348000,B
9022010001349001,Brödlösevägen,56.41615,15.54404,0,9021010001349000,A
9022010001349002,Brödlösevägen,56.4162,15.54405,0,9021010001349000,B
9022010001350001,Holmsjö,56.42189,15.54204,0,9021010001350000,B
9022010001351001,Eringsbodavägen,56.42666,15.53601,0,9021010001351000,A
9022010001351002,Eringsbodavägen,56.4266,15.53609,0,9021010001351000,B
9022010001352001,Sofieberg,56.45185,15.56859,0,9021010001352000,A
9022010001352002,Sofieberg,56.45198,15.5689,0,9021010001352000,B
9022010001353001,Södra Fur,56.45496,15.58239,0,9021010001353000,A
9022010001353002,Södra Fur,56.45485,15.58231,0,9021010001353000,B
9022010001354001,Åbyholmsvägen,56.46033,15.58975,0,9021010001354000,A
9022010001354002,Åbyholmsvägen,56.46048,15.5899,0,9021010001354000,B
9022010001355001,Fur,56.46413,15.59272,0,9021010001355000,A
9022010001355002,Fur,56.46489,15.59315,0,9021010001355000,B
9022010001356001,Saleboda vsk,56.4739,15.59719,0,9021010001356000,A
9022010001356002,Saleboda vsk,56.47388,15.59737,0,9021010001356000,B
9022010001357001,Furs Sjukhus,56.47573,15.59271,0,9021010001357000,A
9022010001358001,Hörnsjö,56.43868,15.54927,0,9021010001358000,A
9022010001358002,Hörnsjö,56.43844,15.5491,0,9021010001358000,B
9022010001359001,Hörydavägen,56.30811,15.58065,0,9021010001359000,A
9022010001359002,Hörydavägen,56.30698,15.58093,0,9021010001359000,B
9022010001360001,Bostorp,56.30301,15.58137,0,9021010001360000,A
9022010001360002,Bostorp,56.3018,15.5817,0,9021010001360000,B
9022010001361001,Lugna Dal,56.2908,15.58283,0,9021010001361000,A
9022010001361002,Lugna Dal,56.2902,15.58293,0,9021010001361000,B
9022010001362001,Uddabygd,56.27436,15.58756,0,9021010001362000,A
9022010001362002,Uddabygd,56.27368,15.58835,0,9021010001362000,B
9022010001366001,Kemivägen,56.26161,15.61376,0,9021010001366000,A
9022010001366002,Kemivägen,56.26171,15.61201,0,9021010001366000,B
9022010001367001,Johannesberg,56.2613,15.60588,0,9021010001367000,A
9022010001367002,Johannesberg,56.26205,15.60501,0,9021010001367000,B
9022010001368001,Högklint,56.26921,15.58995,0,9021010001368000,A
9022010001368002,Högklint,56.26926,15.59093,0,9021010001368000,B
9022010001369001,Emmeryd,56.2693,15.57794,0,9021010001369000,A
9022010001369002,Emmeryd,56.26931,15.57913,0,9021010001369000,B
9022010001370001,Missionshuset,56.26901,15.55675,0,9021010001370000,A
9022010001370002,Missionshuset,56.26923,15.55796,0,9021010001370000,B
9022010001371001,Pålycke,56.2691,15.54971,0,9021010001371000,A
9022010001371002,Pålycke,56.26941,15.54785,0,9021010001371000,B
9022010001372001,Smedjetorpsvägen,56.27455,15.53295,0,9021010001372000,A
9022010001372002,Smedjetorpsvägen,56.27491,15.53248,0,9021010001372000,B
9022010001373001,Fridlevstad,56.27117,15.54122,0,9021010001373000,A
9022010001373002,Fridlevstad,56.27121,15.54146,0,9021010001373000,B
9022010001374001,Höryda,56.28647,15.50818,0,9021010001374000,A
9022010001374002,Höryda,56.28655,15.50821,0,9021010001374000,B
9022010001375001,Bröstorp,56.29241,15.49387,0,9021010001375000,A
9022010001375002,Bröstorp,56.29216,15.49484,0,9021010001375000,B
9022010001376001,Bråstorp,56.29598,15.48312,0,9021010001376000,A
9022010001376002,Bråstorp,56.29633,15.48226,0,9021010001376000,B
9022010001377001,Berg,56.2997,15.47546,0,9021010001377000,A
9022010001377002,Berg,56.30005,15.47528,0,9021010001377000,B
9022010001378001,Byasjövägen,56.30245,15.47064,0,9021010001378000,A
9022010001378002,Byasjövägen,56.30191,15.472,0,9021010001378000,B
9022010001379001,Tving,56.30611,15.46623,0,9021010001379000,A
9022010001379002,Tving,56.30648,15.46592,0,9021010001379000,B
9022010001380001,Bygatan Tving,56.31143,15.45822,0,9021010001380000,A
9022010001380002,Bygatan Tving,56.31155,15.4582,0,9021010001380000,B
9022010001381001,Måstad,56.3187,15.44624,0,9021010001381000,A
9022010001381002,Måstad,56.31876,15.44629,0,9021010001381000,B
9022010001382001,Kallingevägen,56.32131,15.44434,0,9021010001382000,A
9022010001382002,Kallingevägen,56.32246,15.44367,0,9021010001382000,B
9022010001383001,Marieberg Tving,56.3263,15.44103,0,9021010001383000,A
9022010001383002,Marieberg Tving,56.32575,15.44158,0,9021010001383000,B
9022010001384001,Alnaryd,56.34111,15.43084,0,9021010001384000,A
9022010001385001,Skärfva by,56.21258,15.56203,0,9021010001385000,A
9022010001385002,Skärfva by,56.21269,15.56193,0,9021010001385000,B
9022010001386001,Bergtorpsvägen,56.31204,15.62771,0,9021010001386000,A
9022010001386002,Bergtorpsvägen,56.31232,15.62792,0,9021010001386000,B
9022010001387001,Offamåla,56.31698,15.63384,0,9021010001387000,A
9022010001387002,Offamåla,56.31643,15.63331,0,9021010001387000,B
9022010001388001,Idehult,56.32925,15.64171,0,9021010001388000,A
9022010001388002,Idehult,56.32925,15.64175,0,9021010001388000,B
9022010001389001,Strömsberg,56.33358,15.64557,0,9021010001389000,A
9022010001389002,Strömsberg,56.33259,15.64468,0,9021010001389000,B
9022010001390001,Strömsbergs skola,56.33734,15.64786,0,9021010001390000,A
9022010001390002,Strömsbergs skola,56.33626,15.64729,0,9021010001390000,B
9022010001391001,Långemålavägen,56.34638,15.64873,0,9021010001391000,A
9022010001391002,Långemålavägen,56.34579,15.64909,0,9021010001391000,B
9022010001392001,Figgamålaväg,56.35751,15.64579,0,9021010001392000,A
9022010001392002,Figgamålaväg,56.35643,15.64609,0,9021010001392000,B
9022010001393001,Falan,56.36761,15.64549,0,9021010001393000,A
9022010001393002,Falan,56.3666,15.64585,0,9021010001393000,B
9022010001394001,S Buggamåla,56.37495,15.64403,0,9021010001394000,A
9022010001394002,S Buggamåla,56.37371,15.64435,0,9021010001394000,B
9022010001395001,N Buggamåla,56.38141,15.64291,0,9021010001395000,A
9022010001395002,N Buggamåla,56.38011,15.64302,0,9021010001395000,B
9022010001396001,Bjurabyggetv,56.38685,15.64228,0,9021010001396000,A
9022010001396002,Bjurabyggetv,56.38681,15.64241,0,9021010001396000,B
9022010001397001,Åsen,56.3946,15.63908,0,9021010001397000,A
9022010001397002,Åsen,56.39383,15.63958,0,9021010001397000,B
9022010001398001,Ärkilsmåla,56.40263,15.63979,0,9021010001398000,A
9022010001398002,Ärkilsmåla,56.40161,15.63939,0,9021010001398000,B
9022010001399001,Stensborg,56.40915,15.6481,0,9021010001399000,A
9022010001399002,Stensborg,56.40851,15.64705,0,9021010001399000,B
9022010001400001,Ledja,56.41611,15.66116,0,9021010001400000,A
9022010001401001,Skolhpl,56.2643,15.62073,0,9021010001401000,A
9022010001401002,Skolhpl,56.26438,15.62089,0,9021010001401000,B
9022010001401003,Skolhpl,56.26417,15.62081,0,9021010001401000,C
9022010001401004,Skolhpl,56.26392,15.62077,0,9021010001401000,D
9022010001402001,Silleboda,56.20926,15.60119,0,9021010001402000,A
9022010001402002,Silleboda,56.20876,15.60237,0,9021010001402000,B
9022010001403001,Nättraby hörnet,56.20697,15.53063,0,9021010001403000,A
9022010001403002,Nättraby hörnet,56.2068,15.53082,0,9021010001403000,B
9022010001404001,Nättraby E22,56.20729,15.52951,0,9021010001404000,A
9022010001404002,Nättraby E22,56.20724,15.5281,0,9021010001404000,B
9022010001405001,Bjärby,56.2022,15.51081,0,9021010001405000,A
9022010001405002,Bjärby,56.20245,15.5115,0,9021010001405000,B
9022010001406001,Skillinge,56.20081,15.50008,0,9021010001406000,A
9022010001406002,Skillinge,56.20052,15.4981,0,9021010001406000,B
9022010001407001,Bjärbylund,56.19796,15.48033,0,9021010001407000,A
9022010001407002,Bjärbylund,56.1981,15.48056,0,9021010001407000,B
9022010001408001,Skönstavik,56.20073,15.60664,0,9021010001408000,A
9022010001408002,Skönstavik,56.20086,15.60702,0,9021010001408000,B
9022010001409001,Karlsgärde,56.20487,15.60402,0,9021010001409000,A
9022010001409002,Karlsgärde,56.20541,15.60405,0,9021010001409000,B
9022010001412001,Såglyckan,56.21101,15.55084,0,9021010001412000,A
9022010001412002,Såglyckan,56.2111,15.55169,0,9021010001412000,B
9022010001413001,Bokskogsvägen,56.21036,15.54109,0,9021010001413000,A
9022010001413002,Bokskogsvägen,56.21067,15.54151,0,9021010001413000,B
9022010001414001,Dalby,56.20435,15.53769,0,9021010001414000,B
9022010001415001,Nättraby kyrka,56.20136,15.53714,0,9021010001415000,B
9022010001416001,Åvägen,56.20264,15.53496,0,9021010001416000,A
9022010001416002,Åvägen,56.20389,15.53448,0,9021010001416000,B
9022010001417001,Nättraby skola,56.20488,15.52861,0,9021010001417000,A
9022010001417002,Nättraby skola,56.20459,15.52906,0,9021010001417000,B
9022010001418001,Benabacken,56.20128,15.53189,0,9021010001418000,A
9022010001418002,Benabacken,56.20101,15.53194,0,9021010001418000,B
9022010001419001,Roslundavägen,56.19726,15.53194,0,9021010001419000,A
9022010001419002,Roslundavägen,56.19711,15.53221,0,9021010001419000,B
9022010001420001,Granitvägen,56.19391,15.53554,0,9021010001420000,A
9022010001420002,Granitvägen,56.19307,15.53355,0,9021010001420000,B
9022010001421001,Ängsvägen,56.19037,15.5305,0,9021010001421000,A
9022010001421002,Ängsvägen,56.19024,15.53047,0,9021010001421000,B
9022010001424001,Mjövikstrandsv,56.18778,15.52798,0,9021010001424000,A
9022010001424002,Mjövikstrandsv,56.18787,15.52759,0,9021010001424000,B
9022010001425001,Dalamad,56.18838,15.51599,0,9021010001425000,A
9022010001425002,Dalamad,56.18837,15.51556,0,9021010001425000,B
9022010001426001,Grönadal,56.18659,15.50968,0,9021010001426000,A
9022010001426002,Grönadal,56.1866,15.5095,0,9021010001426000,B
9022010001427001,Skillingenäs,56.18445,15.50502,0,9021010001427000,A
9022010001427002,Skillingenäs,56.1849,15.50563,0,9021010001427000,B
9022010001428001,Färmanstorpsv,56.18513,15.49978,0,9021010001428000,A
9022010001429001,Rosenholm,56.21268,15.60137,0,9021010001429000,A
9022010001429002,Rosenholm,56.21284,15.60146,0,9021010001429000,B
9022010001430001,Allatorps gård,56.22052,15.59059,0,9021010001430000,A
9022010001430002,Allatorps gård,56.22068,15.59059,0,9021010001430000,B
9022010001431001,Allévägen,56.21614,15.59782,0,9021010001431000,A
9022010001431002,Allévägen,56.21669,15.5977,0,9021010001431000,B
9022010001432001,Allatorp,56.21869,15.59445,0,9021010001432000,A
9022010001432002,Allatorp,56.21869,15.59447,0,9021010001432000,B
9022010001433001,Boråkra,56.22355,15.58232,0,9021010001433000,A
9022010001433002,Boråkra,56.22363,15.58246,0,9021010001433000,B
9022010001438001,Nättrabyån,56.20848,15.53249,0,9021010001438000,A
9022010001441001,Näsvägen,56.11788,15.45889,0,9021010001441000,A
9022010001441002,Näsvägen,56.11788,15.45898,0,9021010001441000,B
9022010001442001,Hallarna,56.11376,15.45449,0,9021010001442000,A
9022010001442002,Hallarna,56.11415,15.4546,0,9021010001442000,B
9022010001443001,Tångenvägen,56.11161,15.45737,0,9021010001443000,A
9022010001443002,Tångenvägen,56.11165,15.45735,0,9021010001443000,B
9022010001450001,Hasslö,56.11526,15.47528,0,9021010001450000,A
9022010001450002,Hasslö,56.11521,15.47531,0,9021010001450000,B
9022010001452001,Fabian Månssons väg,56.11234,15.47014,0,9021010001452000,A
9022010001452002,Fabian Månssons väg,56.11231,15.47042,0,9021010001452000,B
9022010001453001,Horn (Kyrkan),56.11843,15.48133,0,9021010001453000,A
9022010001460001,Råsens vsk E22,56.30247,16.00599,0,9021010001460000,A
9022010001461001,Stubbemåla/Råsen vsk,56.28715,16.03157,0,9021010001461000,A
9022010001462001,Masten vsk,56.26735,16.03195,0,9021010001462000,A
9022010001463001,Kristanopel vsk,56.26203,16.03883,0,9021010001463000,A
9022010001466001,Tving skola,56.30678,15.46648,0,9021010001466000,A
9022010001466002,Tving skola,56.30678,15.46648,0,9021010001466000,B
9022010001468001,Bränteknuva vsk,56.24386,15.55878,0,9021010001468000,A
9022010001468002,Bränteknuva vsk,56.24386,15.55891,0,9021010001468000,B
9022010001469001,Målatorps vsk,56.2492,15.52761,0,9021010001469000,A
9022010001469002,Målatorps vsk,56.2492,15.52848,0,9021010001469000,B
9022010001470001,Gillabro,56.25638,15.51259,0,9021010001470000,A
9022010001470002,Gillabro,56.25649,15.51247,0,9021010001470000,B
9022010001471001,Mommelycke,56.27105,15.51309,0,9021010001471000,A
9022010001471002,Mommelycke,56.27093,15.51306,0,9021010001471000,B
9022010001472001,Björkeryd,56.26445,15.50827,0,9021010001472000,A
9022010001472002,Björkeryd,56.26458,15.5083,0,9021010001472000,B
9022010001474001,Harstorp,56.24138,15.56297,0,9021010001474000,A
9022010001474002,Harstorp,56.24158,15.56268,0,9021010001474000,B
9022010001482001,Allatorp norra,56.22877,15.58432,0,9021010001482000,A
9022010001482002,Allatorp norra,56.22971,15.58174,0,9021010001482000,B
9022010001483001,Bränteknuva by,56.24566,15.54146,0,9021010001483000,A
9022010001483002,Bränteknuva by,56.24585,15.54103,0,9021010001483000,B
9022010001486001,Verkö färjeterminalen,56.16477,15.63084,0,9021010001486000,A
9022010001487001,Brofästet,56.13687,15.74246,0,9021010001487000,A
9022010001487002,Brofästet,56.13653,15.74182,0,9021010001487000,B
9022010001489001,Skärva,56.21062,15.57013,0,9021010001489000,A
9022010001489002,Skärva,56.21222,15.56943,0,9021010001489000,B
9022010001491001,Nättraby centrum,56.19992,15.53659,0,9021010001491000,A
9022010001491002,Nättraby centrum,56.19988,15.5364,0,9021010001491000,B
9022010001505001,Alvarsmåla,56.43373,15.46342,0,9021010001505000,A
9022010001505002,Alvarsmåla,56.43373,15.46342,0,9021010001505000,B
9022010001506001,Grönadals brygga,56.17454,15.51743,0,9021010001506000,A
9022010001600001,Karlskrona centralstation,56.16637,15.58452,0,9021010001600000,A
9022010001600002,Karlskrona centralstation,56.16673,15.58495,0,9021010001600000,B
9022010001600003,Karlskrona centralstation,56.16652,15.58592,0,9021010001600000,C
9022010001600004,Karlskrona centralstation,56.16647,15.58602,0,9021010001600000,D
9022010001600005,Karlskrona centralstation,56.1665,15.58531,0,9021010001600000,T
9022010001601001,Karlskrona centrum,56.16304,15.58589,0,9021010001601000,A
9022010001601002,Karlskrona centrum,56.16325,15.58676,0,9021010001601000,D
9022010001609001,Järavägen,56.20208,15.64146,0,9021010001609000,A
9022010001609002,Järavägen,56.20195,15.64108,0,9021010001609000,B
9022010001619001,Amiralitetstorget,56.15912,15.58482,0,9021010001619000,A
9022010001619002,Amiralitetstorget,56.15903,15.58485,0,9021010001619000,B
9022010001621001,Gullberna,56.19329,15.63182,0,9021010001621000,A
9022010001621002,Gullberna,56.1933,15.63211,0,9021010001621000,B
9022010001809001,Nävragöl slingan,56.37551,15.56584,0,9021010001809000,B
9022010001921001,Handelshamnen,56.16343,15.59674,0,9021010001921000,A
9022010001927001,Campus Gräsvik,56.18058,15.59254,0,9021010001927000,A
9022010001927002,Campus Gräsvik,56.18058,15.593,0,9021010001927000,B
9022010001933001,NKT Arena Karlskrona,56.21718,15.60381,0,9021010001933000,A
9022010001934001,Lyckeby Slottsbacken,56.19751,15.64867,0,9021010001934000,A
9022010001934002,Lyckeby Slottsbacken,56.19749,15.64944,0,9021010001934000,B
9022010001936001,Wämöparken,56.17908,15.61143,0,9021010001936000,A
9022010001936002,Wämöparken,56.17835,15.61329,0,9021010001936000,B
9022010001937001,Lokstallarna,56.16854,15.5838,0,9021010001937000,A
9022010001937002,Lokstallarna,56.16887,15.58433,0,9021010001937000,B
9022010001941001,Bredavik brygga,56.11616,15.68628,0,9021010001941000,A
9022010001941002,Bredavik brygga,56.11616,15.68628,0,9021010001941000,B
9022010001941003,Bredavik brygga,56.11608,15.68562,0,9021010001941000,C
9022010001942001,Hasslö Horns brygga,56.11831,15.48867,0,9021010001942000,A
9022010001955001,Trummenäs brygga,56.16022,15.72454,0,9021010001955000,A
9022010002000001,Ronneby Resecentrum,56.20659,15.28362,0,9021010002000000,A
9022010002000002,Ronneby Resecentrum,56.20649,15.28382,0,9021010002000000,B
9022010002000003,Ronneby Resecentrum,56.20638,15.284,0,9021010002000000,C
9022010002000004,Ronneby Resecentrum,56.20626,15.28419,0,9021010002000000,D
9022010002000005,Ronneby Resecentrum,56.20616,15.28434,0,9021010002000000,E
9022010002000006,Ronneby Resecentrum,56.20606,15.28453,0,9021010002000000,F
9022010002000007,Ronneby Resecentrum,56.20649,15.2835,0,9021010002000000,T
9022010002002001,Kulturcentrum,56.2112,15.28034,0,9021010002002000,A
9022010002002002,Kulturcentrum,56.21125,15.28042,0,9021010002002000,B
9022010002003001,Rydenskan,56.2179,15.28195,0,9021010002003000,A
9022010002003002,Rydenskan,56.21811,15.28198,0,9021010002003000,B
9022010002004001,Djupadal,56.22651,15.2795,0,9021010002004000,A
9022010002004002,Djupadal,56.22671,15.27942,0,9021010002004000,B
9022010002005001,Lindvägen,56.23858,15.28459,0,9021010002005000,A
9022010002005002,Lindvägen,56.23885,15.28628,0,9021010002005000,B
9022010002006001,Kallinge kyrka,56.24167,15.2906,0,9021010002006000,A
9022010002006002,Kallinge kyrka,56.2418,15.29082,0,9021010002006000,B
9022010002007001,Kallinge torg,56.24595,15.28688,0,9021010002007000,A
9022010002007002,Kallinge torg,56.2461,15.28697,0,9021010002007000,B
9022010002007003,Kallinge torg,56.24506,15.28581,0,9021010002007000,C
9022010002007004,Kallinge torg,56.24501,15.28549,0,9021010002007000,D
9022010002009001,Kallinge skola,56.24392,15.28253,0,9021010002009000,A
9022010002009002,Kallinge skola,56.24438,15.28327,0,9021010002009000,B
9022010002010001,Järnvallen,56.24869,15.2795,0,9021010002010000,A
9022010002010002,Järnvallen,56.2486,15.27974,0,9021010002010000,B
9022010002011001,Häggdalavägen,56.24285,15.27802,0,9021010002011000,A
9022010002011002,Häggdalavägen,56.24293,15.27781,0,9021010002011000,B
9022010002012001,Linfältsvägen,56.24445,15.27685,0,9021010002012000,A
9022010002012002,Linfältsvägen,56.24447,15.27688,0,9021010002012000,B
9022010002013001,Vallmovägen,56.24665,15.27761,0,9021010002013000,A
9022010002013002,Vallmovägen,56.24657,15.2776,0,9021010002013000,B
9022010002014001,Fanjunkarevägen,56.25038,15.28251,0,9021010002014000,A
9022010002014002,Fanjunkarevägen,56.25066,15.28372,0,9021010002014000,B
9022010002014003,Fanjunkarevägen,56.25037,15.28125,0,9021010002014000,C
9022010002014004,Fanjunkarevägen,56.24957,15.28262,0,9021010002014000,D
9022010002015001,Hangarvägen,56.25451,15.28526,0,9021010002015000,A
9022010002015002,Hangarvägen,56.2545,15.28538,0,9021010002015000,B
9022010002016001,Kallinge F17,56.25856,15.28634,0,9021010002016000,B
9022010002020001,Bredåkra kyrka,56.25556,15.25193,0,9021010002020000,A
9022010002020002,Bredåkra kyrka,56.25555,15.25172,0,9021010002020000,B
9022010002021001,Ronneby torg,56.21097,15.2776,0,9021010002021000,B
9022010002022001,Stadshusbron,56.21225,15.27352,0,9021010002022000,B
9022010002023001,Stadshuset Maxi,56.21365,15.27152,0,9021010002023000,A
9022010002023002,Stadshuset Maxi,56.21462,15.27146,0,9021010002023000,B
9022010002024001,Sörby,56.2188,15.2679,0,9021010002024000,A
9022010002024002,Sörby,56.21906,15.2679,0,9021010002024000,B
9022010002026001,Olsgården,56.2459,15.2944,0,9021010002026000,A
9022010002026002,Olsgården,56.2459,15.29456,0,9021010002026000,B
9022010002027001,Almvägen,56.23734,15.29625,0,9021010002027000,A
9022010002027002,Almvägen,56.2368,15.29658,0,9021010002027000,B
9022010002029001,Lindvägen södra,56.23509,15.29041,0,9021010002029000,A
9022010002029002,Lindvägen södra,56.235,15.29046,0,9021010002029000,B
9022010002031001,Svärtavägen,56.17618,15.27942,0,9021010002031000,A
9022010002031002,Svärtavägen,56.17616,15.27958,0,9021010002031000,B
9022010002032001,Sörbydal Norra,56.23876,15.25514,0,9021010002032000,A
9022010002032002,Sörbydal Norra,56.2394,15.25476,0,9021010002032000,B
9022010002033001,Dammarnas vsk,56.24555,15.24869,0,9021010002033000,A
9022010002033002,Dammarnas vsk,56.24582,15.24796,0,9021010002033000,B
9022010002035001,Strandgatan,56.21075,15.27345,0,9021010002035000,A
9022010002036001,Ronnebyhamn,56.17642,15.29867,0,9021010002036000,A
9022010002036002,Ronnebyhamn,56.17642,15.29867,0,9021010002036000,B
9022010002038001,Rönninge,56.19224,15.29393,0,9021010002038000,A
9022010002038002,Rönninge,56.19322,15.29297,0,9021010002038000,B
9022010002039001,Ronneby Brunn Soft Center,56.1966,15.28958,0,9021010002039000,A
9022010002039002,Ronneby Brunn Soft Center,56.19647,15.28969,0,9021010002039000,B
9022010002041001,Hvidehus,56.20192,15.28117,0,9021010002041000,A
9022010002041002,Hvidehus,56.20196,15.28087,0,9021010002041000,B
9022010002042001,Övre Brunnsvägen,56.20495,15.27893,0,9021010002042000,A
9022010002042002,Övre Brunnsvägen,56.20489,15.27883,0,9021010002042000,B
9022010002043001,Idrottplatsen,56.20623,15.27515,0,9021010002043000,A
9022010002043002,Idrottplatsen,56.20614,15.27523,0,9021010002043000,B
9022010002044001,Götgatan,56.20682,15.2736,0,9021010002044000,A
9022010002044002,Götgatan,56.20741,15.27391,0,9021010002044000,B
9022010002045001,Söderbro,56.20926,15.27553,0,9021010002045000,A
9022010002045002,Söderbro,56.20926,15.27553,0,9021010002045000,B
9022010002047001,Sjötorpet,56.17325,15.29044,0,9021010002047000,A
9022010002047002,Sjötorpet,56.1733,15.29031,0,9021010002047000,B
9022010002048001,Ekenäsvägen,56.17276,15.28655,0,9021010002048000,A
9022010002048002,Ekenäsvägen,56.17278,15.28661,0,9021010002048000,B
9022010002049001,Ekenäs badplats,56.17293,15.28056,0,9021010002049000,A
9022010002049002,Ekenäs badplats,56.17303,15.28154,0,9021010002049000,B
9022010002050001,Lindekullen,56.17931,15.27805,0,9021010002050000,A
9022010002050002,Lindekullen,56.17959,15.27784,0,9021010002050000,B
9022010002051001,Tegelbruksvägen,56.18325,15.27146,0,9021010002051000,A
9022010002051002,Tegelbruksvägen,56.18335,15.27151,0,9021010002051000,B
9022010002052001,Sjövik,56.1808,15.26542,0,9021010002052000,A
9022010002052002,Sjövik,56.1808,15.26517,0,9021010002052000,B
9022010002053001,Risanäs gård,56.17878,15.25856,0,9021010002053000,A
9022010002053002,Risanäs gård,56.17885,15.25866,0,9021010002053000,B
9022010002054001,Risanäs,56.17731,15.25018,0,9021010002054000,A
9022010002054002,Risanäs,56.17757,15.25027,0,9021010002054000,B
9022010002055001,Svanevik,56.17505,15.2462,0,9021010002055000,A
9022010002055002,Svanevik,56.17508,15.24607,0,9021010002055000,B
9022010002056001,Sjöhaga,56.17159,15.23988,0,9021010002056000,A
9022010002056002,Sjöhaga,56.17138,15.23938,0,9021010002056000,B
9022010002057001,Saxemara,56.16773,15.22921,0,9021010002057000,A
9022010002057002,Saxemara,56.16781,15.22929,0,9021010002057000,B
9022010002058001,Spjälkö vsk,56.16528,15.22197,0,9021010002058000,A
9022010002058002,Spjälkö vsk,56.16528,15.2218,0,9021010002058000,B
9022010002059001,Spjälkö,56.1625,15.21139,0,9021010002059000,A
9022010002059002,Spjälkö,56.16243,15.21114,0,9021010002059000,B
9022010002060001,Dragsnäs gård,56.16091,15.20157,0,9021010002060000,A
9022010002060002,Dragsnäs gård,56.16096,15.20165,0,9021010002060000,B
9022010002061001,Dragsnäs,56.1636,15.19863,0,9021010002061000,A
9022010002061002,Dragsnäs,56.16356,15.19879,0,9021010002061000,B
9022010002062001,Trolleboda vsk,56.16773,15.1792,0,9021010002062000,A
9022010002062002,Trolleboda vsk,56.16791,15.17934,0,9021010002062000,B
9022010002063001,Skönevik,56.16691,15.17311,0,9021010002063000,A
9022010002063002,Skönevik,56.16702,15.17311,0,9021010002063000,B
9022010002064001,Bökevik,56.1642,15.16206,0,9021010002064000,A
9022010002064002,Bökevik,56.16427,15.16182,0,9021010002064000,B
9022010002065001,Ö Vieryd,56.16635,15.15607,0,9021010002065000,A
9022010002065002,Ö Vieryd,56.16611,15.15648,0,9021010002065000,B
9022010002066001,Vieryds gård,56.16893,15.15213,0,9021010002066000,B
9022010002067001,Vieryd,56.16986,15.14846,0,9021010002067000,A
9022010002069001,Risatorp,56.1934,15.26765,0,9021010002069000,A
9022010002069002,Risatorp,56.19339,15.26752,0,9021010002069000,B
9022010002072001,Älgbacken,56.20066,15.27072,0,9021010002072000,A
9022010002072002,Älgbacken,56.20051,15.27041,0,9021010002072000,B
9022010002073001,Knut Hahnsskolan,56.2033,15.27155,0,9021010002073000,A
9022010002073002,Knut Hahnsskolan,56.20497,15.27225,0,9021010002073000,B
9022010002074001,Snäckebacksskolan,56.20684,15.27145,0,9021010002074000,A
9022010002074002,Snäckebacksskolan,56.2073,15.26974,0,9021010002074000,B
9022010002076001,Sörbycenter,56.21748,15.26491,0,9021010002076000,A
9022010002076002,Sörbycenter,56.21777,15.26461,0,9021010002076000,B
9022010002080001,Bustorp,56.185,15.27247,0,9021010002080000,A
9022010002080002,Bustorp,56.18495,15.27234,0,9021010002080000,B
9022010002081001,Hjortahammars vsk,56.19789,15.46856,0,9021010002081000,A
9022010002081002,Hjortahammars vsk,56.19773,15.47143,0,9021010002081000,B
9022010002081003,Hjortahammars vsk,56.197,15.46979,0,9021010002081000,D
9022010002082001,Norra Esketorp,56.1927,15.46937,0,9021010002082000,A
9022010002082002,Norra Esketorp,56.19268,15.46931,0,9021010002082000,B
9022010002083001,Tromtesunda,56.17976,15.46512,0,9021010002083000,A
9022010002083002,Tromtesunda,56.17985,15.46493,0,9021010002083000,B
9022010002084001,Esketorp,56.18776,15.46736,0,9021010002084000,A
9022010002084002,Esketorp,56.18663,15.46661,0,9021010002084000,B
9022010002085001,Gnistan,56.17863,15.46433,0,9021010002085000,A
9022010002085002,Gnistan,56.17681,15.46377,0,9021010002085000,B
9022010002086001,Gravfältet,56.16993,15.46254,0,9021010002086000,A
9022010002086002,Gravfältet,56.16991,15.46238,0,9021010002086000,B
9022010002087001,Almöbron,56.16707,15.46065,0,9021010002087000,A
9022010002087002,Almöbron,56.16561,15.45899,0,9021010002087000,B
9022010002088001,Golfbanan,56.15706,15.45039,0,9021010002088000,A
9022010002088002,Golfbanan,56.1571,15.45023,0,9021010002088000,B
9022010002089001,Hasslöbron,56.13094,15.45962,0,9021010002089000,A
9022010002089002,Hasslöbron,56.13206,15.45902,0,9021010002089000,B
9022010002090001,Espedalen,56.20865,15.26764,0,9021010002090000,A
9022010002090002,Espedalen,56.20865,15.26776,0,9021010002090000,B
9022010002094001,Hjorthöjden,56.20163,15.25561,0,9021010002094000,A
9022010002095001,Utmarksvägen,56.20015,15.26559,0,9021010002095000,A
9022010002095002,Utmarksvägen,56.20017,15.2657,0,9021010002095000,B
9022010002096001,Vidablick,56.19973,15.27226,0,9021010002096000,A
9022010002098001,Telegatan,56.22055,15.25956,0,9021010002098000,A
9022010002099001,Färmanstorp,56.17658,15.48966,0,9021010002099000,A
9022010002099002,Färmanstorp,56.17674,15.48988,0,9021010002099000,B
9022010002100001,Gamla Hulta,56.20473,15.28852,0,9021010002100000,A
9022010002100002,Gamla Hulta,56.20384,15.28916,0,9021010002100000,B
9022010002101001,Parkdala,56.20176,15.29651,0,9021010002101000,A
9022010002101002,Parkdala,56.20176,15.29508,0,9021010002101000,B
9022010002102001,Hulta Bro,56.20113,15.29871,0,9021010002102000,B
9022010002103001,Eket,56.19746,15.32388,0,9021010002103000,A
9022010002103002,Eket,56.19739,15.32314,0,9021010002103000,B
9022010002104001,Gärestad,56.1971,15.33139,0,9021010002104000,A
9022010002104002,Gärestad,56.19711,15.33103,0,9021010002104000,B
9022010002105001,Binga vsk,56.19515,15.33998,0,9021010002105000,A
9022010002105002,Binga vsk,56.19554,15.33816,0,9021010002105000,B
9022010002106001,Bygdegården,56.19371,15.34632,0,9021010002106000,A
9022010002107001,Leråkra,56.19248,15.35176,0,9021010002107000,A
9022010002107002,Leråkra,56.1921,15.35297,0,9021010002107000,B
9022010002108001,Yxnarums vsk,56.19265,15.36157,0,9021010002108000,A
9022010002108002,Yxnarums vsk,56.19266,15.36187,0,9021010002108000,B
9022010002109001,Björketorp,56.19858,15.37421,0,9021010002109000,A
9022010002109002,Björketorp,56.19878,15.37445,0,9021010002109000,B
9022010002113001,Förkärla kyrka,56.19733,15.43349,0,9021010002113000,A
9022010002113002,Förkärla kyrka,56.19724,15.43383,0,9021010002113000,B
9022010002115001,Torkebacken,56.19737,15.31262,0,9021010002115000,A
9022010002115002,Torkebacken,56.1975,15.31141,0,9021010002115000,B
9022010002116001,Bredåkra,56.25651,15.25108,0,9021010002116000,A
9022010002116002,Bredåkra,56.25726,15.25128,0,9021010002116000,B
9022010002117001,Hasselstad skola,56.26464,15.24985,0,9021010002117000,A
9022010002117002,Hasselstad skola,56.26544,15.24987,0,9021010002117000,B
9022010002118001,Hasselstad,56.27177,15.24777,0,9021010002118000,A
9022010002118002,Hasselstad,56.27236,15.24726,0,9021010002118000,B
9022010002119001,Övre Hasselstad,56.27758,15.24147,0,9021010002119000,A
9022010002119002,Övre Hasselstad,56.27861,15.24055,0,9021010002119000,B
9022010002120001,Möllenäs,56.28608,15.21837,0,9021010002120000,A
9022010002120002,Möllenäs,56.28663,15.21749,0,9021010002120000,B
9022010002121001,Ettebro,56.2949,15.20154,0,9021010002121000,A
9022010002121002,Ettebro,56.29573,15.20075,0,9021010002121000,B
9022010002122001,Silpinge vsk,56.30166,15.1923,0,9021010002122000,A
9022010002122002,Silpinge vsk,56.30236,15.19182,0,9021010002122000,B
9022010002123001,Fiskareby,56.31423,15.17964,0,9021010002123000,A
9022010002123002,Fiskareby,56.31493,15.17884,0,9021010002123000,B
9022010002124001,Bäckasjön,56.32405,15.17384,0,9021010002124000,A
9022010002124002,Bäckasjön,56.32497,15.17412,0,9021010002124000,B
9022010002125001,Bäckasjögärde,56.33265,15.17213,0,9021010002125000,A
9022010002125002,Bäckasjögärde,56.33354,15.17223,0,9021010002125000,B
9022010002126001,Backarydsskolan,56.34155,15.15786,0,9021010002126000,A
9022010002126002,Backarydsskolan,56.3421,15.15743,0,9021010002126000,B
9022010002127001,Backaryd,56.34777,15.15321,0,9021010002127000,A
9022010002127002,Backaryd,56.34777,15.15321,0,9021010002127000,B
9022010002128001,Hejans vsk,56.36143,15.13501,0,9021010002128000,A
9022010002128002,Hejans vsk,56.36205,15.13441,0,9021010002128000,B
9022010002129001,Skörje,56.36866,15.12943,0,9021010002129000,A
9022010002129002,Skörje,56.36689,15.13093,0,9021010002129000,B
9022010002130001,Hallagården Hallabro,56.38639,15.10714,0,9021010002130000,A
9022010002130002,Hallagården Hallabro,56.38647,15.10716,0,9021010002130000,B
9022010002131001,Hallabro,56.39003,15.10057,0,9021010002131000,A
9022010002131002,Hallabro,56.38897,15.10454,0,9021010002131000,B
9022010002132001,Ulfsmåla,56.40361,15.07961,0,9021010002132000,A
9022010002132002,Ulfsmåla,56.40305,15.0809,0,9021010002132000,B
9022010002133001,Siggamåla,56.41073,15.06623,0,9021010002133000,A
9022010002133002,Siggamåla,56.41038,15.06729,0,9021010002133000,B
9022010002134001,Brovägen Ronneby,56.41766,15.05431,0,9021010002134000,A
9022010002134002,Brovägen Ronneby,56.41867,15.05392,0,9021010002134000,B
9022010002138001,Askvägen,56.38687,15.10619,0,9021010002138000,A
9022010002138002,Askvägen,56.3869,15.10611,0,9021010002138000,B
9022010002139001,Lindås,56.38221,15.09131,0,9021010002139000,A
9022010002139002,Lindås,56.38226,15.09121,0,9021010002139000,B
9022010002140001,Askaremåla,56.38343,15.07535,0,9021010002140000,A
9022010002140002,Askaremåla,56.38395,15.07406,0,9021010002140000,B
9022010002141001,Svartasjövägen,56.38742,15.05106,0,9021010002141000,A
9022010002141002,Svartasjövägen,56.38764,15.05071,0,9021010002141000,B
9022010002142001,Snippen,56.38891,15.0356,0,9021010002142000,A
9022010002142002,Snippen,56.389,15.03511,0,9021010002142000,B
9022010002144001,Belganet,56.3885,15.0308,0,9021010002144000,A
9022010002144002,Belganet,56.38862,15.03086,0,9021010002144000,B
9022010002145001,Hunnamåla,56.39806,15.03872,0,9021010002145000,A
9022010002145002,Hunnamåla,56.398,15.03888,0,9021010002145000,B
9022010002146001,Spelmansstigen,56.40865,15.0352,0,9021010002146000,A
9022010002146002,Spelmansstigen,56.40881,15.03529,0,9021010002146000,B
9022010002147001,Gummagölsvägen,56.41646,15.0345,0,9021010002147000,A
9022010002147002,Gummagölsvägen,56.4165,15.0346,0,9021010002147000,B
9022010002148001,Öljehults kyrka,56.41961,15.0418,0,9021010002148000,A
9022010002148002,Öljehults kyrka,56.41953,15.04178,0,9021010002148000,B
9022010002149001,Folkparksvägen,56.19985,15.29269,0,9021010002149000,A
9022010002150001,Kalleberga skola,56.24749,15.29567,0,9021010002150000,A
9022010002150002,Kalleberga skola,56.2474,15.29571,0,9021010002150000,B
9022010002151001,Lönnamovägen,56.25248,15.30258,0,9021010002151000,A
9022010002151002,Lönnamovägen,56.25238,15.30267,0,9021010002151000,B
9022010002152001,Slåttervägen,56.25504,15.30447,0,9021010002152000,A
9022010002152002,Slåttervägen,56.25507,15.30465,0,9021010002152000,B
9022010002153001,Kommungården,56.2584,15.30751,0,9021010002153000,A
9022010002153002,Kommungården,56.25835,15.30759,0,9021010002153000,B
9022010002154001,Skuremåla vsk,56.26411,15.31403,0,9021010002154000,A
9022010002154002,Skuremåla vsk,56.26514,15.31509,0,9021010002154000,B
9022010002155001,Tranemosse,56.2719,15.31954,0,9021010002155000,A
9022010002155002,Tranemosse,56.27195,15.31968,0,9021010002155000,B
9022010002156001,S Bygget,56.27783,15.31678,0,9021010002156000,A
9022010002156002,S Bygget,56.27789,15.31678,0,9021010002156000,B
9022010002157001,N Bygget,56.28222,15.31501,0,9021010002157000,A
9022010002157002,N Bygget,56.28218,15.31503,0,9021010002157000,B
9022010002158001,Pänseryds gård,56.2895,15.31489,0,9021010002158000,A
9022010002158002,Pänseryds gård,56.2895,15.31503,0,9021010002158000,B
9022010002159001,Pänseryd,56.29768,15.31215,0,9021010002159000,A
9022010002159002,Pänseryd,56.29771,15.31229,0,9021010002159000,B
9022010002160001,Hammargärdet,56.30613,15.30744,0,9021010002160000,A
9022010002160002,Hammargärdet,56.3061,15.30753,0,9021010002160000,B
9022010002161001,Bokön,56.31456,15.31767,0,9021010002161000,A
9022010002161002,Bokön,56.3147,15.31767,0,9021010002161000,B
9022010002162001,Tvings vsk,56.31936,15.31586,0,9021010002162000,A
9022010002162002,Tvings vsk,56.31943,15.31601,0,9021010002162000,B
9022010002163001,Mållsjön,56.32156,15.30958,0,9021010002163000,A
9022010002163002,Mållsjön,56.32165,15.30951,0,9021010002163000,B
9022010002164001,Hembygdsparken,56.32573,15.29588,0,9021010002164000,A
9022010002164002,Hembygdsparken,56.32581,15.29586,0,9021010002164000,B
9022010002165001,Smedjan,56.33696,15.30152,0,9021010002165000,A
9022010002165002,Smedjan,56.33708,15.30149,0,9021010002165000,B
9022010002166001,Lindet vsk,56.34083,15.29911,0,9021010002166000,A
9022010002166002,Lindet vsk,56.34084,15.29927,0,9021010002166000,B
9022010002167001,Haraldsmåla,56.36508,15.29358,0,9021010002167000,A
9022010002167002,Haraldsmåla,56.36413,15.29443,0,9021010002167000,B
9022010002168001,Hjortseryd,56.38456,15.29246,0,9021010002168000,A
9022010002168002,Hjortseryd,56.38427,15.2924,0,9021010002168000,B
9022010002169001,Ängsjömåla,56.39613,15.30296,0,9021010002169000,A
9022010002169002,Ängsjömåla,56.39616,15.30302,0,9021010002169000,B
9022010002170001,Spikahult,56.41823,15.29519,0,9021010002170000,A
9022010002170002,Spikahult,56.41822,15.29523,0,9021010002170000,B
9022010002171001,Kolshult,56.42415,15.30242,0,9021010002171000,A
9022010002171002,Kolshult,56.42416,15.30267,0,9021010002171000,B
9022010002172001,Nyhagen,56.42635,15.32411,0,9021010002172000,A
9022010002172002,Nyhagen,56.42633,15.32405,0,9021010002172000,B
9022010002173001,Övre Kolshult,56.42821,15.33905,0,9021010002173000,A
9022010002173002,Övre Kolshult,56.42823,15.33903,0,9021010002173000,B
9022010002174001,Brogölen,56.43385,15.34955,0,9021010002174000,A
9022010002174002,Brogölen,56.43374,15.3494,0,9021010002174000,B
9022010002175001,Storegården,56.43727,15.35909,0,9021010002175000,A
9022010002175002,Storegården,56.43722,15.35914,0,9021010002175000,B
9022010002176001,Eringsboda kyrka,56.43715,15.36311,0,9021010002176000,A
9022010002176002,Eringsboda kyrka,56.43708,15.36442,0,9021010002176000,B
9022010002177001,Karlskronavägen,56.43741,15.36768,0,9021010002177000,A
9022010002177002,Karlskronavägen,56.43723,15.36808,0,9021010002177000,B
9022010002178001,Eringsboda,56.44067,15.36492,0,9021010002178000,A
9022010002178002,Eringsboda,56.44038,15.36408,0,9021010002178000,B
9022010002180001,Mjuamåla,56.44235,15.32021,0,9021010002180000,A
9022010002180002,Mjuamåla,56.44231,15.3201,0,9021010002180000,B
9022010002181001,Makrilla,56.44647,15.30501,0,9021010002181000,A
9022010002181002,Makrilla,56.44641,15.30485,0,9021010002181000,B
9022010002182001,Gitterås,56.44725,15.29275,0,9021010002182000,A
9022010002182002,Gitterås,56.44723,15.29265,0,9021010002182000,B
9022010002183001,Pålsmåla,56.4427,15.26965,0,9021010002183000,A
9022010002183002,Pålsmåla,56.44261,15.26972,0,9021010002183000,B
9022010002184001,Räntemåla väg,56.4395,15.24986,0,9021010002184000,A
9022010002184002,Räntemåla väg,56.43963,15.25052,0,9021010002184000,B
9022010002185001,Göljahult,56.4385,15.24389,0,9021010002185000,A
9022010002185002,Göljahult,56.43845,15.24418,0,9021010002185000,B
9022010002186001,Boasjöbäck,56.43233,15.22195,0,9021010002186000,A
9022010002186002,Boasjöbäck,56.43226,15.2219,0,9021010002186000,B
9022010002187001,Hjorthålan,56.41491,15.20897,0,9021010002187000,A
9022010002187002,Hjorthålan,56.41488,15.20901,0,9021010002187000,B
9022010002188001,Värmanshult vsk,56.40986,15.20399,0,9021010002188000,A
9022010002188002,Värmanshult vsk,56.40992,15.20405,0,9021010002188000,B
9022010002189001,Modala,56.40446,15.19201,0,9021010002189000,A
9022010002189002,Modala,56.40441,15.19201,0,9021010002189000,B
9022010002190001,Stora Porslösen,56.40056,15.18218,0,9021010002190000,A
9022010002190002,Stora Porslösen,56.40054,15.18227,0,9021010002190000,B
9022010002191001,Gunnerskulla,56.39235,15.17106,0,9021010002191000,A
9022010002191002,Gunnerskulla,56.39232,15.1712,0,9021010002191000,B
9022010002192001,Långsjöryd,56.37835,15.17032,0,9021010002192000,A
9022010002192002,Långsjöryd,56.37833,15.17046,0,9021010002192000,B
9022010002193001,Mialyckan,56.36506,15.16855,0,9021010002193000,A
9022010002193002,Mialyckan,56.36498,15.16857,0,9021010002193000,B
9022010002194001,Stockholm,56.35816,15.16878,0,9021010002194000,A
9022010002194002,Stockholm,56.35823,15.16881,0,9021010002194000,B
9022010002195001,Kättorp,56.242,15.22632,0,9021010002195000,A
9022010002195002,Kättorp,56.24203,15.22711,0,9021010002195000,B
9022010002196001,Kölja,56.24674,15.21454,0,9021010002196000,A
9022010002196002,Kölja,56.2473,15.21295,0,9021010002196000,B
9022010002197001,Näs,56.24604,15.19874,0,9021010002197000,A
9022010002197002,Näs,56.2462,15.19929,0,9021010002197000,B
9022010002198001,Trofta,56.24493,15.18871,0,9021010002198000,A
9022010002198002,Trofta,56.24506,15.18885,0,9021010002198000,B
9022010002199001,Sjöarps vsk,56.23171,15.15543,0,9021010002199000,A
9022010002199002,Sjöarps vsk,56.23216,15.15621,0,9021010002199000,B
9022010002200001,Naturbruksgymnasiet,56.22335,15.12456,0,9021010002200000,A
9022010002200002,Naturbruksgymnasiet,56.22301,15.12287,0,9021010002200000,B
9022010002201001,Gamla Riksvägen,56.2227,15.11644,0,9021010002201000,A
9022010002201002,Gamla Riksvägen,56.22279,15.11651,0,9021010002201000,B
9022010002203001,Tromtesunda by,56.17562,15.48065,0,9021010002203000,A
9022010002203002,Tromtesunda by,56.17611,15.47818,0,9021010002203000,B
9022010002204001,Tingsgården,56.22443,15.11843,0,9021010002204000,A
9022010002205001,Bräkne Hoby grundskola,56.22719,15.11798,0,9021010002205000,A
9022010002206001,Häradsvägen Bräkne-Hoby,56.22961,15.1159,0,9021010002206000,A
9022010002207001,Bräkne Hoby,56.23096,15.11533,0,9021010002207000,A
9022010002208001,Aspvägen,56.22365,15.11161,0,9021010002208000,A
9022010002209001,Hallagården Bräkne hoby,56.21915,15.10116,0,9021010002209000,A
9022010002209002,Hallagården Bräkne hoby,56.2189,15.10043,0,9021010002209000,B
9022010002210001,Evaryd,56.21517,15.09361,0,9021010002210000,A
9022010002210002,Evaryd,56.21578,15.09433,0,9021010002210000,B
9022010002210003,Evaryd,56.21586,15.096,0,9021010002210000,C
9022010002211001,Fåglaslätt,56.21225,15.08646,0,9021010002211000,A
9022010002211002,Fåglaslätt,56.2121,15.08513,0,9021010002211000,B
9022010002216001,Fundersmåla,56.43711,15.41896,0,9021010002216000,A
9022010002216002,Fundersmåla,56.43711,15.41896,0,9021010002216000,B
9022010002221001,Smedjevägen,56.20068,15.40315,0,9021010002221000,A
9022010002221002,Smedjevägen,56.20075,15.40333,0,9021010002221000,B
9022010002223001,Djurtorpsvägen,56.21079,15.4059,0,9021010002223000,A
9022010002223002,Djurtorpsvägen,56.21085,15.40614,0,9021010002223000,B
9022010002224001,Östermarksvägen,56.21905,15.41266,0,9021010002224000,A
9022010002224002,Östermarksvägen,56.21922,15.41274,0,9021010002224000,B
9022010002225001,Ålycke,56.22475,15.41609,0,9021010002225000,A
9022010002225002,Ålycke,56.22475,15.41636,0,9021010002225000,B
9022010002226001,Johannishus station,56.22678,15.42021,0,9021010002226000,A
9022010002227001,Trädgårdsmästeriet,56.22055,15.41194,0,9021010002227000,A
9022010002227002,Trädgårdsmästeriet,56.22061,15.41173,0,9021010002227000,B
9022010002228001,Tvingsvägen,56.22,15.40305,0,9021010002228000,A
9022010002228002,Tvingsvägen,56.22008,15.40334,0,9021010002228000,B
9022010002229001,Djurtorp,56.22008,15.40019,0,9021010002229000,A
9022010002229002,Djurtorp,56.22005,15.40003,0,9021010002229000,B
9022010002230001,Edestad,56.2186,15.36631,0,9021010002230000,A
9022010002230002,Edestad,56.21864,15.36696,0,9021010002230000,B
9022010002231001,Edestad kyrka,56.21706,15.35953,0,9021010002231000,A
9022010002231002,Edestad kyrka,56.21703,15.35938,0,9021010002231000,B
9022010002232001,Levalunda,56.20626,15.34191,0,9021010002232000,A
9022010002232002,Levalunda,56.20648,15.34204,0,9021010002232000,B
9022010002233001,Binga,56.19808,15.34161,0,9021010002233000,A
9022010002233002,Binga,56.19826,15.34178,0,9021010002233000,B
9022010002235001,Knut Hahn skolhpl,56.20355,15.27355,0,9021010002235000,A
9022010002236001,Hellmansgården,56.19014,15.39642,0,9021010002236000,A
9022010002236002,Hellmansgården,56.19054,15.39693,0,9021010002236000,B
9022010002237001,N Yxnarum,56.18265,15.37761,0,9021010002237000,A
9022010002237002,N Yxnarum,56.18268,15.37764,0,9021010002237000,B
9022010002238001,Helgövägen,56.1856,15.3863,0,9021010002238000,A
9022010002238002,Helgövägen,56.18556,15.38608,0,9021010002238000,B
9022010002239001,Yxnarum,56.18132,15.37369,0,9021010002239000,A
9022010002239002,Yxnarum,56.18116,15.37352,0,9021010002239000,B
9022010002240001,S Yxnarum,56.17338,15.36936,0,9021010002240000,A
9022010002240002,S Yxnarum,56.17339,15.36931,0,9021010002240000,B
9022010002241001,Bredäng Ronneby,56.16467,15.36822,0,9021010002241000,A
9022010002241002,Bredäng Ronneby,56.16466,15.36812,0,9021010002241000,B
9022010002242001,Smedgården,56.16141,15.36568,0,9021010002242000,A
9022010002242002,Smedgården,56.16146,15.36568,0,9021010002242000,B
9022010002243001,Bandyvägen,56.20102,15.25955,0,9021010002243000,A
9022010002243002,Bandyvägen,56.20111,15.25953,0,9021010002243000,B
9022010002244001,Kullagården,56.15693,15.36385,0,9021010002244000,A
9022010002244002,Kullagården,56.1566,15.36414,0,9021010002244000,B
9022010002245001,Torkö vsk,56.15414,15.36838,0,9021010002245000,A
9022010002245002,Torkö vsk,56.15315,15.36899,0,9021010002245000,B
9022010002246001,Lunnatorp,56.14708,15.37083,0,9021010002246000,A
9022010002246002,Lunnatorp,56.14716,15.3708,0,9021010002246000,B
9022010002247001,Solhem Ronneby,56.1453,15.36821,0,9021010002247000,A
9022010002247002,Solhem Ronneby,56.14535,15.36826,0,9021010002247000,B
9022010002248001,Kuggeboda,56.14059,15.3662,0,9021010002248000,A
9022010002248002,Kuggeboda,56.14005,15.36594,0,9021010002248000,B
9022010002249001,Styrsviks vsk,56.13698,15.35764,0,9021010002249000,A
9022010002249002,Styrsviks vsk,56.13705,15.35766,0,9021010002249000,B
9022010002250001,Fällö vägskäl,56.14008,15.34836,0,9021010002250000,A
9022010002250002,Fällö vägskäl,56.14008,15.34852,0,9021010002250000,B
9022010002251001,Korsanäs,56.14065,15.34277,0,9021010002251000,A
9022010002251002,Korsanäs,56.14069,15.34288,0,9021010002251000,B
9022010002252001,Gövägen,56.13996,15.34175,0,9021010002252000,A
9022010002252002,Gövägen,56.13992,15.34163,0,9021010002252000,B
9022010002253001,Köpe vsk,56.13548,15.33834,0,9021010002253000,A
9022010002253002,Köpe vsk,56.13551,15.3382,0,9021010002253000,B
9022010002255001,Millegarne badplats,56.1337,15.32049,0,9021010002255000,A
9022010002255002,Millegarne badplats,56.13372,15.32067,0,9021010002255000,B
9022010002256001,Gökalv,56.13447,15.31154,0,9021010002256000,A
9022010002256002,Gökalv,56.13445,15.31146,0,9021010002256000,B
9022010002257001,N Gö,56.13098,15.3116,0,9021010002257000,A
9022010002257002,N Gö,56.13088,15.3116,0,9021010002257000,B
9022010002258001,Gö vändplats,56.12871,15.31239,0,9021010002258000,A
9022010002259001,Millegarne gård,56.13358,15.33002,0,9021010002259000,A
9022010002259002,Millegarne gård,56.13364,15.32998,0,9021010002259000,B
9022010002260001,Björkvägen,56.24053,15.2924,0,9021010002260000,A
9022010002260002,Björkvägen,56.24072,15.29221,0,9021010002260000,B
9022010002261001,Heaby,56.17293,15.3337,0,9021010002261000,A
9022010002261002,Heaby,56.1729,15.33381,0,9021010002261000,B
9022010002262001,Oxlaby,56.16386,15.33571,0,9021010002262000,A
9022010002262002,Oxlaby,56.16395,15.3359,0,9021010002262000,B
9022010002263001,Göholm,56.16069,15.33636,0,9021010002263000,A
9022010002263002,Göholm,56.16079,15.33625,0,9021010002263000,B
9022010002264001,Fällöstrand,56.14741,15.34227,0,9021010002264000,A
9022010002264002,Fällöstrand,56.14746,15.34222,0,9021010002264000,B
9022010002272001,Soft Center,56.19841,15.29131,0,9021010002272000,A
9022010002272002,Soft Center,56.19824,15.29126,0,9021010002272000,B
9022010002275001,Påtorp,56.19635,15.2985,0,9021010002275000,A
9022010002277001,Fornanäsvägen,56.19653,15.29354,0,9021010002277000,A
9022010002277002,Fornanäsvägen,56.19641,15.29354,0,9021010002277000,B
9022010002283001,Hajvar,56.14021,15.45515,0,9021010002283000,A
9022010002283002,Hajvar,56.13999,15.45507,0,9021010002283000,B
9022010002284001,Slätthammar,56.15184,15.44864,0,9021010002284000,A
9022010002284002,Slätthammar,56.15198,15.44849,0,9021010002284000,B
9022010002285001,Flygplatsen (Kallingev),56.25358,15.26817,0,9021010002285000,A
9022010002285002,Flygplatsen (Kallingev),56.25363,15.26903,0,9021010002285000,B
9022010002288001,Ronneby Airport,56.25431,15.26792,0,9021010002288000,A
9022010002301001,Listerby E22,56.19965,15.40215,0,9021010002301000,A
9022010002301002,Listerby E22,56.1995,15.40215,0,9021010002301000,B
9022010002301003,Listerby E22,56.19807,15.40278,0,9021010002301000,C
9022010002302001,Elevhemsvägen,56.21458,15.26645,0,9021010002302000,A
9022010002302002,Elevhemsvägen,56.21498,15.26633,0,9021010002302000,B
9022010002312001,Kolshultakvarn,56.40368,15.29748,0,9021010002312000,A
9022010002312002,Kolshultakvarn,56.40386,15.29744,0,9021010002312000,B
9022010002315001,Viggenområdet,56.23482,15.26237,0,9021010002315000,A
9022010002315002,Viggenområdet,56.23421,15.26228,0,9021010002315000,B
9022010002316001,Djupafors,56.24036,15.26567,0,9021010002316000,A
9022010002316002,Djupafors,56.24024,15.26575,0,9021010002316000,B
9022010002317001,Lugnet,56.21018,15.26796,0,9021010002317000,A
9022010002317002,Lugnet,56.21022,15.2678,0,9021010002317000,B
9022010002319001,Formarevägen,56.2489,15.2879,0,9021010002319000,B
9022010002320001,Älgvägen,56.25313,15.28965,0,9021010002320000,B
9022010002323001,Östra piren Marinan,56.17521,15.3022,0,9021010002323000,A
9022010003006001,Nya Stan,56.17208,14.85783,0,9021010003006000,A
9022010003006002,Nya Stan,56.17212,14.85797,0,9021010003006000,B
9022010003007001,City Gross,56.17639,14.85613,0,9021010003007000,A
9022010003007002,City Gross,56.17603,14.85607,0,9021010003007000,B
9022010003008001,Gustavsborg,56.17851,14.85495,0,9021010003008000,A
9022010003008002,Gustavsborg,56.17828,14.85563,0,9021010003008000,B
9022010003009001,Baldersvägen,56.18186,14.85187,0,9021010003009000,A
9022010003009002,Baldersvägen,56.18156,14.85242,0,9021010003009000,B
9022010003010001,Sjukhuset,56.18597,14.84887,0,9021010003010000,A
9022010003010002,Sjukhuset,56.18622,14.84899,0,9021010003010000,B
9022010003011001,Janneberg,56.19031,14.84523,0,9021010003011000,A
9022010003011002,Janneberg,56.19029,14.84554,0,9021010003011000,B
9022010003012001,Notavalla,56.19773,14.83841,0,9021010003012000,A
9022010003012002,Notavalla,56.1986,14.83739,0,9021010003012000,B
9022010003013001,Asarum kyrka,56.20475,14.83435,0,9021010003013000,A
9022010003013002,Asarum kyrka,56.20532,14.83327,0,9021010003013000,B
9022010003013003,Asarum kyrka,56.20568,14.83436,0,9021010003013000,C
9022010003014001,Asarum Storgatan,56.20892,14.83376,0,9021010003014000,A
9022010003014002,Asarum Storgatan,56.20906,14.83387,0,9021010003014000,B
9022010003015001,Ringvägen,56.21167,14.8342,0,9021010003015000,A
9022010003015002,Ringvägen,56.2113,14.83404,0,9021010003015000,B
9022010003016001,Häradsvägen,56.21549,14.83382,0,9021010003016000,A
9022010003016002,Häradsvägen,56.21555,14.83401,0,9021010003016000,B
9022010003017001,Södra Tostarp,56.21913,14.83244,0,9021010003017000,A
9022010003017002,Södra Tostarp,56.2196,14.83276,0,9021010003017000,B
9022010003018001,Travbanan,56.22162,14.82828,0,9021010003018000,A
9022010003018002,Travbanan,56.22163,14.8287,0,9021010003018000,B
9022010003019001,Rå,56.22505,14.82058,0,9021010003019000,A
9022010003019002,Rå,56.22509,14.82082,0,9021010003019000,B
9022010003020001,Gungvala,56.233,14.80638,0,9021010003020000,A
9022010003020002,Gungvala,56.23392,14.80541,0,9021010003020000,B
9022010003021001,Danstorp,56.24066,14.79508,0,9021010003021000,A
9022010003021002,Danstorp,56.24073,14.79529,0,9021010003021000,B
9022010003022001,Pustebacken,56.24467,14.78933,0,9021010003022000,A
9022010003022002,Pustebacken,56.24379,14.79095,0,9021010003022000,B
9022010003023001,Marieborg,56.25335,14.78058,0,9021010003023000,A
9022010003023002,Marieborg,56.25278,14.78136,0,9021010003023000,B
9022010003025001,Svängsta kyrka,56.2583,14.77363,0,9021010003025000,A
9022010003026001,Svängsta centrum,56.26329,14.77094,0,9021010003026000,A
9022010003032001,Stora vägen,56.25779,14.77842,0,9021010003032000,A
9022010003033001,Sjukhuset huvudentré,56.18654,14.85156,0,9021010003033000,A
9022010003035001,Johans väg,56.30028,14.77923,0,9021010003035000,A
9022010003036001,Recordvägen,56.2598,14.77643,0,9021010003036000,B
9022010003038001,Öjavad,56.2638,14.76515,0,9021010003038000,A
9022010003039001,Halda,56.26144,14.76784,0,9021010003039000,A
9022010003040001,Svängsta sporthall,56.25952,14.77187,0,9021010003040000,A
9022010003049001,Mörrum Kungsvägen,56.19746,14.74368,0,9021010003049000,A
9022010003050001,Mörrum Stationsvägen,56.19182,14.74469,0,9021010003050000,A
9022010003050002,Mörrum Stationsvägen,56.19191,14.74358,0,9021010003050000,B
9022010003055001,Offerkällan,56.20205,14.82741,0,9021010003055000,A
9022010003055002,Offerkällan,56.20203,14.82736,0,9021010003055000,B
9022010003056001,Verkstadsvägen,56.20116,14.81928,0,9021010003056000,A
9022010003056002,Verkstadsvägen,56.20102,14.81806,0,9021010003056000,B
9022010003057001,Hannetorp Karlshamn,56.20308,14.808,0,9021010003057000,A
9022010003057002,Hannetorp Karlshamn,56.20299,14.80871,0,9021010003057000,B
9022010003058001,Torarpsvägen,56.20453,14.80176,0,9021010003058000,A
9022010003058002,Torarpsvägen,56.20446,14.80305,0,9021010003058000,B
9022010003059001,Ingärdahej,56.20425,14.79577,0,9021010003059000,A
9022010003059002,Ingärdahej,56.20399,14.79492,0,9021010003059000,B
9022010003060001,Gillabro,56.20311,14.78658,0,9021010003060000,A
9022010003060002,Gillabro,56.20323,14.78674,0,9021010003060000,B
9022010003062001,Transformatorvägen,56.19643,14.76756,0,9021010003062000,A
9022010003062002,Transformatorvägen,56.19631,14.76613,0,9021010003062000,B
9022010003063001,Hästaryd,56.19481,14.75684,0,9021010003063000,A
9022010003063002,Hästaryd,56.19469,14.75554,0,9021010003063000,B
9022010003064001,Mörrums kyrka,56.19368,14.74936,0,9021010003064000,A
9022010003064002,Mörrums kyrka,56.1939,14.75076,0,9021010003064000,B
9022010003065001,Mörrum Bygatan,56.19731,14.74643,0,9021010003065000,A
9022010003066001,Perstorps vägskäl,56.19213,14.73629,0,9021010003066000,A
9022010003066002,Perstorps vägskäl,56.19218,14.73613,0,9021010003066000,B
9022010003067001,Kråketorp,56.18951,14.7091,0,9021010003067000,A
9022010003067002,Kråketorp,56.1897,14.71297,0,9021010003067000,B
9022010003068001,Galleryda vsk,56.19205,14.69536,0,9021010003068000,A
9022010003068002,Galleryda vsk,56.19213,14.69533,0,9021010003068000,B
9022010003069001,Gustavstorp skolan,56.19134,14.68247,0,9021010003069000,A
9022010003069002,Gustavstorp skolan,56.19131,14.68211,0,9021010003069000,B
9022010003070001,N Skörsemo,56.18684,14.67594,0,9021010003070000,A
9022010003070002,N Skörsemo,56.18669,14.67582,0,9021010003070000,B
9022010003071001,Skörsemo vsk,56.17978,14.67552,0,9021010003071000,A
9022010003071002,Skörsemo vsk,56.17965,14.67548,0,9021010003071000,B
9022010003072001,Skärpinge vsk,56.17191,14.67886,0,9021010003072000,A
9022010003072002,Skärpinge vsk,56.17154,14.67897,0,9021010003072000,B
9022010003076001,Vekerumsvägen,56.18074,14.85078,0,9021010003076000,A
9022010003076002,Vekerumsvägen,56.18079,14.85022,0,9021010003076000,B
9022010003077001,Horsarydsvägen,56.17912,14.84214,0,9021010003077000,B
9022010003078001,Knutsberg,56.17265,14.82822,0,9021010003078000,A
9022010003078002,Knutsberg,56.17252,14.82644,0,9021010003078000,B
9022010003080001,Viadukten E22,56.18359,14.76929,0,9021010003080000,A
9022010003080002,Viadukten E22,56.18504,14.76814,0,9021010003080000,B
9022010003081001,Jössarinken,56.18834,14.76096,0,9021010003081000,A
9022010003081002,Jössarinken,56.18781,14.76226,0,9021010003081000,B
9022010003082001,Lindegårdsvägen,56.19351,14.75396,0,9021010003082000,A
9022010003082002,Lindegårdsvägen,56.19359,14.75417,0,9021010003082000,B
9022010003086001,Färjeterminal Karlshamn,56.16221,14.83603,0,9021010003086000,A
9022010003087001,Elleholms trafikplats,56.18073,14.73397,0,9021010003087000,A
9022010003087002,Elleholms trafikplats,56.18042,14.7333,0,9021010003087000,B
9022010003088001,Stensnäs,56.17236,14.7064,0,9021010003088000,A
9022010003088002,Stensnäs,56.17225,14.7056,0,9021010003088000,B
9022010003089001,Nissabacken,56.16918,14.69245,0,9021010003089000,A
9022010003089002,Nissabacken,56.16896,14.69112,0,9021010003089000,B
9022010003091001,Pukavik,56.16326,14.68047,0,9021010003091000,A
9022010003091002,Pukavik,56.16367,14.68055,0,9021010003091000,B
9022010003092001,Ämneboda vsk,56.29322,14.77692,0,9021010003092000,A
9022010003093001,Pieboda,56.31184,14.77973,0,9021010003093000,A
9022010003094001,Bengtsboda,56.31953,14.77834,0,9021010003094000,A
9022010003095001,Öjamåla vsk,56.32931,14.77871,0,9021010003095000,A
9022010003096001,Kullemåla,56.34244,14.78612,0,9021010003096000,A
9022010003097001,Ringamåla kyrka,56.33386,14.79694,0,9021010003097000,A
9022010003098001,Gyngamåla vsk,56.32828,14.8315,0,9021010003098000,A
9022010003099001,Avundstorp,56.32769,14.85376,0,9021010003099000,A
9022010003100001,Dannemark,56.32842,14.8745,0,9021010003100000,A
9022010003101001,Tostarps by,56.22662,14.83189,0,9021010003101000,A
9022010003102001,Tostarp,56.23515,14.83134,0,9021010003102000,A
9022010003103001,Norra Tostarp,56.24382,14.83566,0,9021010003103000,A
9022010003104001,S Hoka,56.25532,14.83863,0,9021010003104000,A
9022010003106001,Per Nils Hoka,56.27033,14.84684,0,9021010003106000,A
9022010003107001,Hokadal,56.28668,14.85325,0,9021010003107000,A
9022010003108001,Getabron,56.29155,14.8565,0,9021010003108000,A
9022010003109001,Norrefors,56.29554,14.85848,0,9021010003109000,A
9022010003110001,Älmta vsk,56.30588,14.8629,0,9021010003110000,A
9022010003111001,Grimsmåla,56.32405,14.87427,0,9021010003111000,A
9022010003114001,Prästslätten,56.17964,14.86125,0,9021010003114000,A
9022010003114002,Prästslätten,56.1807,14.8623,0,9021010003114000,B
9022010003116001,Norra Prästslätten,56.18625,14.86376,0,9021010003116000,A
9022010003116002,Norra Prästslätten,56.1859,14.86443,0,9021010003116000,B
9022010003117001,Fridhem,56.18614,14.85838,0,9021010003117000,A
9022010003117002,Fridhem,56.18619,14.85864,0,9021010003117000,B
9022010003118001,Sjukhuset Länsmansvägen,56.18561,14.85182,0,9021010003118000,A
9022010003118002,Sjukhuset Länsmansvägen,56.18585,14.8522,0,9021010003118000,B
9022010003119001,ICA Maxi Janneberg,56.19527,14.8447,0,9021010003119000,A
9022010003119002,ICA Maxi Janneberg,56.1953,14.84494,0,9021010003119000,B
9022010003120001,Södra Korpadalen,56.19759,14.84776,0,9021010003120000,A
9022010003120002,Södra Korpadalen,56.19831,14.84874,0,9021010003120000,B
9022010003121001,Korpadalen,56.2029,14.85056,0,9021010003121000,A
9022010003121002,Korpadalen,56.20273,14.8508,0,9021010003121000,B
9022010003122001,Korpadalsskolan,56.20559,14.85113,0,9021010003122000,A
9022010003122002,Korpadalsskolan,56.20633,14.85155,0,9021010003122000,B
9022010003123001,Östralycke,56.20736,14.8498,0,9021010003123000,A
9022010003123002,Östralycke,56.20749,14.84949,0,9021010003123000,B
9022010003124001,Vingatorpsvägen,56.20725,14.84357,0,9021010003124000,A
9022010003124002,Vingatorpsvägen,56.20756,14.84277,0,9021010003124000,B
9022010003127001,Kreativum,56.19334,14.85174,0,9021010003127000,A
9022010003128001,Väggaskolan,56.16596,14.87027,0,9021010003128000,A
9022010003128002,Väggaskolan,56.16599,14.87019,0,9021010003128000,B
9022010003128003,Väggaskolan,56.16692,14.87341,0,9021010003128000,C
9022010003141001,Österslättskolan,56.16834,14.87043,0,9021010003141000,A
9022010003141002,Österslättskolan,56.16831,14.87025,0,9021010003141000,B
9022010003142001,Bodetorpskolan,56.16899,14.87149,0,9021010003142000,A
9022010003142002,Bodetorpskolan,56.1689,14.87151,0,9021010003142000,B
9022010003143001,Tennishallen Bodetorpsv,56.16816,14.87708,0,9021010003143000,B
9022010003144001,Skogsborg,56.16699,14.88181,0,9021010003144000,A
9022010003144002,Skogsborg,56.16726,14.8827,0,9021010003144000,B
9022010003144003,Skogsborg,56.16751,14.88139,0,9021010003144000,C
9022010003145001,Kolleviksvägen,56.16923,14.88956,0,9021010003145000,A
9022010003145002,Kolleviksvägen,56.16906,14.88924,0,9021010003145000,B
9022010003146001,Stockholmsledet,56.17395,14.90119,0,9021010003146000,A
9022010003146002,Stockholmsledet,56.17391,14.90119,0,9021010003146000,B
9022010003147001,Västra Dala,56.17938,14.90798,0,9021010003147000,A
9022010003147002,Västra Dala,56.17973,14.90888,0,9021010003147000,B
9022010003148001,Östra Dala,56.18241,14.91532,0,9021010003148000,A
9022010003148002,Östra Dala,56.18204,14.91464,0,9021010003148000,B
9022010003149001,Tokaryd,56.18516,14.92051,0,9021010003149000,A
9022010003149002,Tokaryd,56.18514,14.92059,0,9021010003149000,B
9022010003150001,Aplakärr,56.19076,14.92784,0,9021010003150000,A
9022010003150002,Aplakärr,56.19083,14.92788,0,9021010003150000,B
9022010003151001,Kopprarp,56.1992,14.93412,0,9021010003151000,A
9022010003151002,Kopprarp,56.19893,14.93313,0,9021010003151000,B
9022010003152001,Hällaryd vsk,56.19938,14.94351,0,9021010003152000,A
9022010003152002,Hällaryd vsk,56.19924,14.94549,0,9021010003152000,B
9022010003152003,Hällaryd vsk,56.19954,14.94544,0,9021010003152000,D
9022010003153001,Åldersdomshemmet,56.20246,14.94698,0,9021010003153000,A
9022010003154001,Hällaryd skola,56.20486,14.94733,0,9021010003154000,A
9022010003156001,Trensum,56.19828,14.95181,0,9021010003156000,A
9022010003156002,Trensum,56.1988,14.95009,0,9021010003156000,B
9022010003157001,Galgabacken,56.20285,14.98041,0,9021010003157000,A
9022010003157002,Galgabacken,56.20235,14.98035,0,9021010003157000,B
9022010003158001,Korsliden,56.20723,14.98836,0,9021010003158000,A
9022010003158002,Korsliden,56.20737,14.9893,0,9021010003158000,B
9022010003159001,Genvägen,56.20648,15.00152,0,9021010003159000,A
9022010003159002,Genvägen,56.20649,15.00152,0,9021010003159000,B
9022010003160001,Åryds kyrka,56.20691,15.00875,0,9021010003160000,A
9022010003160002,Åryds kyrka,56.20698,15.0097,0,9021010003160000,B
9022010003161001,Idrottsplatsen,56.20783,15.01769,0,9021010003161000,A
9022010003161002,Idrottsplatsen,56.20725,15.01646,0,9021010003161000,B
9022010003162001,Märserum,56.20867,15.025,0,9021010003162000,A
9022010003162002,Märserum,56.20856,15.02507,0,9021010003162000,B
9022010003163001,Törnerydsvägen,56.20725,15.02887,0,9021010003163000,A
9022010003163002,Törnerydsvägen,56.2073,15.02864,0,9021010003163000,B
9022010003164001,Köpegård,56.20325,15.03144,0,9021010003164000,A
9022010003164002,Köpegård,56.20296,15.0316,0,9021010003164000,B
9022010003165001,Edstorp,56.20821,15.05171,0,9021010003165000,A
9022010003165002,Edstorp,56.20821,15.05199,0,9021010003165000,B
9022010003166001,Gundlatorp,56.21121,15.0665,0,9021010003166000,A
9022010003166002,Gundlatorp,56.21104,15.06545,0,9021010003166000,B
9022010003178001,Campus Östra Piren,56.16514,14.8674,0,9021010003178000,A
9022010003178002,Campus Östra Piren,56.16505,14.86714,0,9021010003178000,B
9022010003181001,Erik Dahlbergsvägen,56.17537,14.86423,0,9021010003181000,A
9022010003181002,Erik Dahlbergsvägen,56.17567,14.86381,0,9021010003181000,B
9022010003184001,Froarpsvägen,56.20924,14.83804,0,9021010003184000,A
9022010003184002,Froarpsvägen,56.20914,14.83814,0,9021010003184000,B
9022010003186001,Elsebråne vsk,56.27577,14.86222,0,9021010003186000,A
9022010003186002,Elsebråne vsk,56.27577,14.86222,0,9021010003186000,B
9022010003187001,S Älmta,56.29323,14.87828,0,9021010003187000,A
9022010003187002,S Älmta,56.29323,14.87828,0,9021010003187000,B
9022010003188001,N Älmta,56.30863,14.88312,0,9021010003188000,A
9022010003188002,N Älmta,56.30863,14.88312,0,9021010003188000,B
9022010003189001,Askaremåla,56.32681,14.88789,0,9021010003189000,A
9022010003189002,Askaremåla,56.32681,14.88789,0,9021010003189000,B
9022010003190001,Ihre vsk,56.34241,14.89099,0,9021010003190000,A
9022010003190002,Ihre vsk,56.34241,14.89099,0,9021010003190000,B
9022010003191001,Pukaviks rondell,56.16715,14.68079,0,9021010003191000,A
9022010003193001,Vekerum,56.17749,14.78322,0,9021010003193000,A
9022010003193002,Vekerum,56.17749,14.78322,0,9021010003193000,B
9022010003194001,Centrum öst,56.17061,14.86887,0,9021010003194000,A
9022010003194002,Centrum öst,56.17068,14.86847,0,9021010003194000,B
9022010003195001,Centrum väst,56.16953,14.86077,0,9021010003195000,A
9022010003195002,Centrum väst,56.16867,14.86135,0,9021010003195000,B
9022010003209001,Lindemo,56.19743,14.82462,0,9021010003209000,A
9022010003210001,Östersjövägen,56.16635,14.8273,0,9021010003210000,A
9022010003210002,Östersjövägen,56.1663,14.8273,0,9021010003210000,B
9022010003902001,Tärnö,56.12125,14.96375,0,9021010003902000,A
9022010003903001,Joggesö,56.13702,14.97925,0,9021010003903000,A
9022010003905001,Ekö,56.14824,14.97849,0,9021010003905000,A
9022010003911001,Coop Strömma,56.18965,14.84961,0,9021010003911000,A
9022010003911002,Coop Strömma,56.18957,14.84978,0,9021010003911000,B
9022010003913001,Matvik brygga,56.16686,14.97006,0,9021010003913000,A
9022010004001001,Besmansvägen,56.06046,14.61757,0,9021010004001000,A
9022010004001002,Besmansvägen,56.06043,14.61654,0,9021010004001000,B
9022010004006001,Mörby Backe,56.03803,14.63403,0,9021010004006000,A
9022010004006002,Mörby Backe,56.03778,14.63413,0,9021010004006000,B
9022010004007001,Mörby,56.03596,14.63579,0,9021010004007000,A
9022010004007002,Mörby,56.0346,14.6362,0,9021010004007000,B
9022010004008001,Hjärthalla,56.02738,14.63611,0,9021010004008000,A
9022010004008002,Hjärthalla,56.02646,14.63654,0,9021010004008000,B
9022010004009001,Istaby,56.02249,14.65195,0,9021010004009000,A
9022010004009002,Istaby,56.02238,14.65226,0,9021010004009000,B
9022010004011001,Stiby vsk,56.02161,14.67829,0,9021010004011000,A
9022010004011002,Stiby vsk,56.02112,14.67914,0,9021010004011000,B
9022010004012001,Stiby Backe,56.01832,14.67898,0,9021010004012000,A
9022010004012002,Stiby Backe,56.01787,14.67845,0,9021010004012000,B
9022010004013001,Hälleviks skola,56.01415,14.69052,0,9021010004013000,A
9022010004013002,Hälleviks skola,56.01387,14.69138,0,9021010004013000,B
9022010004014001,Hälleviks hamn,56.01233,14.69804,0,9021010004014000,A
9022010004014002,Hälleviks hamn,56.01224,14.69804,0,9021010004014000,B
9022010004015001,Hanöhus,56.01648,14.7018,0,9021010004015000,A
9022010004015002,Hanöhus,56.01619,14.70196,0,9021010004015000,B
9022010004016001,Havsbadet,56.01658,14.71117,0,9021010004016000,A
9022010004016002,Havsbadet,56.01655,14.70998,0,9021010004016000,B
9022010004021001,Listershuvud,56.03698,14.73477,0,9021010004021000,A
9022010004021002,Listershuvud,56.03696,14.7349,0,9021010004021000,B
9022010004022001,Markasträtet,56.0409,14.7387,0,9021010004022000,A
9022010004022002,Markasträtet,56.04046,14.73858,0,9021010004022000,B
9022010004023001,Hörviks skola,56.03973,14.75702,0,9021010004023000,A
9022010004023002,Hörviks skola,56.03974,14.7569,0,9021010004023000,B
9022010004024001,Hörviks hamn,56.0415,14.77036,0,9021010004024000,A
9022010004025001,Krokås hamn,56.0495,14.75636,0,9021010004025000,A
9022010004026001,Hagalund,56.0291,14.68412,0,9021010004026000,A
9022010004026002,Hagalund,56.02877,14.68354,0,9021010004026000,B
9022010004027001,Tallparken,56.03109,14.68615,0,9021010004027000,A
9022010004027002,Tallparken,56.03158,14.68661,0,9021010004027000,B
9022010004028001,Hannetorp,56.03468,14.69082,0,9021010004028000,A
9022010004028002,Hannetorp,56.03527,14.69053,0,9021010004028000,B
9022010004029001,Hosaby,56.04192,14.68944,0,9021010004029000,A
9022010004029002,Hosaby,56.04159,14.68984,0,9021010004029000,B
9022010004030001,Mjällby centrum,56.04575,14.67821,0,9021010004030000,A
9022010004030002,Mjällby centrum,56.04567,14.67788,0,9021010004030000,B
9022010004031001,Östra Hosaby,56.03987,14.70093,0,9021010004031000,A
9022010004031002,Östra Hosaby,56.03985,14.70093,0,9021010004031000,B
9022010004032001,Bolsabacken,56.03915,14.71303,0,9021010004032000,A
9022010004032002,Bolsabacken,56.03903,14.71178,0,9021010004032000,B
9022010004034001,Mjällby Ljunga vsk,56.04779,14.68284,0,9021010004034000,A
9022010004034002,Mjällby Ljunga vsk,56.04815,14.68289,0,9021010004034000,B
9022010004035001,TitanX,56.04535,14.67025,0,9021010004035000,A
9022010004035002,TitanX,56.04525,14.67033,0,9021010004035000,B
9022010004036001,Hörby,56.04769,14.65938,0,9021010004036000,A
9022010004036002,Hörby,56.04733,14.65986,0,9021010004036000,B
9022010004037001,Norremarks vsk,56.0508,14.65218,0,9021010004037000,A
9022010004037002,Norremarks vsk,56.05021,14.65311,0,9021010004037000,B
9022010004041001,Västergård,56.0623,14.69364,0,9021010004041000,A
9022010004041002,Västergård,56.06115,14.69361,0,9021010004041000,B
9022010004042001,Skogshagen,56.01608,14.71737,0,9021010004042000,A
9022010004042002,Skogshagen,56.01607,14.71723,0,9021010004042000,D
9022010004043001,Strandvallen,56.01444,14.72166,0,9021010004043000,A
9022010004043002,Strandvallen,56.01417,14.72219,0,9021010004043000,B
9022010004044001,Bygdegården,56.01057,14.72833,0,9021010004044000,A
9022010004044002,Bygdegården,56.01055,14.7283,0,9021010004044000,B
9022010004046001,Nogersunds hamn,56.00538,14.73816,0,9021010004046000,A
9022010004046002,Nogersunds hamn,56.00538,14.73816,0,9021010004046000,B
9022010004047001,Norje havsbad,56.12558,14.6739,0,9021010004047000,A
9022010004047002,Norje havsbad,56.12595,14.67398,0,9021010004047000,B
9022010004048001,Drottning Margaretas väg,56.0611,14.60563,0,9021010004048000,A
9022010004048002,Drottning Margaretas väg,56.06045,14.6035,0,9021010004048000,B
9022010004049001,Tivolivägen,56.05881,14.59124,0,9021010004049000,A
9022010004049002,Tivolivägen,56.05918,14.59335,0,9021010004049000,B
9022010004050001,Snapphanegatan,56.05644,14.58769,0,9021010004050000,A
9022010004050002,Snapphanegatan,56.05679,14.58821,0,9021010004050000,B
9022010004051001,Klosterplan,56.05426,14.58487,0,9021010004051000,A
9022010004051002,Klosterplan,56.05393,14.58451,0,9021010004051000,B
9022010004052001,Hästtorget,56.05179,14.58403,0,9021010004052000,A
9022010004052002,Hästtorget,56.05163,14.5829,0,9021010004052000,B
9022010004052003,Hästtorget,56.05199,14.58292,0,9021010004052000,C
9022010004053001,Sölvesborgs Resecentrum,56.05024,14.58395,0,9021010004053000,A
9022010004053002,Sölvesborgs Resecentrum,56.05031,14.58416,0,9021010004053000,B
9022010004053003,Sölvesborgs Resecentrum,56.05038,14.58433,0,9021010004053000,C
9022010004053004,Sölvesborgs Resecentrum,56.05044,14.58447,0,9021010004053000,D
9022010004053005,Sölvesborgs Resecentrum,56.05036,14.5839,0,9021010004053000,E
9022010004053006,Sölvesborgs Resecentrum,56.05,14.58234,0,9021010004053000,T
9022010004054001,Ekengård,56.08602,14.64724,0,9021010004054000,A
9022010004054002,Ekengård,56.08678,14.64805,0,9021010004054000,B
9022010004055001,Ysane kyrka,56.08973,14.64958,0,9021010004055000,A
9022010004055002,Ysane kyrka,56.09028,14.65039,0,9021010004055000,B
9022010004056001,Lönneborg,56.09449,14.65752,0,9021010004056000,A
9022010004056002,Lönneborg,56.0951,14.65868,0,9021010004056000,B
9022010004057001,Petersborg,56.09789,14.662,0,9021010004057000,A
9022010004057002,Petersborg,56.0983,14.66271,0,9021010004057000,B
9022010004058001,Ekliden,56.10251,14.6677,0,9021010004058000,A
9022010004058002,Ekliden,56.1038,14.66938,0,9021010004058000,B
9022010004059001,Lörbyvägen,56.10918,14.67444,0,9021010004059000,A
9022010004059002,Lörbyvägen,56.1101,14.67503,0,9021010004059000,B
9022010004065001,Pukenäs,56.15001,14.66982,0,9021010004065000,A
9022010004065002,Pukenäs,56.15143,14.67151,0,9021010004065000,B
9022010004066001,Alholmen,56.15632,14.67602,0,9021010004066000,A
9022010004066002,Alholmen,56.15546,14.67542,0,9021010004066000,B
9022010004067001,Skånevägen,56.05274,14.56933,0,9021010004067000,A
9022010004067002,Skånevägen,56.05274,14.56933,0,9021010004067000,B
9022010004068001,Monsunen,56.11123,14.68258,0,9021010004068000,A
9022010004068002,Monsunen,56.11133,14.68247,0,9021010004068000,B
9022010004069001,Furumovägen,56.10708,14.68474,0,9021010004069000,A
9022010004069002,Furumovägen,56.10694,14.68485,0,9021010004069000,B
9022010004070001,N Furumon,56.09701,14.68946,0,9021010004070000,A
9022010004070002,N Furumon,56.0968,14.68988,0,9021010004070000,B
9022010004071001,S Furumon,56.09311,14.69563,0,9021010004071000,A
9022010004071002,S Furumon,56.09311,14.69563,0,9021010004071000,B
9022010004072001,Lörby kladd,56.09052,14.70441,0,9021010004072000,A
9022010004072002,Lörby kladd,56.09055,14.70505,0,9021010004072000,B
9022010004073001,Lörby skog,56.08327,14.70319,0,9021010004073000,A
9022010004073002,Lörby skog,56.08249,14.70305,0,9021010004073000,B
9022010004074001,N Lörby,56.07773,14.70065,0,9021010004074000,A
9022010004074002,N Lörby,56.07727,14.70066,0,9021010004074000,B
9022010004075001,Djupekås vsk,56.07193,14.698,0,9021010004075000,A
9022010004075002,Djupekås vsk,56.07186,14.69818,0,9021010004075000,B
9022010004076001,Djupekås,56.07059,14.71214,0,9021010004076000,A
9022010004077001,Lörby,56.06668,14.69525,0,9021010004077000,A
9022010004077002,Lörby,56.06604,14.69509,0,9021010004077000,B
9022010004078001,Hultet,56.06871,14.6075,0,9021010004078000,A
9022010004078002,Hultet,56.06886,14.60793,0,9021010004078000,B
9022010004079001,Jockarp,56.08721,14.60624,0,9021010004079000,A
9022010004079002,Jockarp,56.08726,14.60638,0,9021010004079000,B
9022010004080001,Ringaslätt,56.09845,14.61678,0,9021010004080000,A
9022010004080002,Ringaslätt,56.09847,14.61692,0,9021010004080000,B
9022010004081001,Gammalstorp,56.10402,14.61867,0,9021010004081000,A
9022010004081002,Gammalstorp,56.10401,14.61876,0,9021010004081000,B
9022010004082001,Kyrkvägen,56.10688,14.61962,0,9021010004082000,A
9022010004082002,Kyrkvägen,56.10764,14.61989,0,9021010004082000,B
9022010004083001,N Gammalstorp,56.11041,14.62054,0,9021010004083000,A
9022010004083002,N Gammalstorp,56.11041,14.62067,0,9021010004083000,B
9022010004084001,Skvaltan,56.11792,14.62173,0,9021010004084000,B
9022010004084002,Skvaltan,56.11738,14.62332,0,9021010004084000,C
9022010004085001,Hålabäck,56.12489,14.61241,0,9021010004085000,B
9022010004086001,S Ebbalycke,56.13047,14.60716,0,9021010004086000,B
9022010004087001,Ebbalycke,56.13419,14.60685,0,9021010004087000,B
9022010004088001,N Ebbalycke,56.13994,14.60686,0,9021010004088000,B
9022010004089001,Mariehäll,56.14695,14.60336,0,9021010004089000,B
9022010004090001,Bjäraryds fryshus,56.15212,14.60317,0,9021010004090000,B
9022010004091001,Bjäraryd,56.15436,14.60176,0,9021010004091000,B
9022010004092001,Torsabjörke,56.16602,14.59924,0,9021010004092000,B
9022010004093001,Kulla,56.17177,14.6063,0,9021010004093000,B
9022010004094001,Målen vsk,56.17729,14.61004,0,9021010004094000,B
9022010004095001,Högtofta skola,56.18358,14.61077,0,9021010004095000,B
9022010004096001,Ö Sandbäck,56.17168,14.65797,0,9021010004096000,A
9022010004096002,Ö Sandbäck,56.17217,14.65601,0,9021010004096000,B
9022010004097001,V Sandbäck,56.17906,14.63464,0,9021010004097000,A
9022010004097002,V Sandbäck,56.18039,14.63232,0,9021010004097000,B
9022010004098001,Målen,56.18451,14.62436,0,9021010004098000,A
9022010004098002,Målen,56.18421,14.62515,0,9021010004098000,B
9022010004099001,S Kylinge,56.18749,14.61857,0,9021010004099000,A
9022010004099002,S Kylinge,56.18737,14.61909,0,9021010004099000,B
9022010004100001,Kylinge,56.19003,14.61313,0,9021010004100000,A
9022010004100002,Kylinge,56.19052,14.6125,0,9021010004100000,B
9022010004101001,Värhult,56.19924,14.60359,0,9021010004101000,A
9022010004101002,Värhult,56.19859,14.60485,0,9021010004101000,B
9022010004102001,Norje Bro,56.12218,14.67549,0,9021010004102000,A
9022010004102002,Norje Bro,56.12253,14.67548,0,9021010004102000,B
9022010004103001,Boa,56.20138,14.60026,0,9021010004103000,A
9022010004103002,Boa,56.20243,14.59905,0,9021010004103000,B
9022010004104001,Möllekulla,56.17659,14.6351,0,9021010004104000,A
9022010004105001,Sandbäck,56.17357,14.63826,0,9021010004105000,A
9022010004106001,Sandbäck station,56.16491,14.63934,0,9021010004106000,A
9022010004107001,Agerum,56.15443,14.63885,0,9021010004107000,A
9022010004108001,Agerum Södra,56.14683,14.64153,0,9021010004108000,A
9022010004109001,Ryedal,56.14109,14.63752,0,9021010004109000,A
9022010004110001,Ryedals gård,56.13021,14.62979,0,9021010004110000,A
9022010004111001,Norje skola,56.1214,14.67151,0,9021010004111000,A
9022010004111002,Norje skola,56.12133,14.67168,0,9021010004111000,B
9022010004112001,Hjortakrokskolan,56.06078,14.58219,0,9021010004112000,A
9022010004113001,Furulundsgymnasiet,56.05552,14.58101,0,9021010004113000,A
9022010004113002,Furulundsgymnasiet,56.0555,14.58086,0,9021010004113000,B
9022010004115001,Bokelundskolan,56.05002,14.57158,0,9021010004115000,A
9022010004118001,Örlycke,56.16163,14.59889,0,9021010004118000,B
9022010004120001,Kylinge vsk,56.18868,14.61299,0,9021010004120000,A
9022010004130001,Möllebjörke vsk,56.13541,14.63686,0,9021010004130000,A
9022010004131001,Siretorp,56.0431,14.62259,0,9021010004131000,A
9022010004131002,Siretorp,56.0429,14.62286,0,9021010004131000,B
9022010004134001,Rökerivägen,56.00869,14.73111,0,9021010004134000,A
9022010004134002,Rökerivägen,56.00878,14.73091,0,9021010004134000,B
9022010004135001,Granitvägen,56.1427,14.60583,0,9021010004135000,B
9022010004143001,Sweden Rock,56.11607,14.67585,0,9021010004143000,A
9022010004143002,Sweden Rock,56.11633,14.67642,0,9021010004143000,B
9022010004144001,Ljungaviken,56.05003,14.61044,0,9021010004144000,A
9022010004144002,Ljungaviken,56.05,14.61028,0,9021010004144000,B
9022010004145001,Sölve,56.05866,14.62157,0,9021010004145000,A
9022010004145002,Sölve,56.05855,14.62124,0,9021010004145000,B
9022010004146001,Österbo,56.04644,14.68339,0,9021010004146000,A
9022010004146002,Österbo,56.04627,14.68344,0,9021010004146000,B
9022010004147001,Nicolaigatan,56.05393,14.5833,0,9021010004147000,A
9022010004147002,Nicolaigatan,56.05387,14.58361,0,9021010004147000,B
9022010004902001,Hanö,56.01,14.83639,0,9021010004902000,A
9022010004903001,Svingelvägen,56.04231,14.56912,0,9021010004903000,A
9022010004904001,Bernalyckevägen,56.04148,14.56297,0,9021010004904000,A
9022010004905001,Lövängsvägen,56.04566,14.55937,0,9021010004905000,A
9022010004905002,Lövängsvägen,56.04566,14.55937,0,9021010004905000,B
9022010004906001,Valjeviken,56.04901,14.55679,0,9021010004906000,A
9022010004907001,Taggsvampsvägen,56.03746,14.56306,0,9021010004907000,A
9022010004908001,Falkviksgården,56.03889,14.56932,0,9021010004908000,A
9022010004909001,Nexövägen,56.03664,14.5707,0,9021010004909000,A
9022010004910001,Vävaregatan,56.03827,14.57761,0,9021010004910000,A
9022010004911001,Bancks väg,56.04225,14.57576,0,9021010004911000,A
9022010004912001,Cirkusplatsen,56.04527,14.57807,0,9021010004912000,A
9022010004912002,Cirkusplatsen,56.04527,14.57807,0,9021010004912000,B
9022010004913001,Sommarvägen,56.03908,14.55953,0,9021010004913000,A
9022010004917001,Falkvikskyrkan,56.04225,14.57434,0,9021010004917000,A
9022010004918001,Södra Kämpaslätten,56.05696,14.56396,0,9021010004918000,A
9022010004918002,Södra Kämpaslätten,56.05713,14.56388,0,9021010004918000,B
9022010004919001,Norra Kämpaslätten,56.06165,14.56388,0,9021010004919000,A
9022010006002001,Aniara,56.2778,14.52597,0,9021010006002000,A
9022010006002002,Aniara,56.2779,14.52647,0,9021010006002000,B
9022010006003001,Gamla torg,56.27808,14.52167,0,9021010006003000,A
9022010006003002,Gamla torg,56.278,14.52219,0,9021010006003000,B
9022010006004001,Olofströms station,56.27912,14.52012,0,9021010006004000,A
9022010006004002,Olofströms station,56.27912,14.52012,0,9021010006004000,B
9022010006004003,Olofströms station,56.27877,14.52058,0,9021010006004000,C
9022010006006001,Nebbebodagården,56.26892,14.52298,0,9021010006006000,A
9022010006006002,Nebbebodagården,56.26891,14.52275,0,9021010006006000,B
9022010006009001,Rosenhill,56.24873,14.52949,0,9021010006009000,A
9022010006009002,Rosenhill,56.24886,14.52928,0,9021010006009000,B
9022010006011001,Jämshög,56.24086,14.53032,0,9021010006011000,A
9022010006011002,Jämshög,56.24047,14.53059,0,9021010006011000,B
9022010006011003,Jämshög,56.24064,14.53128,0,9021010006011000,C
9022010006011004,Jämshög,56.24073,14.5312,0,9021010006011000,D
9022010006012001,Höjdaliden,56.23831,14.53426,0,9021010006012000,A
9022010006012002,Höjdaliden,56.23815,14.53436,0,9021010006012000,B
9022010006013001,Skrivarehagen,56.22279,14.55899,0,9021010006013000,A
9022010006013002,Skrivarehagen,56.22237,14.56044,0,9021010006013000,B
9022010006014001,Röan,56.21907,14.57191,0,9021010006014000,A
9022010006014002,Röan,56.21847,14.57338,0,9021010006014000,B
9022010006015001,S Röan,56.21754,14.5765,0,9021010006015000,A
9022010006015002,S Röan,56.21761,14.57632,0,9021010006015000,B
9022010006016001,Gränum Stationsvägen,56.21417,14.58446,0,9021010006016000,A
9022010006016002,Gränum Stationsvägen,56.21332,14.58573,0,9021010006016000,B
9022010006017001,N Viadukten,56.28553,14.51679,0,9021010006017000,A
9022010006017002,N Viadukten,56.28549,14.51701,0,9021010006017000,B
9022010006018001,Volvo övre,56.29414,14.51341,0,9021010006018000,B
9022010006019001,Volvo nya,56.29731,14.51175,0,9021010006019000,B
9022010006020001,Agrasjö,56.26489,14.55107,0,9021010006020000,C
9022010006020002,Agrasjö,56.26485,14.55086,0,9021010006020000,D
9022010006021001,Oredslund östra,56.269,14.54812,0,9021010006021000,A
9022010006021002,Oredslund östra,56.26991,14.54703,0,9021010006021000,B
9022010006022001,Hantverkshuset,56.2728,14.54433,0,9021010006022000,A
9022010006022002,Hantverkshuset,56.27274,14.54427,0,9021010006022000,B
9022010006023001,Ekhagsvägen,56.27528,14.54201,0,9021010006023000,A
9022010006023002,Ekhagsvägen,56.2752,14.5418,0,9021010006023000,B
9022010006025001,V Storgatan,56.28166,14.51298,0,9021010006025000,A
9022010006025002,V Storgatan,56.28161,14.5128,0,9021010006025000,B
9022010006049001,Väghult,56.38105,14.59996,0,9021010006049000,A
9022010006049002,Väghult,56.38177,14.60144,0,9021010006049000,B
9022010006063001,Björnsjön,56.29364,14.55122,0,9021010006063000,A
9022010006063002,Björnsjön,56.29375,14.55128,0,9021010006063000,B
9022010006064001,Ö Ringvägen,56.28146,14.53824,0,9021010006064000,A
9022010006064002,Ö Ringvägen,56.2815,14.53848,0,9021010006064000,B
9022010006120001,IUC,56.28341,14.51072,0,9021010006120000,A
9022010006120002,IUC,56.28325,14.51079,0,9021010006120000,B
9022010006121001,Volvo huvudkontoret,56.27928,14.51682,0,9021010006121000,A
9022010006121002,Volvo huvudkontoret,56.27977,14.51614,0,9021010006121000,B
9022010006125001,Norra Vilboken,56.2852,14.50779,0,9021010006125000,A
9022010006126001,Traktorvägen,56.26066,14.55403,0,9021010006126000,A
9022010006126002,Traktorvägen,56.26026,14.5539,0,9021010006126000,B
9022010006128001,Kyrkovägen,56.24159,14.53712,0,9021010006128000,A
9022010006128002,Kyrkovägen,56.24161,14.53723,0,9021010006128000,B
9022010006154001,Hörneborg,56.36503,14.5927,0,9021010006154000,A
9022010006154002,Hörneborg,56.365,14.5928,0,9021010006154000,B
9022010020013001,Allfargatan,56.41216,16.00096,0,9021010020013000,A
9022010020014001,Torsås torg,56.41218,15.99749,0,9021010020014000,A
9022010020015001,Österbrogatan,56.40859,16.01938,0,9021010020015000,A
9022010020017001,Bergkvara busstation,56.39465,16.06522,0,9021010020017000,A
9022010020017002,Bergkvara busstation,56.39488,16.06556,0,9021010020017000,B
9022010020024001,Kärrabo,56.37012,16.06603,0,9021010020024000,A
9022010020024002,Kärrabo,56.37081,16.06712,0,9021010020024000,B
9022010020025001,Skeppevik,56.36424,16.0623,0,9021010020025000,A
9022010020025002,Skeppevik,56.3654,16.06268,0,9021010020025000,B
9022010020026001,Järnsida,56.35259,16.05187,0,9021010020026000,A
9022010020026002,Järnsida,56.35319,16.05363,0,9021010020026000,B
9022010020027001,Södra Kärr,56.33742,16.04836,0,9021010020027000,A
9022010020027002,Södra Kärr,56.33832,16.04864,0,9021010020027000,B
9022010020028001,Bröms,56.31989,16.02892,0,9021010020028000,A
9022010020028002,Bröms,56.3206,16.03049,0,9021010020028000,B
9022010020069001,Lilla Målen,56.40334,16.04314,0,9021010020069000,A
9022010020083001,Björkelycke,56.31241,16.0159,0,9021010020083000,A
9022010020083002,Björkelycke,56.31369,16.01801,0,9021010020083000,B
9022010025015001,Emmaboda station,56.62994,15.5356,0,9021010025015000,A
9022010034025001,Kalmar C,56.66177,16.35804,0,9021010034025000,H
9022010034030001,Sandås,56.66375,16.33874,0,9021010034030000,A
9022010034030002,Sandås,56.66314,16.34072,0,9021010034030000,B
9022010034040001,Svaneberg,56.67108,16.30671,0,9021010034040000,A
9022010034040002,Svaneberg,56.67088,16.30674,0,9021010034040000,B
9022010034048001,Hossmo E22,56.63844,16.21462,0,9021010034048000,A
9022010034048002,Hossmo E22,56.63804,16.21692,0,9021010034048000,B
9022010063019001,"Fridhem, Tingsryd",56.40765,14.93563,0,9021010063019000,A
9022010063019002,"Fridhem, Tingsryd",56.40765,14.93563,0,9021010063019000,B
9022010063208001,Trojaskolan Ryd,56.46668,14.69158,0,9021010063208000,A
9022010063208002,Trojaskolan Ryd,56.46668,14.69158,0,9021010063208000,B
9022010063267001,Norrahult,56.41965,14.95308,0,9021010063267000,A
9022010063267002,Norrahult,56.41985,14.95348,0,9021010063267000,B
9022010063300001,"Storgatan, Tingsryd",56.52179,14.98045,0,9021010063300000,A
9022010063300002,"Storgatan, Tingsryd",56.52166,14.98041,0,9021010063300000,B
9022010063302001,Bultvägen,56.51951,14.9853,0,9021010063302000,A
9022010063302002,Bultvägen,56.5196,14.98534,0,9021010063302000,B
9022010063303001,Dubbvägen,56.51747,14.99463,0,9021010063303000,A
9022010063303002,Dubbvägen,56.51716,14.99626,0,9021010063303000,B
9022010063305001,Elserås,56.48216,15.00279,0,9021010063305000,A
9022010063305002,Elserås,56.48252,15.0028,0,9021010063305000,B
9022010063306001,Elsemåla,56.49022,14.9996,0,9021010063306000,A
9022010063306002,Elsemåla,56.49111,14.9994,0,9021010063306000,B
9022010063307001,Skogryd,56.49919,14.99574,0,9021010063307000,A
9022010063307002,Skogryd,56.49891,14.99592,0,9021010063307000,B
9022010063308001,Plogvägen Tingsryd,56.51503,14.99672,0,9021010063308000,A
9022010063308002,Plogvägen Tingsryd,56.515,14.99693,0,9021010063308000,B
9022010063365001,Kyrkhultsv. Fridafors,56.4078,14.65557,0,9021010063365000,A
9022010063365002,Kyrkhultsv. Fridafors,56.40819,14.65769,0,9021010063365000,B
9022010063366001,"Ringvägen, Fridafors",56.40889,14.66022,0,9021010063366000,A
9022010063366002,"Ringvägen, Fridafors",56.40916,14.6604,0,9021010063366000,B
9022010063367001,Anderslund,56.41543,14.66002,0,9021010063367000,A
9022010063367002,Anderslund,56.41568,14.66016,0,9021010063367000,B
9022010063368001,Slattesmåla,56.4275,14.66766,0,9021010063368000,A
9022010063368002,Slattesmåla,56.42942,14.67078,0,9021010063368000,B
9022010063369001,Inlockahult,56.44448,14.68079,0,9021010063369000,A
9022010063370001,Maskinvägen,56.46229,14.68663,0,9021010063370000,A
9022010063370002,Maskinvägen,56.46188,14.68649,0,9021010063370000,B
9022010063371001,Ryd terminal,56.46186,14.6929,0,9021010063371000,A
9022010063371002,Ryd terminal,56.46208,14.69304,0,9021010063371000,B
9022010063372001,Torget,56.4651,14.69355,0,9021010063372000,A
9022010063372002,Torget,56.4651,14.69365,0,9021010063372000,B
9022010063398001,Granö,56.44062,14.67635,0,9021010063398000,A
9022010063398002,Granö,56.43552,14.67397,0,9021010063398000,B
9022010063399001,Kuppersmåla,56.44896,14.68227,0,9021010063399000,A
9022010063399002,Kuppersmåla,56.4494,14.68233,0,9021010063399000,B
9022010063400001,Tingsryd terminal,56.5238,14.97604,0,9021010063400000,A
9022010063400002,Tingsryd terminal,56.52405,14.97545,0,9021010063400000,C
9022010063744001,Stenfors,56.45799,14.9997,0,9021010063744000,A
9022010063744002,Stenfors,56.45841,15.00042,0,9021010063744000,B
9022010063745001,Knällsberg,56.44131,14.9785,0,9021010063745000,A
9022010063745002,Knällsberg,56.44131,14.9785,0,9021010063745000,B
9022010063748001,Gäddeviksås vägskäl,56.38465,14.90241,0,9021010063748000,A
9022010063748002,Gäddeviksås vägskäl,56.38465,14.90241,0,9021010063748000,B
9022010092001001,Gångbrogatan,56.20863,15.28169,0,9021010092001000,A
9022010092001002,Gångbrogatan,56.20855,15.2817,0,9021010092001000,B
9022010093001001,Karlshamn Resecentrum,56.17628,14.86725,0,9021010093001000,A
9022010093001002,Karlshamn Resecentrum,56.1762,14.86755,0,9021010093001000,B
9022010093001003,Karlshamn Resecentrum,56.17605,14.86778,0,9021010093001000,C
9022010093001004,Karlshamn Resecentrum,56.1758,14.86777,0,9021010093001000,D
9022010093001005,Karlshamn Resecentrum,56.17561,14.86761,0,9021010093001000,E
9022010093001006,Karlshamn Resecentrum,56.1753,14.86742,0,9021010093001000,T
9022010096001001,Olofströms resecentrum,56.27682,14.5335,0,9021010096001000,A
9022010096001002,Olofströms resecentrum,56.27683,14.53329,0,9021010096001000,B
9022010096001003,Olofströms resecentrum,56.27685,14.53308,0,9021010096001000,C
9022010096001004,Olofströms resecentrum,56.2769,14.53283,0,9021010096001000,D
9022010096001005,Olofströms resecentrum,56.27673,14.53231,0,9021010096001000,E
9022010096001006,Olofströms resecentrum,56.27692,14.53254,0,9021010096001000,F
9022010096024001,Läkarstationen Olofström,56.27724,14.53765,0,9021010096024000,A
9022010096024002,Läkarstationen Olofström,56.27712,14.53967,0,9021010096024000,B
9022010096047001,Nissatorpsvägen,56.39848,14.62747,0,9021010096047000,A
9022010096047002,Nissatorpsvägen,56.39843,14.62748,0,9021010096047000,B
9022010096048001,Dalanshult,56.39381,14.62074,0,9021010096048000,A
9022010096048002,Dalanshult,56.39387,14.62099,0,9021010096048000,B
9022010096050001,Hörnsjön,56.37206,14.59197,0,9021010096050000,A
9022010096050002,Hörnsjön,56.37228,14.59198,0,9021010096050000,B
9022010096051001,Kyrkhult,56.35718,14.58719,0,9021010096051000,A
9022010096052001,Parkvägen,56.35265,14.58651,0,9021010096052000,A
9022010096052002,Parkvägen,56.35264,14.58654,0,9021010096052000,B
9022010096053001,Båtslyckevägen,56.3512,14.58473,0,9021010096053000,A
9022010096053002,Båtslyckevägen,56.35127,14.58493,0,9021010096053000,B
9022010096054001,Holjevägen,56.3469,14.57791,0,9021010096054000,A
9022010096054002,Holjevägen,56.34741,14.57885,0,9021010096054000,B
9022010096055001,Källeboda,56.33831,14.57582,0,9021010096055000,A
9022010096055002,Källeboda,56.33903,14.57596,0,9021010096055000,B
9022010096056001,Källeboda såg,56.33382,14.57624,0,9021010096056000,A
9022010096056002,Källeboda såg,56.33292,14.57663,0,9021010096056000,B
9022010096057001,Brödhult,56.32624,14.57833,0,9021010096057000,A
9022010096057002,Brödhult,56.32559,14.57858,0,9021010096057000,B
9022010096058001,N Levershult,56.32037,14.57305,0,9021010096058000,A
9022010096058002,N Levershult,56.31969,14.57211,0,9021010096058000,B
9022010096059001,S Levershult,56.31391,14.56657,0,9021010096059000,A
9022010096059002,S Levershult,56.31483,14.56719,0,9021010096059000,B
9022010096060001,Biskopsmåla vsk,56.30406,14.56145,0,9021010096060000,A
9022010096060002,Biskopsmåla vsk,56.30417,14.56152,0,9021010096060000,B
9022010096061001,Biskopsmåla,56.30004,14.55987,0,9021010096061000,A
9022010096061002,Biskopsmåla,56.29949,14.55969,0,9021010096061000,B
9022010096062001,Hemmingsmåla vsk,56.29647,14.55491,0,9021010096062000,A
9022010096062002,Hemmingsmåla vsk,56.29649,14.55522,0,9021010096062000,B
