route_id,service_id,trip_id,trip_headsign,trip_short_name,direction_id,shape_id,samtrafiken_internal_trip_number
9011010000100000,1,100001000001000001,,,1,1100000000000000247,1
9011010000100000,2,100001000003000001,,,1,1100000000000000247,3
9011010000100000,3,100001000003000003,,,1,1100000000000000247,3
9011010000100000,1,100001000009000001,,,1,1100000000000000249,9
9011010000100000,1,100001000013000001,,,1,1100000000000000249,13
9011010000100000,1,100001000017000001,,,1,1100000000000000249,17
9011010000100000,1,100001000043000001,,,1,1100000000000000251,43
9011010000100000,1,100001000049000001,,,1,1100000000000000249,49
9011010000100000,1,100001000053000001,,,1,1100000000000000249,53
9011010000100000,1,100001000059000001,,,1,1100000000000000249,59
9011010000100000,1,100001000073000001,,,1,1100000000000000249,73
9011010000100000,1,100001000075000001,,,1,1100000000000000249,75
9011010000100000,1,100001000083000001,,,1,1100000000000000249,83
9011010000100000,1,100001000087000001,,,1,1100000000000000249,87
9011010000100000,1,100001000089000001,,,1,1100000000000000249,89
9011010000100000,1,100001000095000001,,,1,1100000000000000249,95
9011010000100000,1,100001000097000001,,,1,1100000000000000249,97
9011010000100000,1,100001000101000001,,,1,1100000000000000249,101
9011010000100000,1,100001000107000001,,,1,1100000000000000249,107
9011010000100000,1,100001000111000001,,,1,1100000000000000249,111
9011010000100000,1,100001000115000001,,,1,1100000000000000249,115
9011010000100000,1,100001000119000001,,,1,1100000000000000249,119
9011010000100000,1,100001000125000001,,,1,1100000000000000249,125
9011010000100000,1,100001000145000001,,,1,1100000000000000251,145
9011010000100000,3,100001000157000003,,,1,1100000000000000252,157
9011010000100000,4,100001000159000003,,,1,1100000000000000253,159
9011010000100000,5,100001000163000001,,,1,1100000000000000253,163
9011010000100000,6,100001000163000002,,,1,1100000000000000253,163
9011010000100000,4,100001000165000004,,,1,1100000000000000253,165
9011010000100000,3,100001000169000002,,,1,1100000000000000253,169
9011010000100000,7,100001000175000002,,,1,1100000000000000253,175
9011010000100000,3,100001000175000004,,,1,1100000000000000253,175
9011010000100000,2,100001000181000001,,,1,1100000000000000253,181
9011010000100000,3,100001000181000003,,,1,1100000000000000253,181
9011010000100000,7,100001000181000004,,,1,1100000000000000253,181
9011010000100000,8,100001000183000003,,,1,1100000000000000253,183
9011010000100000,9,100001000191000003,,,1,1100000000000000253,191
9011010000100000,9,100001000203000002,,,1,1100000000000000253,203
9011010000100000,10,100001000203000003,,,1,1100000000000000253,203
9011010000100000,11,100001000213000001,,,1,1100000000000000253,213
9011010000100000,11,100001000221000001,,,1,1100000000000000250,221
9011010000100000,11,100001000225000001,,,1,1100000000000000250,225
9011010000100000,10,100001000227000001,,,1,1100000000000000250,227
9011010000100000,11,100001000229000001,,,1,1100000000000000250,229
9011010000100000,9,100001000231000002,,,1,1100000000000000250,231
9011010000100000,11,100001000235000001,,,1,1100000000000000250,235
9011010000100000,11,100001000239000001,,,1,1100000000000000250,239
9011010000100000,11,100001000241000001,,,1,1100000000000000250,241
9011010000100000,11,100001000247000001,,,1,1100000000000000250,247
9011010000100000,9,100001000249000002,,,1,1100000000000000250,249
9011010000100000,11,100001000255000001,,,1,1100000000000000250,255
9011010000100000,11,100001000257000001,,,1,1100000000000000250,257
9011010000100000,11,100001000259000001,,,1,1100000000000000250,259
9011010000100000,11,100001000271000001,,,1,1100000000000000250,271
9011010000100000,11,100001000275000001,,,1,1100000000000000250,275
9011010000100000,11,100001000283000001,,,1,1100000000000000250,283
9011010000100000,11,100001000291000001,,,1,1100000000000000250,291
9011010000100000,11,100001000297000001,,,1,1100000000000000250,297
9011010000100000,11,100001000301000001,,,1,1100000000000000250,301
9011010000100000,11,100001000321000001,,,1,1100000000000000248,321
9011010000100000,9,100001000323000003,,,1,1100000000000000253,323
9011010000100000,11,100001000325000001,,,1,1100000000000000253,325
9011010000100000,9,100001000327000002,,,1,1100000000000000253,327
9011010000100000,10,100001000327000003,,,1,1100000000000000253,327
9011010000100000,10,100001000333000001,,,1,1100000000000000253,333
9011010000100000,10,100001000337000002,,,1,1100000000000000246,337
9011010000100000,9,100001000337000004,,,1,1100000000000000246,337
9011010000100000,12,100001000339000001,,,1,1100000000000000246,339
9011010000100000,13,100001000339000003,,,1,1100000000000000246,339
9011010000100000,10,100001000341000001,,,1,1100000000000000246,341
9011010000100000,9,100001000341000003,,,1,1100000000000000246,341
9011010000100000,14,100001000347000001,,,1,1100000000000000253,347
9011010000100000,14,100001000355000001,,,1,1100000000000000253,355
9011010000100000,14,100001000363000001,,,1,1100000000000000253,363
9011010000100000,14,100001000371000001,,,1,1100000000000000248,371
9011010000100000,14,100001000373000001,,,1,1100000000000000248,373
9011010000100000,14,100001000377000001,,,1,1100000000000000248,377
9011010000100000,14,100001000379000001,,,1,1100000000000000250,379
9011010000100000,14,100001000393000001,,,1,1100000000000000250,393
9011010000100000,14,100001000399000001,,,1,1100000000000000250,399
9011010000100000,15,100001000411000002,,,1,1100000000000000248,411
9011010000100000,15,100001000413000001,,,1,1100000000000000248,413
9011010000100000,15,100001000415000001,,,1,1100000000000000248,415
9011010000100000,16,100001000415000002,,,1,1100000000000000248,415
9011010000100000,17,100001000415000004,,,1,1100000000000000248,415
9011010000100000,16,100001000423000002,,,1,1100000000000000248,423
9011010000100000,17,100001000423000004,,,1,1100000000000000248,423
9011010000100000,18,100001000431000004,,,1,1100000000000000253,431
9011010000100000,16,100001000439000001,,,1,1100000000000000253,439
9011010000100000,17,100001000439000003,,,1,1100000000000000253,439
9011010000100000,19,100001000443000001,,,1,1100000000000000253,443
9011010000100000,15,100001000443000002,,,1,1100000000000000253,443
9011010000100000,4,100001000003000002,,,1,1100000000000000247,3
9011010000100000,1,100001000007000001,,,1,1100000000000000249,7
9011010000100000,6,100001000011000001,,,1,1100000000000000245,11
9011010000100000,5,100001000011000002,,,1,1100000000000000245,11
9011010000100000,1,100001000019000001,,,1,1100000000000000249,19
9011010000100000,1,100001000021000001,,,1,1100000000000000249,21
9011010000100000,1,100001000023000001,,,1,1100000000000000249,23
9011010000100000,1,100001000027000001,,,1,1100000000000000249,27
9011010000100000,1,100001000029000001,,,1,1100000000000000249,29
9011010000100000,1,100001000045000001,,,1,1100000000000000251,45
9011010000100000,1,100001000055000001,,,1,1100000000000000249,55
9011010000100000,1,100001000069000001,,,1,1100000000000000249,69
9011010000100000,1,100001000077000001,,,1,1100000000000000249,77
9011010000100000,1,100001000079000001,,,1,1100000000000000249,79
9011010000100000,1,100001000093000001,,,1,1100000000000000249,93
9011010000100000,1,100001000103000001,,,1,1100000000000000249,103
9011010000100000,1,100001000113000001,,,1,1100000000000000249,113
9011010000100000,1,100001000127000001,,,1,1100000000000000249,127
9011010000100000,1,100001000133000001,,,1,1100000000000000249,133
9011010000100000,1,100001000135000001,,,1,1100000000000000249,135
9011010000100000,1,100001000139000001,,,1,1100000000000000251,139
9011010000100000,1,100001000153000001,,,1,1100000000000000251,153
9011010000100000,2,100001000157000001,,,1,1100000000000000252,157
9011010000100000,1,100001000031000001,,,1,1100000000000000249,31
9011010000100000,1,100001000035000001,,,1,1100000000000000251,35
9011010000100000,1,100001000039000001,,,1,1100000000000000251,39
9011010000100000,1,100001000047000001,,,1,1100000000000000251,47
9011010000100000,1,100001000051000001,,,1,1100000000000000249,51
9011010000100000,1,100001000061000001,,,1,1100000000000000249,61
9011010000100000,1,100001000063000001,,,1,1100000000000000249,63
9011010000100000,1,100001000065000001,,,1,1100000000000000249,65
9011010000100000,1,100001000071000001,,,1,1100000000000000249,71
9011010000100000,1,100001000091000001,,,1,1100000000000000249,91
9011010000100000,1,100001000099000001,,,1,1100000000000000249,99
9011010000100000,1,100001000109000001,,,1,1100000000000000249,109
9011010000100000,1,100001000117000001,,,1,1100000000000000249,117
9011010000100000,1,100001000121000001,,,1,1100000000000000249,121
9011010000100000,1,100001000137000001,,,1,1100000000000000249,137
9011010000100000,1,100001000143000001,,,1,1100000000000000251,143
9011010000100000,1,100001000147000001,,,1,1100000000000000251,147
9011010000100000,1,100001000149000001,,,1,1100000000000000251,149
9011010000100000,1,100001000151000001,,,1,1100000000000000251,151
9011010000100000,6,100001000155000001,,,1,1100000000000000252,155
9011010000100000,4,100001000157000002,,,1,1100000000000000252,157
9011010000100000,7,100001000157000004,,,1,1100000000000000252,157
9011010000100000,2,100001000161000001,,,1,1100000000000000253,161
9011010000100000,7,100001000161000004,,,1,1100000000000000253,161
9011010000100000,7,100001000165000001,,,1,1100000000000000253,165
9011010000100000,3,100001000165000002,,,1,1100000000000000253,165
9011010000100000,3,100001000167000003,,,1,1100000000000000253,167
9011010000100000,2,100001000173000001,,,1,1100000000000000253,173
9011010000100000,7,100001000177000001,,,1,1100000000000000253,177
9011010000100000,4,100001000177000002,,,1,1100000000000000253,177
9011010000100000,2,100001000177000003,,,1,1100000000000000253,177
9011010000100000,3,100001000177000004,,,1,1100000000000000253,177
9011010000100000,6,100001000179000001,,,1,1100000000000000253,179
9011010000100000,2,100001000185000001,,,1,1100000000000000246,185
9011010000100000,2,100001000187000001,,,1,1100000000000000246,187
9011010000100000,11,100001000199000001,,,1,1100000000000000253,199
9011010000100000,12,100001000203000001,,,1,1100000000000000253,203
9011010000100000,11,100001000205000001,,,1,1100000000000000253,205
9011010000100000,7,100001000003000004,,,1,1100000000000000247,3
9011010000100000,5,100001000005000001,,,1,1100000000000000249,5
9011010000100000,6,100001000005000002,,,1,1100000000000000249,5
9011010000100000,1,100001000015000001,,,1,1100000000000000249,15
9011010000100000,1,100001000025000001,,,1,1100000000000000249,25
9011010000100000,1,100001000033000001,,,1,1100000000000000251,33
9011010000100000,1,100001000037000001,,,1,1100000000000000251,37
9011010000100000,1,100001000041000001,,,1,1100000000000000251,41
9011010000100000,1,100001000057000001,,,1,1100000000000000249,57
9011010000100000,1,100001000067000001,,,1,1100000000000000249,67
9011010000100000,1,100001000081000001,,,1,1100000000000000249,81
9011010000100000,1,100001000085000001,,,1,1100000000000000249,85
9011010000100000,1,100001000105000001,,,1,1100000000000000249,105
9011010000100000,1,100001000123000001,,,1,1100000000000000249,123
9011010000100000,1,100001000129000001,,,1,1100000000000000249,129
9011010000100000,1,100001000131000001,,,1,1100000000000000249,131
9011010000100000,7,100001000159000001,,,1,1100000000000000253,159
9011010000100000,2,100001000159000002,,,1,1100000000000000253,159
9011010000100000,2,100001000165000003,,,1,1100000000000000253,165
9011010000100000,2,100001000167000001,,,1,1100000000000000253,167
9011010000100000,7,100001000167000004,,,1,1100000000000000253,167
9011010000100000,4,100001000169000001,,,1,1100000000000000253,169
9011010000100000,6,100001000171000001,,,1,1100000000000000253,171
9011010000100000,5,100001000171000002,,,1,1100000000000000253,171
9011010000100000,4,100001000175000001,,,1,1100000000000000253,175
9011010000100000,2,100001000175000003,,,1,1100000000000000253,175
9011010000100000,4,100001000183000001,,,1,1100000000000000253,183
9011010000100000,7,100001000183000002,,,1,1100000000000000253,183
9011010000100000,3,100001000187000002,,,1,1100000000000000246,187
9011010000100000,3,100001000189000002,,,1,1100000000000000246,189
9011010000100000,10,100001000191000001,,,1,1100000000000000253,191
9011010000100000,12,100001000191000002,,,1,1100000000000000253,191
9011010000100000,11,100001000193000001,,,1,1100000000000000253,193
9011010000100000,11,100001000197000001,,,1,1100000000000000253,197
9011010000100000,11,100001000211000001,,,1,1100000000000000253,211
9011010000100000,11,100001000215000001,,,1,1100000000000000250,215
9011010000100000,11,100001000219000001,,,1,1100000000000000250,219
9011010000100000,12,100001000231000001,,,1,1100000000000000250,231
9011010000100000,11,100001000223000001,,,1,1100000000000000250,223
9011010000100000,12,100001000227000002,,,1,1100000000000000250,227
9011010000100000,9,100001000227000003,,,1,1100000000000000250,227
9011010000100000,10,100001000231000003,,,1,1100000000000000250,231
9011010000100000,11,100001000233000001,,,1,1100000000000000250,233
9011010000100000,11,100001000237000001,,,1,1100000000000000250,237
9011010000100000,12,100001000249000001,,,1,1100000000000000250,249
9011010000100000,11,100001000251000001,,,1,1100000000000000250,251
9011010000100000,11,100001000253000001,,,1,1100000000000000250,253
9011010000100000,11,100001000261000001,,,1,1100000000000000250,261
9011010000100000,11,100001000281000001,,,1,1100000000000000250,281
9011010000100000,9,100001000285000002,,,1,1100000000000000250,285
9011010000100000,10,100001000285000003,,,1,1100000000000000250,285
9011010000100000,11,100001000289000001,,,1,1100000000000000250,289
9011010000100000,11,100001000295000001,,,1,1100000000000000250,295
9011010000100000,11,100001000299000001,,,1,1100000000000000250,299
9011010000100000,10,100001000307000001,,,1,1100000000000000248,307
9011010000100000,10,100001000323000001,,,1,1100000000000000253,323
9011010000100000,1,100001000141000001,,,1,1100000000000000251,141
9011010000100000,5,100001000155000002,,,1,1100000000000000252,155
9011010000100000,3,100001000159000004,,,1,1100000000000000253,159
9011010000100000,4,100001000161000002,,,1,1100000000000000253,161
9011010000100000,3,100001000161000003,,,1,1100000000000000253,161
9011010000100000,4,100001000167000002,,,1,1100000000000000253,167
9011010000100000,7,100001000169000003,,,1,1100000000000000253,169
9011010000100000,2,100001000169000004,,,1,1100000000000000253,169
9011010000100000,4,100001000173000002,,,1,1100000000000000253,173
9011010000100000,3,100001000173000003,,,1,1100000000000000253,173
9011010000100000,7,100001000173000004,,,1,1100000000000000253,173
9011010000100000,5,100001000179000002,,,1,1100000000000000253,179
9011010000100000,4,100001000181000002,,,1,1100000000000000253,181
9011010000100000,2,100001000183000004,,,1,1100000000000000253,183
9011010000100000,20,100001000183000005,,,1,1100000000000000253,183
9011010000100000,3,100001000185000002,,,1,1100000000000000246,185
9011010000100000,2,100001000189000001,,,1,1100000000000000246,189
9011010000100000,21,100001000195000001,,,1,1100000000000000253,195
9011010000100000,22,100001000195000002,,,1,1100000000000000253,195
9011010000100000,12,100001000337000003,,,1,1100000000000000246,337
9011010000100000,14,100001000351000001,,,1,1100000000000000253,351
9011010000100000,14,100001000389000001,,,1,1100000000000000250,389
9011010000100000,14,100001000391000001,,,1,1100000000000000250,391
9011010000100000,14,100001000395000001,,,1,1100000000000000250,395
9011010000100000,14,100001000405000001,,,1,1100000000000000250,405
9011010000100000,14,100001000409000001,,,1,1100000000000000250,409
9011010000100000,17,100001000413000003,,,1,1100000000000000248,413
9011010000100000,14,100001000417000001,,,1,1100000000000000248,417
9011010000100000,17,100001000419000001,,,1,1100000000000000248,419
9011010000100000,19,100001000419000003,,,1,1100000000000000248,419
9011010000100000,17,100001000421000001,,,1,1100000000000000248,421
9011010000100000,18,100001000423000003,,,1,1100000000000000248,423
9011010000100000,17,100001000427000003,,,1,1100000000000000253,427
9011010000100000,10,100001000267000002,,,1,1100000000000000250,267
9011010000100000,12,100001000267000003,,,1,1100000000000000250,267
9011010000100000,11,100001000293000001,,,1,1100000000000000250,293
9011010000100000,11,100001000303000001,,,1,1100000000000000248,303
9011010000100000,12,100001000307000002,,,1,1100000000000000248,307
9011010000100000,11,100001000309000001,,,1,1100000000000000248,309
9011010000100000,11,100001000313000001,,,1,1100000000000000248,313
9011010000100000,12,100001000315000002,,,1,1100000000000000248,315
9011010000100000,10,100001000319000001,,,1,1100000000000000248,319
9011010000100000,9,100001000319000002,,,1,1100000000000000248,319
9011010000100000,12,100001000323000002,,,1,1100000000000000253,323
9011010000100000,12,100001000329000001,,,1,1100000000000000253,329
9011010000100000,10,100001000329000002,,,1,1100000000000000253,329
9011010000100000,9,100001000333000002,,,1,1100000000000000253,333
9011010000100000,12,100001000333000003,,,1,1100000000000000253,333
9011010000100000,9,100001000335000003,,,1,1100000000000000253,335
9011010000100000,13,100001000337000001,,,1,1100000000000000246,337
9011010000100000,9,100001000339000002,,,1,1100000000000000246,339
9011010000100000,13,100001000341000004,,,1,1100000000000000246,341
9011010000100000,14,100001000343000001,,,1,1100000000000000253,343
9011010000100000,14,100001000345000001,,,1,1100000000000000253,345
9011010000100000,11,100001000201000001,,,1,1100000000000000253,201
9011010000100000,11,100001000207000001,,,1,1100000000000000253,207
9011010000100000,11,100001000209000001,,,1,1100000000000000253,209
9011010000100000,11,100001000217000001,,,1,1100000000000000250,217
9011010000100000,11,100001000243000001,,,1,1100000000000000250,243
9011010000100000,11,100001000245000001,,,1,1100000000000000250,245
9011010000100000,10,100001000249000003,,,1,1100000000000000250,249
9011010000100000,11,100001000263000001,,,1,1100000000000000250,263
9011010000100000,11,100001000265000001,,,1,1100000000000000250,265
9011010000100000,9,100001000267000001,,,1,1100000000000000250,267
9011010000100000,11,100001000269000001,,,1,1100000000000000250,269
9011010000100000,11,100001000273000001,,,1,1100000000000000250,273
9011010000100000,11,100001000277000001,,,1,1100000000000000250,277
9011010000100000,11,100001000279000001,,,1,1100000000000000250,279
9011010000100000,12,100001000285000001,,,1,1100000000000000250,285
9011010000100000,11,100001000287000001,,,1,1100000000000000250,287
9011010000100000,11,100001000305000001,,,1,1100000000000000248,305
9011010000100000,17,100001000431000001,,,1,1100000000000000253,431
9011010000100000,15,100001000431000002,,,1,1100000000000000253,431
9011010000100000,14,100001000433000001,,,1,1100000000000000253,433
9011010000100000,15,100001000435000003,,,1,1100000000000000253,435
9011010000100000,17,100001000437000003,,,1,1100000000000000253,437
9011010000100000,14,100001000441000001,,,1,1100000000000000253,441
9011010000100000,17,100001000443000003,,,1,1100000000000000253,443
9011010000100000,16,100001000445000001,,,1,1100000000000000253,445
9011010000100000,16,100001000447000001,,,1,1100000000000000246,447
9011010000100000,16,100001000449000001,,,1,1100000000000000246,449
9011010000100000,14,100001000349000001,,,1,1100000000000000253,349
9011010000100000,14,100001000359000001,,,1,1100000000000000253,359
9011010000100000,14,100001000365000001,,,1,1100000000000000253,365
9011010000100000,14,100001000387000001,,,1,1100000000000000250,387
9011010000100000,14,100001000407000001,,,1,1100000000000000250,407
9011010000100000,18,100001000415000003,,,1,1100000000000000248,415
9011010000100000,15,100001000421000002,,,1,1100000000000000248,421
9011010000100000,15,100001000423000001,,,1,1100000000000000248,423
9011010000100000,15,100001000427000001,,,1,1100000000000000253,427
9011010000100000,19,100001000427000002,,,1,1100000000000000253,427
9011010000100000,17,100001000429000001,,,1,1100000000000000253,429
9011010000100000,16,100001000431000003,,,1,1100000000000000253,431
9011010000100000,19,100001000435000001,,,1,1100000000000000253,435
9011010000100000,17,100001000435000002,,,1,1100000000000000253,435
9011010000100000,9,100001000307000003,,,1,1100000000000000248,307
9011010000100000,11,100001000311000001,,,1,1100000000000000248,311
9011010000100000,10,100001000315000001,,,1,1100000000000000248,315
9011010000100000,9,100001000315000003,,,1,1100000000000000248,315
9011010000100000,11,100001000317000001,,,1,1100000000000000248,317
9011010000100000,12,100001000319000003,,,1,1100000000000000248,319
9011010000100000,12,100001000327000001,,,1,1100000000000000253,327
9011010000100000,9,100001000329000003,,,1,1100000000000000253,329
9011010000100000,11,100001000331000001,,,1,1100000000000000253,331
9011010000100000,10,100001000335000001,,,1,1100000000000000253,335
9011010000100000,12,100001000335000002,,,1,1100000000000000253,335
9011010000100000,10,100001000339000004,,,1,1100000000000000246,339
9011010000100000,12,100001000341000002,,,1,1100000000000000246,341
9011010000100000,14,100001000353000001,,,1,1100000000000000253,353
9011010000100000,14,100001000357000001,,,1,1100000000000000253,357
9011010000100000,14,100001000361000001,,,1,1100000000000000253,361
9011010000100000,14,100001000367000001,,,1,1100000000000000248,367
9011010000100000,14,100001000369000001,,,1,1100000000000000248,369
9011010000100000,14,100001000375000001,,,1,1100000000000000248,375
9011010000100000,14,100001000381000001,,,1,1100000000000000250,381
9011010000100000,14,100001000383000001,,,1,1100000000000000250,383
9011010000100000,14,100001000385000001,,,1,1100000000000000250,385
9011010000100000,14,100001000397000001,,,1,1100000000000000250,397
9011010000100000,14,100001000401000001,,,1,1100000000000000250,401
9011010000100000,14,100001000403000001,,,1,1100000000000000250,403
9011010000100000,17,100001000411000001,,,1,1100000000000000248,411
9011010000100000,19,100001000411000003,,,1,1100000000000000248,411
9011010000100000,19,100001000413000002,,,1,1100000000000000248,413
9011010000100000,15,100001000419000002,,,1,1100000000000000248,419
9011010000100000,19,100001000421000003,,,1,1100000000000000248,421
9011010000100000,14,100001000425000001,,,1,1100000000000000253,425
9011010000100000,15,100001000429000002,,,1,1100000000000000253,429
9011010000100000,19,100001000429000003,,,1,1100000000000000253,429
9011010000100000,15,100001000437000001,,,1,1100000000000000253,437
9011010000100000,19,100001000437000002,,,1,1100000000000000253,437
9011010000100000,18,100001000439000002,,,1,1100000000000000253,439
9011010000100000,15,100001000439000004,,,1,1100000000000000253,439
9011010000100000,16,100001000451000001,,,1,1100000000000000246,451
9011010000100000,4,100001000002000002,,,0,1100000000000000261,2
9011010000100000,1,100001000004000001,,,0,1100000000000000261,4
9011010000100000,1,100001000008000001,,,0,1100000000000000260,8
9011010000100000,1,100001000012000001,,,0,1100000000000000260,12
9011010000100000,1,100001000014000001,,,0,1100000000000000260,14
9011010000100000,1,100001000016000001,,,0,1100000000000000260,16
9011010000100000,1,100001000032000001,,,0,1100000000000000259,32
9011010000100000,1,100001000038000001,,,0,1100000000000000259,38
9011010000100000,1,100001000042000001,,,0,1100000000000000259,42
9011010000100000,1,100001000054000001,,,0,1100000000000000259,54
9011010000100000,1,100001000058000001,,,0,1100000000000000259,58
9011010000100000,1,100001000064000001,,,0,1100000000000000259,64
9011010000100000,1,100001000070000001,,,0,1100000000000000259,70
9011010000100000,1,100001000090000001,,,0,1100000000000000259,90
9011010000100000,1,100001000106000001,,,0,1100000000000000259,106
9011010000100000,1,100001000108000001,,,0,1100000000000000259,108
9011010000100000,1,100001000110000001,,,0,1100000000000000259,110
9011010000100000,1,100001000130000001,,,0,1100000000000000260,130
9011010000100000,1,100001000134000001,,,0,1100000000000000260,134
9011010000100000,1,100001000136000001,,,0,1100000000000000260,136
9011010000100000,1,100001000140000001,,,0,1100000000000000260,140
9011010000100000,1,100001000144000001,,,0,1100000000000000259,144
9011010000100000,3,100001000156000001,,,0,1100000000000000261,156
9011010000100000,5,100001000158000002,,,0,1100000000000000261,158
9011010000100000,7,100001000160000004,,,0,1100000000000000261,160
9011010000100000,7,100001000162000002,,,0,1100000000000000261,162
9011010000100000,5,100001000166000002,,,0,1100000000000000258,166
9011010000100000,7,100001000168000002,,,0,1100000000000000258,168
9011010000100000,7,100001000170000002,,,0,1100000000000000258,170
9011010000100000,4,100001000170000004,,,0,1100000000000000258,170
9011010000100000,4,100001000172000002,,,0,1100000000000000258,172
9011010000100000,7,100001000172000004,,,0,1100000000000000258,172
9011010000100000,5,100001000174000002,,,0,1100000000000000258,174
9011010000100000,7,100001000176000001,,,0,1100000000000000258,176
9011010000100000,3,100001000176000002,,,0,1100000000000000258,176
9011010000100000,4,100001000178000003,,,0,1100000000000000258,178
9011010000100000,7,100001000178000005,,,0,1100000000000000258,178
9011010000100000,6,100001000180000001,,,0,1100000000000000258,180
9011010000100000,5,100001000180000002,,,0,1100000000000000258,180
9011010000100000,2,100001000186000001,,,0,1100000000000000257,186
9011010000100000,2,100001000188000001,,,0,1100000000000000257,188
9011010000100000,3,100001000194000001,,,0,1100000000000000257,194
9011010000100000,9,100001000198000001,,,0,1100000000000000258,198
9011010000100000,12,100001000198000003,,,0,1100000000000000258,198
9011010000100000,21,100001000202000001,,,0,1100000000000000258,202
9011010000100000,11,100001000212000001,,,0,1100000000000000258,212
9011010000100000,11,100001000218000001,,,0,1100000000000000256,218
9011010000100000,11,100001000222000001,,,0,1100000000000000256,222
9011010000100000,10,100001000224000003,,,0,1100000000000000256,224
9011010000100000,10,100001000228000003,,,0,1100000000000000256,228
9011010000100000,11,100001000230000001,,,0,1100000000000000256,230
9011010000100000,11,100001000234000001,,,0,1100000000000000256,234
9011010000100000,10,100001000246000001,,,0,1100000000000000256,246
9011010000100000,9,100001000246000002,,,0,1100000000000000256,246
9011010000100000,12,100001000246000003,,,0,1100000000000000256,246
9011010000100000,11,100001000252000001,,,0,1100000000000000255,252
9011010000100000,11,100001000254000001,,,0,1100000000000000255,254
9011010000100000,11,100001000260000001,,,0,1100000000000000255,260
9011010000100000,10,100001000264000001,,,0,1100000000000000255,264
9011010000100000,10,100001000282000001,,,0,1100000000000000255,282
9011010000100000,12,100001000282000002,,,0,1100000000000000255,282
9011010000100000,9,100001000282000003,,,0,1100000000000000255,282
9011010000100000,11,100001000292000001,,,0,1100000000000000255,292
9011010000100000,11,100001000294000001,,,0,1100000000000000256,294
9011010000100000,11,100001000296000001,,,0,1100000000000000256,296
9011010000100000,9,100001000300000002,,,0,1100000000000000256,300
9011010000100000,10,100001000300000003,,,0,1100000000000000256,300
9011010000100000,11,100001000310000001,,,0,1100000000000000256,310
9011010000100000,11,100001000312000001,,,0,1100000000000000254,312
9011010000100000,11,100001000316000001,,,0,1100000000000000254,316
9011010000100000,12,100001000318000002,,,0,1100000000000000254,318
9011010000100000,11,100001000322000001,,,0,1100000000000000254,322
9011010000100000,10,100001000326000001,,,0,1100000000000000254,326
9011010000100000,11,100001000328000001,,,0,1100000000000000254,328
9011010000100000,9,100001000330000002,,,0,1100000000000000258,330
9011010000100000,10,100001000330000003,,,0,1100000000000000258,330
9011010000100000,10,100001000334000002,,,0,1100000000000000258,334
9011010000100000,12,100001000346000001,,,0,1100000000000000257,346
9011010000100000,9,100001000346000002,,,0,1100000000000000257,346
9011010000100000,12,100001000348000001,,,0,1100000000000000257,348
9011010000100000,9,100001000348000002,,,0,1100000000000000257,348
9011010000100000,12,100001000352000002,,,0,1100000000000000257,352
9011010000100000,14,100001000358000001,,,0,1100000000000000258,358
9011010000100000,14,100001000362000001,,,0,1100000000000000258,362
9011010000100000,14,100001000364000001,,,0,1100000000000000258,364
9011010000100000,14,100001000366000001,,,0,1100000000000000258,366
9011010000100000,14,100001000370000001,,,0,1100000000000000258,370
9011010000100000,14,100001000388000001,,,0,1100000000000000262,388
9011010000100000,14,100001000392000001,,,0,1100000000000000262,392
9011010000100000,14,100001000402000001,,,0,1100000000000000262,402
9011010000100000,14,100001000410000001,,,0,1100000000000000262,410
9011010000100000,14,100001000418000001,,,0,1100000000000000262,418
9011010000100000,15,100001000438000001,,,0,1100000000000000258,438
9011010000100000,15,100001000440000001,,,0,1100000000000000258,440
9011010000100000,15,100001000444000001,,,0,1100000000000000258,444
9011010000100000,15,100001000446000001,,,0,1100000000000000258,446
9011010000100000,16,100001000448000001,,,0,1100000000000000258,448
9011010000100000,15,100001000448000003,,,0,1100000000000000258,448
9011010000100000,14,100001000450000001,,,0,1100000000000000258,450
9011010000100000,18,100001000454000003,,,0,1100000000000000258,454
9011010000100000,15,100001000456000003,,,0,1100000000000000258,456
9011010000100000,17,100001000458000003,,,0,1100000000000000258,458
9011010000100000,16,100001000460000001,,,0,1100000000000000257,460
9011010000100000,16,100001000462000001,,,0,1100000000000000257,462
9011010000100000,16,100001000466000001,,,0,1100000000000000257,466
9011010000100000,16,100001000470000001,,,0,1100000000000000257,470
9011010000100000,3,100001000002000003,,,0,1100000000000000261,2
9011010000100000,1,100001000036000001,,,0,1100000000000000259,36
9011010000100000,1,100001000048000001,,,0,1100000000000000259,48
9011010000100000,1,100001000066000001,,,0,1100000000000000259,66
9011010000100000,1,100001000068000001,,,0,1100000000000000259,68
9011010000100000,1,100001000072000001,,,0,1100000000000000259,72
9011010000100000,1,100001000078000001,,,0,1100000000000000259,78
9011010000100000,1,100001000088000001,,,0,1100000000000000259,88
9011010000100000,1,100001000098000001,,,0,1100000000000000259,98
9011010000100000,1,100001000104000001,,,0,1100000000000000259,104
9011010000100000,1,100001000112000001,,,0,1100000000000000260,112
9011010000100000,1,100001000116000001,,,0,1100000000000000260,116
9011010000100000,1,100001000154000001,,,0,1100000000000000259,154
9011010000100000,2,100001000156000003,,,0,1100000000000000261,156
9011010000100000,7,100001000002000004,,,0,1100000000000000261,2
9011010000100000,1,100001000018000001,,,0,1100000000000000260,18
9011010000100000,1,100001000022000001,,,0,1100000000000000260,22
9011010000100000,1,100001000024000001,,,0,1100000000000000260,24
9011010000100000,1,100001000040000001,,,0,1100000000000000259,40
9011010000100000,1,100001000046000001,,,0,1100000000000000259,46
9011010000100000,1,100001000056000001,,,0,1100000000000000259,56
9011010000100000,1,100001000060000001,,,0,1100000000000000259,60
9011010000100000,1,100001000062000001,,,0,1100000000000000259,62
9011010000100000,1,100001000076000001,,,0,1100000000000000259,76
9011010000100000,1,100001000080000001,,,0,1100000000000000259,80
9011010000100000,1,100001000082000001,,,0,1100000000000000259,82
9011010000100000,1,100001000084000001,,,0,1100000000000000259,84
9011010000100000,1,100001000092000001,,,0,1100000000000000259,92
9011010000100000,1,100001000102000001,,,0,1100000000000000259,102
9011010000100000,1,100001000120000001,,,0,1100000000000000260,120
9011010000100000,1,100001000122000001,,,0,1100000000000000260,122
9011010000100000,1,100001000126000001,,,0,1100000000000000260,126
9011010000100000,1,100001000138000001,,,0,1100000000000000260,138
9011010000100000,1,100001000148000001,,,0,1100000000000000259,148
9011010000100000,1,100001000152000001,,,0,1100000000000000259,152
9011010000100000,7,100001000156000002,,,0,1100000000000000261,156
9011010000100000,3,100001000160000003,,,0,1100000000000000261,160
9011010000100000,4,100001000162000004,,,0,1100000000000000261,162
9011010000100000,4,100001000164000002,,,0,1100000000000000261,164
9011010000100000,3,100001000168000004,,,0,1100000000000000258,168
9011010000100000,2,100001000170000003,,,0,1100000000000000258,170
9011010000100000,3,100001000172000003,,,0,1100000000000000258,172
9011010000100000,6,100001000174000001,,,0,1100000000000000258,174
9011010000100000,2,100001000178000002,,,0,1100000000000000258,178
9011010000100000,20,100001000178000004,,,0,1100000000000000258,178
9011010000100000,3,100001000184000001,,,0,1100000000000000257,184
9011010000100000,2,100001000190000001,,,0,1100000000000000257,190
9011010000100000,10,100001000198000002,,,0,1100000000000000258,198
9011010000100000,11,100001000206000001,,,0,1100000000000000258,206
9011010000100000,10,100001000210000001,,,0,1100000000000000258,210
9011010000100000,2,100001000002000001,,,0,1100000000000000261,2
9011010000100000,1,100001000006000001,,,0,1100000000000000260,6
9011010000100000,1,100001000010000001,,,0,1100000000000000260,10
9011010000100000,1,100001000020000001,,,0,1100000000000000260,20
9011010000100000,1,100001000026000001,,,0,1100000000000000260,26
9011010000100000,1,100001000028000001,,,0,1100000000000000259,28
9011010000100000,1,100001000030000001,,,0,1100000000000000259,30
9011010000100000,1,100001000034000001,,,0,1100000000000000259,34
9011010000100000,1,100001000044000001,,,0,1100000000000000259,44
9011010000100000,1,100001000050000001,,,0,1100000000000000259,50
9011010000100000,1,100001000052000001,,,0,1100000000000000259,52
9011010000100000,1,100001000074000001,,,0,1100000000000000259,74
9011010000100000,1,100001000086000001,,,0,1100000000000000259,86
9011010000100000,1,100001000094000001,,,0,1100000000000000259,94
9011010000100000,1,100001000096000001,,,0,1100000000000000259,96
9011010000100000,1,100001000100000001,,,0,1100000000000000259,100
9011010000100000,1,100001000114000001,,,0,1100000000000000260,114
9011010000100000,1,100001000118000001,,,0,1100000000000000260,118
9011010000100000,1,100001000124000001,,,0,1100000000000000260,124
9011010000100000,1,100001000128000001,,,0,1100000000000000260,128
9011010000100000,1,100001000132000001,,,0,1100000000000000260,132
9011010000100000,2,100001000160000001,,,0,1100000000000000261,160
9011010000100000,4,100001000160000002,,,0,1100000000000000261,160
9011010000100000,7,100001000164000004,,,0,1100000000000000261,164
9011010000100000,6,100001000166000001,,,0,1100000000000000258,166
9011010000100000,4,100001000168000001,,,0,1100000000000000258,168
9011010000100000,2,100001000176000003,,,0,1100000000000000258,176
9011010000100000,2,100001000184000002,,,0,1100000000000000257,184
9011010000100000,3,100001000188000002,,,0,1100000000000000257,188
9011010000100000,2,100001000192000001,,,0,1100000000000000257,192
9011010000100000,3,100001000192000002,,,0,1100000000000000257,192
9011010000100000,11,100001000200000001,,,0,1100000000000000258,200
9011010000100000,11,100001000208000001,,,0,1100000000000000258,208
9011010000100000,11,100001000216000001,,,0,1100000000000000256,216
9011010000100000,9,100001000228000002,,,0,1100000000000000256,228
9011010000100000,11,100001000236000001,,,0,1100000000000000256,236
9011010000100000,11,100001000214000001,,,0,1100000000000000256,214
9011010000100000,12,100001000224000001,,,0,1100000000000000256,224
9011010000100000,12,100001000228000001,,,0,1100000000000000256,228
9011010000100000,12,100001000242000001,,,0,1100000000000000256,242
9011010000100000,11,100001000248000001,,,0,1100000000000000255,248
9011010000100000,11,100001000256000001,,,0,1100000000000000255,256
9011010000100000,9,100001000264000003,,,0,1100000000000000255,264
9011010000100000,11,100001000266000001,,,0,1100000000000000255,266
9011010000100000,11,100001000272000001,,,0,1100000000000000255,272
9011010000100000,11,100001000278000001,,,0,1100000000000000255,278
9011010000100000,11,100001000280000001,,,0,1100000000000000255,280
9011010000100000,11,100001000286000001,,,0,1100000000000000255,286
9011010000100000,11,100001000288000001,,,0,1100000000000000255,288
9011010000100000,11,100001000290000001,,,0,1100000000000000255,290
9011010000100000,11,100001000308000001,,,0,1100000000000000256,308
9011010000100000,11,100001000314000001,,,0,1100000000000000254,314
9011010000100000,9,100001000318000003,,,0,1100000000000000254,318
9011010000100000,11,100001000320000001,,,0,1100000000000000254,320
9011010000100000,9,100001000334000003,,,0,1100000000000000258,334
9011010000100000,1,100001000142000001,,,0,1100000000000000259,142
9011010000100000,1,100001000146000001,,,0,1100000000000000259,146
9011010000100000,1,100001000150000001,,,0,1100000000000000259,150
9011010000100000,4,100001000156000004,,,0,1100000000000000261,156
9011010000100000,6,100001000158000001,,,0,1100000000000000261,158
9011010000100000,3,100001000162000001,,,0,1100000000000000261,162
9011010000100000,2,100001000162000003,,,0,1100000000000000261,162
9011010000100000,2,100001000164000001,,,0,1100000000000000261,164
9011010000100000,3,100001000164000003,,,0,1100000000000000261,164
9011010000100000,2,100001000168000003,,,0,1100000000000000258,168
9011010000100000,3,100001000170000001,,,0,1100000000000000258,170
9011010000100000,2,100001000172000001,,,0,1100000000000000258,172
9011010000100000,4,100001000176000004,,,0,1100000000000000258,176
9011010000100000,8,100001000178000001,,,0,1100000000000000258,178
9011010000100000,3,100001000186000002,,,0,1100000000000000257,186
9011010000100000,3,100001000190000002,,,0,1100000000000000257,190
9011010000100000,2,100001000194000002,,,0,1100000000000000257,194
9011010000100000,21,100001000196000001,,,0,1100000000000000258,196
9011010000100000,10,100001000338000001,,,0,1100000000000000258,338
9011010000100000,9,100001000338000002,,,0,1100000000000000258,338
9011010000100000,12,100001000340000002,,,0,1100000000000000258,340
9011010000100000,11,100001000342000001,,,0,1100000000000000258,342
9011010000100000,12,100001000344000001,,,0,1100000000000000258,344
9011010000100000,10,100001000350000002,,,0,1100000000000000257,350
9011010000100000,12,100001000350000003,,,0,1100000000000000257,350
9011010000100000,10,100001000352000001,,,0,1100000000000000257,352
9011010000100000,10,100001000354000001,,,0,1100000000000000257,354
9011010000100000,12,100001000354000002,,,0,1100000000000000257,354
9011010000100000,9,100001000356000002,,,0,1100000000000000257,356
9011010000100000,14,100001000372000001,,,0,1100000000000000258,372
9011010000100000,14,100001000374000001,,,0,1100000000000000258,374
9011010000100000,14,100001000376000001,,,0,1100000000000000258,376
9011010000100000,14,100001000384000001,,,0,1100000000000000254,384
9011010000100000,14,100001000386000001,,,0,1100000000000000254,386
9011010000100000,14,100001000396000001,,,0,1100000000000000262,396
9011010000100000,14,100001000398000001,,,0,1100000000000000262,398
9011010000100000,14,100001000400000001,,,0,1100000000000000262,400
9011010000100000,14,100001000404000001,,,0,1100000000000000262,404
9011010000100000,14,100001000406000001,,,0,1100000000000000262,406
9011010000100000,15,100001000428000001,,,0,1100000000000000254,428
9011010000100000,15,100001000430000001,,,0,1100000000000000254,430
9011010000100000,11,100001000238000001,,,0,1100000000000000256,238
9011010000100000,10,100001000242000003,,,0,1100000000000000256,242
9011010000100000,11,100001000244000001,,,0,1100000000000000256,244
9011010000100000,12,100001000264000002,,,0,1100000000000000255,264
9011010000100000,11,100001000284000001,,,0,1100000000000000255,284
9011010000100000,12,100001000300000001,,,0,1100000000000000256,300
9011010000100000,11,100001000302000001,,,0,1100000000000000256,302
9011010000100000,11,100001000304000001,,,0,1100000000000000256,304
9011010000100000,10,100001000318000001,,,0,1100000000000000254,318
9011010000100000,12,100001000326000002,,,0,1100000000000000254,326
9011010000100000,9,100001000326000003,,,0,1100000000000000254,326
9011010000100000,12,100001000330000001,,,0,1100000000000000258,330
9011010000100000,12,100001000338000003,,,0,1100000000000000258,338
9011010000100000,10,100001000340000001,,,0,1100000000000000258,340
9011010000100000,9,100001000344000002,,,0,1100000000000000258,344
9011010000100000,10,100001000344000003,,,0,1100000000000000258,344
9011010000100000,22,100001000196000002,,,0,1100000000000000258,196
9011010000100000,22,100001000202000002,,,0,1100000000000000258,202
9011010000100000,11,100001000204000001,,,0,1100000000000000258,204
9011010000100000,12,100001000210000002,,,0,1100000000000000258,210
9011010000100000,9,100001000210000003,,,0,1100000000000000258,210
9011010000100000,11,100001000220000001,,,0,1100000000000000256,220
9011010000100000,9,100001000224000002,,,0,1100000000000000256,224
9011010000100000,11,100001000226000001,,,0,1100000000000000256,226
9011010000100000,11,100001000232000001,,,0,1100000000000000256,232
9011010000100000,11,100001000240000001,,,0,1100000000000000256,240
9011010000100000,9,100001000242000002,,,0,1100000000000000256,242
9011010000100000,11,100001000250000001,,,0,1100000000000000255,250
9011010000100000,11,100001000258000001,,,0,1100000000000000255,258
9011010000100000,11,100001000262000001,,,0,1100000000000000255,262
9011010000100000,11,100001000268000001,,,0,1100000000000000255,268
9011010000100000,11,100001000270000001,,,0,1100000000000000255,270
9011010000100000,11,100001000274000001,,,0,1100000000000000255,274
9011010000100000,11,100001000276000001,,,0,1100000000000000255,276
9011010000100000,11,100001000298000001,,,0,1100000000000000256,298
9011010000100000,11,100001000306000001,,,0,1100000000000000256,306
9011010000100000,19,100001000436000003,,,0,1100000000000000258,436
9011010000100000,14,100001000442000001,,,0,1100000000000000258,442
9011010000100000,17,100001000448000002,,,0,1100000000000000258,448
9011010000100000,18,100001000448000004,,,0,1100000000000000258,448
9011010000100000,15,100001000452000001,,,0,1100000000000000258,452
9011010000100000,19,100001000458000002,,,0,1100000000000000258,458
9011010000100000,10,100001000348000003,,,0,1100000000000000257,348
9011010000100000,9,100001000352000003,,,0,1100000000000000257,352
9011010000100000,9,100001000354000003,,,0,1100000000000000257,354
9011010000100000,12,100001000356000001,,,0,1100000000000000257,356
9011010000100000,10,100001000356000003,,,0,1100000000000000257,356
9011010000100000,14,100001000380000001,,,0,1100000000000000254,380
9011010000100000,14,100001000382000001,,,0,1100000000000000254,382
9011010000100000,14,100001000394000001,,,0,1100000000000000262,394
9011010000100000,14,100001000420000001,,,0,1100000000000000262,420
9011010000100000,14,100001000422000001,,,0,1100000000000000262,422
9011010000100000,17,100001000428000003,,,0,1100000000000000254,428
9011010000100000,19,100001000430000002,,,0,1100000000000000254,430
9011010000100000,16,100001000432000002,,,0,1100000000000000254,432
9011010000100000,15,100001000432000003,,,0,1100000000000000254,432
9011010000100000,14,100001000434000001,,,0,1100000000000000258,434
9011010000100000,17,100001000436000001,,,0,1100000000000000258,436
9011010000100000,16,100001000440000002,,,0,1100000000000000258,440
9011010000100000,18,100001000440000003,,,0,1100000000000000258,440
9011010000100000,17,100001000440000004,,,0,1100000000000000258,440
9011010000100000,19,100001000444000002,,,0,1100000000000000258,444
9011010000100000,17,100001000444000003,,,0,1100000000000000258,444
9011010000100000,19,100001000446000002,,,0,1100000000000000258,446
9011010000100000,15,100001000454000001,,,0,1100000000000000258,454
9011010000100000,11,100001000324000001,,,0,1100000000000000254,324
9011010000100000,11,100001000332000001,,,0,1100000000000000258,332
9011010000100000,12,100001000334000001,,,0,1100000000000000258,334
9011010000100000,11,100001000336000001,,,0,1100000000000000258,336
9011010000100000,9,100001000340000003,,,0,1100000000000000258,340
9011010000100000,10,100001000346000003,,,0,1100000000000000257,346
9011010000100000,9,100001000350000001,,,0,1100000000000000257,350
9011010000100000,14,100001000360000001,,,0,1100000000000000258,360
9011010000100000,14,100001000368000001,,,0,1100000000000000258,368
9011010000100000,14,100001000378000001,,,0,1100000000000000258,378
9011010000100000,14,100001000390000001,,,0,1100000000000000262,390
9011010000100000,14,100001000408000001,,,0,1100000000000000262,408
9011010000100000,14,100001000412000001,,,0,1100000000000000262,412
9011010000100000,14,100001000414000001,,,0,1100000000000000262,414
9011010000100000,14,100001000416000001,,,0,1100000000000000262,416
9011010000100000,14,100001000424000001,,,0,1100000000000000262,424
9011010000100000,19,100001000428000002,,,0,1100000000000000254,428
9011010000100000,17,100001000430000003,,,0,1100000000000000254,430
9011010000100000,17,100001000432000001,,,0,1100000000000000254,432
9011010000100000,18,100001000432000004,,,0,1100000000000000254,432
9011010000100000,15,100001000436000002,,,0,1100000000000000258,436
9011010000100000,19,100001000438000002,,,0,1100000000000000258,438
9011010000100000,17,100001000438000003,,,0,1100000000000000258,438
9011010000100000,17,100001000446000003,,,0,1100000000000000258,446
9011010000100000,19,100001000452000002,,,0,1100000000000000258,452
9011010000100000,17,100001000452000003,,,0,1100000000000000258,452
9011010000100000,16,100001000454000002,,,0,1100000000000000258,454
9011010000100000,17,100001000454000004,,,0,1100000000000000258,454
9011010000100000,16,100001000468000001,,,0,1100000000000000257,468
9011010000100000,19,100001000456000001,,,0,1100000000000000258,456
9011010000100000,17,100001000456000002,,,0,1100000000000000258,456
9011010000100000,15,100001000458000001,,,0,1100000000000000258,458
9011010000100000,16,100001000464000001,,,0,1100000000000000257,464
9011010000200000,23,100002000015000002,,,1,1100000000000000418,15
9011010000200000,24,100002000019000003,,,1,1100000000000000418,19
9011010000200000,25,100002000027000001,,,1,1100000000000000420,27
9011010000200000,26,100002000029000001,,,1,1100000000000000420,29
9011010000200000,25,100002000029000004,,,1,1100000000000000420,29
9011010000200000,27,100002000039000004,,,1,1100000000000000421,39
9011010000200000,28,100002000041000001,,,1,1100000000000000421,41
9011010000200000,29,100002000043000002,,,1,1100000000000000421,43
9011010000200000,25,100002000045000001,,,1,1100000000000000421,45
9011010000200000,30,100002000047000002,,,1,1100000000000000421,47
9011010000200000,25,100002000049000001,,,1,1100000000000000421,49
9011010000200000,25,100002000051000001,,,1,1100000000000000421,51
9011010000200000,28,100002000053000001,,,1,1100000000000000421,53
9011010000200000,31,100002000055000001,,,1,1100000000000000421,55
9011010000200000,32,100002000061000001,,,1,1100000000000000421,61
9011010000200000,23,100002000067000003,,,1,1100000000000000421,67
9011010000200000,27,100002000069000002,,,1,1100000000000000430,69
9011010000200000,33,100002000071000002,,,1,1100000000000000430,71
9011010000200000,34,100002000073000002,,,1,1100000000000000430,73
9011010000200000,25,100002000079000001,,,1,1100000000000000421,79
9011010000200000,35,100002000081000002,,,1,1100000000000000421,81
9011010000200000,28,100002000085000001,,,1,1100000000000000422,85
9011010000200000,25,100002000087000001,,,1,1100000000000000423,87
9011010000200000,36,100002000087000004,,,1,1100000000000000423,87
9011010000200000,37,100002000089000002,,,1,1100000000000000423,89
9011010000200000,38,100002000089000004,,,1,1100000000000000423,89
9011010000200000,39,100002000089000006,,,1,1100000000000000423,89
9011010000200000,40,100002000089000008,,,1,1100000000000000423,89
9011010000200000,41,100002000093000002,,,1,1100000000000000423,93
9011010000200000,42,100002000095000001,,,1,1100000000000000423,95
9011010000200000,37,100002000095000002,,,1,1100000000000000423,95
9011010000200000,39,100002000095000008,,,1,1100000000000000423,95
9011010000200000,40,100002000095000011,,,1,1100000000000000423,95
9011010000200000,26,100002000099000003,,,1,1100000000000000415,99
9011010000200000,38,100002000099000004,,,1,1100000000000000415,99
9011010000200000,43,100002000107000001,,,1,1100000000000000425,107
9011010000200000,13,100002000115000004,,,1,1100000000000000427,115
9011010000200000,43,100002000119000001,,,1,1100000000000000427,119
9011010000200000,22,100002000121000004,,,1,1100000000000000427,121
9011010000200000,13,100002000131000004,,,1,1100000000000000427,131
9011010000200000,44,100002000141000001,,,1,1100000000000000427,141
9011010000200000,13,100002000141000002,,,1,1100000000000000427,141
9011010000200000,45,100002000143000001,,,1,1100000000000000427,143
9011010000200000,46,100002000143000002,,,1,1100000000000000427,143
9011010000200000,47,100002000145000001,,,1,1100000000000000427,145
9011010000200000,45,100002000147000001,,,1,1100000000000000427,147
9011010000200000,43,100002000151000001,,,1,1100000000000000427,151
9011010000200000,45,100002000157000002,,,1,1100000000000000428,157
9011010000200000,43,100002000159000001,,,1,1100000000000000424,159
9011010000200000,48,100002000161000002,,,1,1100000000000000424,161
9011010000200000,49,100002000163000001,,,1,1100000000000000424,163
9011010000200000,50,100002000165000001,,,1,1100000000000000429,165
9011010000200000,51,100002000167000004,,,1,1100000000000000429,167
9011010000200000,52,100002000169000002,,,1,1100000000000000427,169
9011010000200000,51,100002000171000001,,,1,1100000000000000427,171
9011010000200000,53,100002000177000002,,,1,1100000000000000427,177
9011010000200000,16,100002000187000002,,,1,1100000000000000427,187
9011010000200000,19,100002000191000003,,,1,1100000000000000427,191
9011010000200000,16,100002000199000002,,,1,1100000000000000424,199
9011010000200000,33,100002000969000003,,,1,1100000000000000430,969
9011010000200000,33,100002000971000002,,,1,1100000000000000430,971
9011010000200000,54,100002000971000004,,,1,1100000000000000430,971
9011010000200000,55,100002000997000004,,,1,1100000000000000415,997
9011010000200000,56,100002000007000002,,,1,1100000000000000416,7
9011010000200000,23,100002000019000001,,,1,1100000000000000418,19
9011010000200000,28,100002000023000001,,,1,1100000000000000419,23
9011010000200000,57,100002000029000002,,,1,1100000000000000420,29
9011010000200000,58,100002000033000002,,,1,1100000000000000421,33
9011010000200000,35,100002000035000002,,,1,1100000000000000421,35
9011010000200000,41,100002000039000002,,,1,1100000000000000421,39
9011010000200000,59,100002000043000001,,,1,1100000000000000421,43
9011010000200000,60,100002000049000002,,,1,1100000000000000421,49
9011010000200000,35,100002000051000002,,,1,1100000000000000421,51
9011010000200000,55,100002000055000002,,,1,1100000000000000421,55
9011010000200000,33,100002000055000003,,,1,1100000000000000421,55
9011010000200000,61,100002000055000004,,,1,1100000000000000421,55
9011010000200000,58,100002000059000002,,,1,1100000000000000421,59
9011010000200000,24,100002000061000002,,,1,1100000000000000421,61
9011010000200000,28,100002000063000001,,,1,1100000000000000421,63
9011010000200000,29,100002000065000002,,,1,1100000000000000421,65
9011010000200000,25,100002000067000001,,,1,1100000000000000421,67
9011010000200000,41,100002000069000001,,,1,1100000000000000430,69
9011010000200000,62,100002000073000004,,,1,1100000000000000430,73
9011010000200000,28,100002000075000001,,,1,1100000000000000430,75
9011010000200000,33,100002000077000004,,,1,1100000000000000430,77
9011010000200000,35,100002000079000002,,,1,1100000000000000421,79
9011010000200000,63,100002000089000005,,,1,1100000000000000423,89
9011010000200000,64,100002000089000007,,,1,1100000000000000423,89
9011010000200000,65,100002000089000009,,,1,1100000000000000423,89
9011010000200000,54,100002000089000011,,,1,1100000000000000423,89
9011010000200000,61,100002000089000012,,,1,1100000000000000423,89
9011010000200000,55,100002000091000001,,,1,1100000000000000423,91
9011010000200000,34,100002000093000003,,,1,1100000000000000423,93
9011010000200000,27,100002000093000004,,,1,1100000000000000423,93
9011010000200000,63,100002000095000005,,,1,1100000000000000423,95
9011010000200000,64,100002000099000008,,,1,1100000000000000415,99
9011010000200000,20,100002000001000003,,,1,1100000000000000427,1
9011010000200000,26,100002000001000004,,,1,1100000000000000427,1
9011010000200000,35,100002000003000002,,,1,1100000000000000415,3
9011010000200000,55,100002000007000001,,,1,1100000000000000416,7
9011010000200000,66,100002000101000002,,,1,1100000000000000424,101
9011010000200000,45,100002000109000001,,,1,1100000000000000425,109
9011010000200000,46,100002000109000002,,,1,1100000000000000425,109
9011010000200000,44,100002000113000001,,,1,1100000000000000427,113
9011010000200000,45,100002000115000001,,,1,1100000000000000427,115
9011010000200000,45,100002000117000001,,,1,1100000000000000427,117
9011010000200000,13,100002000121000001,,,1,1100000000000000427,121
9011010000200000,48,100002000121000002,,,1,1100000000000000427,121
9011010000200000,43,100002000123000001,,,1,1100000000000000427,123
9011010000200000,43,100002000125000001,,,1,1100000000000000427,125
9011010000200000,45,100002000129000001,,,1,1100000000000000427,129
9011010000200000,45,100002000131000001,,,1,1100000000000000427,131
9011010000200000,67,100002000131000002,,,1,1100000000000000427,131
9011010000200000,49,100002000133000002,,,1,1100000000000000427,133
9011010000200000,46,100002000147000002,,,1,1100000000000000427,147
9011010000200000,43,100002000149000001,,,1,1100000000000000427,149
9011010000200000,43,100002000153000001,,,1,1100000000000000427,153
9011010000200000,43,100002000155000001,,,1,1100000000000000427,155
9011010000200000,13,100002000161000004,,,1,1100000000000000424,161
9011010000200000,13,100002000163000002,,,1,1100000000000000424,163
9011010000200000,65,100002000001000001,,,1,1100000000000000427,1
9011010000200000,68,100002000001000002,,,1,1100000000000000427,1
9011010000200000,69,100002000001000005,,,1,1100000000000000427,1
9011010000200000,25,100002000003000001,,,1,1100000000000000415,3
9011010000200000,70,100002000011000001,,,1,1100000000000000417,11
9011010000200000,71,100002000015000001,,,1,1100000000000000418,15
9011010000200000,23,100002000027000003,,,1,1100000000000000420,27
9011010000200000,72,100002000029000003,,,1,1100000000000000420,29
9011010000200000,73,100002000029000005,,,1,1100000000000000420,29
9011010000200000,28,100002000031000001,,,1,1100000000000000421,31
9011010000200000,25,100002000035000001,,,1,1100000000000000421,35
9011010000200000,28,100002000037000001,,,1,1100000000000000421,37
9011010000200000,40,100002000043000003,,,1,1100000000000000421,43
9011010000200000,23,100002000045000003,,,1,1100000000000000421,45
9011010000200000,30,100002000011000002,,,1,1100000000000000417,11
9011010000200000,32,100002000019000002,,,1,1100000000000000418,19
9011010000200000,60,100002000027000002,,,1,1100000000000000420,27
9011010000200000,74,100002000033000001,,,1,1100000000000000421,33
9011010000200000,62,100002000039000001,,,1,1100000000000000421,39
9011010000200000,34,100002000039000003,,,1,1100000000000000421,39
9011010000200000,75,100002000043000004,,,1,1100000000000000421,43
9011010000200000,60,100002000045000002,,,1,1100000000000000421,45
9011010000200000,70,100002000047000001,,,1,1100000000000000421,47
9011010000200000,23,100002000049000003,,,1,1100000000000000421,49
9011010000200000,28,100002000057000001,,,1,1100000000000000421,57
9011010000200000,75,100002000065000003,,,1,1100000000000000421,65
9011010000200000,55,100002000071000001,,,1,1100000000000000430,71
9011010000200000,27,100002000073000003,,,1,1100000000000000430,73
9011010000200000,31,100002000077000002,,,1,1100000000000000430,77
9011010000200000,55,100002000077000003,,,1,1100000000000000430,77
9011010000200000,23,100002000083000001,,,1,1100000000000000421,83
9011010000200000,24,100002000083000002,,,1,1100000000000000421,83
9011010000200000,32,100002000083000003,,,1,1100000000000000421,83
9011010000200000,74,100002000087000003,,,1,1100000000000000423,87
9011010000200000,42,100002000089000001,,,1,1100000000000000423,89
9011010000200000,26,100002000089000003,,,1,1100000000000000423,89
9011010000200000,76,100002000167000001,,,1,1100000000000000429,167
9011010000200000,16,100002000167000002,,,1,1100000000000000429,167
9011010000200000,19,100002000171000002,,,1,1100000000000000427,171
9011010000200000,77,100002000171000003,,,1,1100000000000000427,171
9011010000200000,16,100002000173000002,,,1,1100000000000000427,173
9011010000200000,18,100002000177000004,,,1,1100000000000000427,177
9011010000200000,52,100002000179000002,,,1,1100000000000000427,179
9011010000200000,76,100002000183000001,,,1,1100000000000000427,183
9011010000200000,52,100002000183000003,,,1,1100000000000000427,183
9011010000200000,52,100002000185000003,,,1,1100000000000000427,185
9011010000200000,78,100002000187000003,,,1,1100000000000000427,187
9011010000200000,51,100002000187000004,,,1,1100000000000000427,187
9011010000200000,50,100002000195000001,,,1,1100000000000000428,195
9011010000200000,33,100002000927000003,,,1,1100000000000000420,927
9011010000200000,55,100002000969000002,,,1,1100000000000000430,969
9011010000200000,61,100002000971000003,,,1,1100000000000000430,971
9011010000200000,38,100002000095000004,,,1,1100000000000000423,95
9011010000200000,64,100002000095000010,,,1,1100000000000000423,95
9011010000200000,65,100002000095000012,,,1,1100000000000000423,95
9011010000200000,55,100002000097000001,,,1,1100000000000000415,97
9011010000200000,33,100002000097000002,,,1,1100000000000000415,97
9011010000200000,37,100002000099000002,,,1,1100000000000000415,99
9011010000200000,54,100002000099000006,,,1,1100000000000000415,99
9011010000200000,65,100002000099000010,,,1,1100000000000000415,99
9011010000200000,39,100002000099000012,,,1,1100000000000000415,99
9011010000200000,46,100002000111000001,,,1,1100000000000000426,111
9011010000200000,45,100002000111000002,,,1,1100000000000000426,111
9011010000200000,48,100002000115000002,,,1,1100000000000000427,115
9011010000200000,46,100002000117000002,,,1,1100000000000000427,117
9011010000200000,45,100002000121000003,,,1,1100000000000000427,121
9011010000200000,13,100002000127000002,,,1,1100000000000000427,127
9011010000200000,9,100002000131000003,,,1,1100000000000000427,131
9011010000200000,45,100002000133000001,,,1,1100000000000000427,133
9011010000200000,13,100002000133000003,,,1,1100000000000000427,133
9011010000200000,43,100002000135000001,,,1,1100000000000000427,135
9011010000200000,33,100002000991000005,,,1,1100000000000000423,991
9011010000200000,62,100002000997000001,,,1,1100000000000000415,997
9011010000200000,33,100002000997000005,,,1,1100000000000000415,997
9011010000200000,43,100002000137000001,,,1,1100000000000000427,137
9011010000200000,9,100002000145000002,,,1,1100000000000000427,145
9011010000200000,46,100002000157000001,,,1,1100000000000000428,157
9011010000200000,22,100002000161000003,,,1,1100000000000000424,161
9011010000200000,52,100002000165000002,,,1,1100000000000000429,165
9011010000200000,78,100002000167000003,,,1,1100000000000000429,167
9011010000200000,50,100002000175000001,,,1,1100000000000000427,175
9011010000200000,52,100002000175000002,,,1,1100000000000000427,175
9011010000200000,51,100002000177000005,,,1,1100000000000000427,177
9011010000200000,19,100002000181000002,,,1,1100000000000000427,181
9011010000200000,16,100002000183000002,,,1,1100000000000000427,183
9011010000200000,76,100002000185000001,,,1,1100000000000000427,185
9011010000200000,77,100002000191000002,,,1,1100000000000000427,191
9011010000200000,52,100002000195000002,,,1,1100000000000000428,195
9011010000200000,52,100002000197000001,,,1,1100000000000000424,197
9011010000200000,16,100002000201000002,,,1,1100000000000000424,201
9011010000200000,55,100002000971000001,,,1,1100000000000000430,971
9011010000200000,62,100002000971000005,,,1,1100000000000000430,971
9011010000200000,62,100002000991000001,,,1,1100000000000000423,991
9011010000200000,61,100002000991000002,,,1,1100000000000000423,991
9011010000200000,61,100002000997000002,,,1,1100000000000000415,997
9011010000200000,54,100002000997000003,,,1,1100000000000000415,997
9011010000200000,74,100002000059000001,,,1,1100000000000000421,59
9011010000200000,23,100002000061000003,,,1,1100000000000000421,61
9011010000200000,40,100002000065000001,,,1,1100000000000000421,65
9011010000200000,59,100002000065000004,,,1,1100000000000000421,65
9011010000200000,60,100002000067000002,,,1,1100000000000000421,67
9011010000200000,41,100002000073000001,,,1,1100000000000000430,73
9011010000200000,61,100002000077000001,,,1,1100000000000000430,77
9011010000200000,25,100002000081000001,,,1,1100000000000000421,81
9011010000200000,26,100002000087000002,,,1,1100000000000000423,87
9011010000200000,62,100002000089000010,,,1,1100000000000000423,89
9011010000200000,33,100002000091000002,,,1,1100000000000000423,91
9011010000200000,62,100002000093000001,,,1,1100000000000000423,93
9011010000200000,26,100002000095000003,,,1,1100000000000000423,95
9011010000200000,61,100002000095000006,,,1,1100000000000000423,95
9011010000200000,54,100002000095000007,,,1,1100000000000000423,95
9011010000200000,62,100002000095000009,,,1,1100000000000000423,95
9011010000200000,42,100002000099000001,,,1,1100000000000000415,99
9011010000200000,63,100002000099000005,,,1,1100000000000000415,99
9011010000200000,61,100002000099000007,,,1,1100000000000000415,99
9011010000200000,40,100002000099000009,,,1,1100000000000000415,99
9011010000200000,62,100002000099000011,,,1,1100000000000000415,99
9011010000200000,79,100002000101000001,,,1,1100000000000000424,101
9011010000200000,61,100002000103000001,,,1,1100000000000000424,103
9011010000200000,55,100002000103000002,,,1,1100000000000000424,103
9011010000200000,79,100002000105000001,,,1,1100000000000000424,105
9011010000200000,13,100002000113000002,,,1,1100000000000000427,113
9011010000200000,22,100002000115000003,,,1,1100000000000000427,115
9011010000200000,44,100002000127000001,,,1,1100000000000000427,127
9011010000200000,46,100002000129000002,,,1,1100000000000000427,129
9011010000200000,43,100002000139000001,,,1,1100000000000000427,139
9011010000200000,13,100002000145000003,,,1,1100000000000000427,145
9011010000200000,45,100002000161000001,,,1,1100000000000000424,161
9011010000200000,50,100002000169000001,,,1,1100000000000000427,169
9011010000200000,76,100002000173000001,,,1,1100000000000000427,173
9011010000200000,78,100002000173000003,,,1,1100000000000000427,173
9011010000200000,51,100002000173000004,,,1,1100000000000000427,173
9011010000200000,76,100002000177000001,,,1,1100000000000000427,177
9011010000200000,16,100002000177000003,,,1,1100000000000000427,177
9011010000200000,50,100002000179000001,,,1,1100000000000000427,179
9011010000200000,51,100002000181000001,,,1,1100000000000000427,181
9011010000200000,77,100002000181000003,,,1,1100000000000000427,181
9011010000200000,16,100002000185000002,,,1,1100000000000000427,185
9011010000200000,76,100002000187000001,,,1,1100000000000000427,187
9011010000200000,76,100002000189000001,,,1,1100000000000000427,189
9011010000200000,16,100002000189000002,,,1,1100000000000000427,189
9011010000200000,52,100002000189000003,,,1,1100000000000000427,189
9011010000200000,51,100002000191000001,,,1,1100000000000000427,191
9011010000200000,50,100002000193000001,,,1,1100000000000000427,193
9011010000200000,52,100002000193000002,,,1,1100000000000000427,193
9011010000200000,76,100002000197000002,,,1,1100000000000000424,197
9011010000200000,16,100002000197000003,,,1,1100000000000000424,197
9011010000200000,76,100002000199000001,,,1,1100000000000000424,199
9011010000200000,76,100002000201000001,,,1,1100000000000000424,201
9011010000200000,25,100002000927000001,,,1,1100000000000000420,927
9011010000200000,55,100002000927000002,,,1,1100000000000000420,927
9011010000200000,25,100002000969000001,,,1,1100000000000000430,969
9011010000200000,54,100002000991000003,,,1,1100000000000000423,991
9011010000200000,55,100002000991000004,,,1,1100000000000000423,991
9011010000200000,23,100002000002000001,,,0,1100000000000000449,2
9011010000200000,70,100002000004000001,,,0,1100000000000000448,4
9011010000200000,26,100002000006000004,,,0,1100000000000000448,6
9011010000200000,26,100002000008000001,,,0,1100000000000000448,8
9011010000200000,37,100002000008000003,,,0,1100000000000000448,8
9011010000200000,60,100002000010000002,,,0,1100000000000000448,10
9011010000200000,74,100002000012000001,,,0,1100000000000000447,12
9011010000200000,58,100002000012000002,,,0,1100000000000000447,12
9011010000200000,80,100002000016000002,,,0,1100000000000000448,16
9011010000200000,41,100002000022000002,,,0,1100000000000000448,22
9011010000200000,62,100002000022000004,,,0,1100000000000000448,22
9011010000200000,59,100002000026000004,,,0,1100000000000000448,26
9011010000200000,25,100002000028000001,,,0,1100000000000000448,28
9011010000200000,23,100002000028000003,,,0,1100000000000000448,28
9011010000200000,30,100002000030000001,,,0,1100000000000000446,30
9011010000200000,35,100002000034000002,,,0,1100000000000000448,34
9011010000200000,28,100002000036000001,,,0,1100000000000000448,36
9011010000200000,58,100002000038000002,,,0,1100000000000000449,38
9011010000200000,23,100002000044000001,,,0,1100000000000000448,44
9011010000200000,55,100002000052000002,,,0,1100000000000000444,52
9011010000200000,33,100002000052000003,,,0,1100000000000000444,52
9011010000200000,61,100002000054000002,,,0,1100000000000000431,54
9011010000200000,54,100002000054000003,,,0,1100000000000000431,54
9011010000200000,25,100002000058000001,,,0,1100000000000000444,58
9011010000200000,35,100002000058000002,,,0,1100000000000000444,58
9011010000200000,24,100002000078000003,,,0,1100000000000000432,78
9011010000200000,55,100002000086000001,,,0,1100000000000000433,86
9011010000200000,26,100002000090000002,,,0,1100000000000000433,90
9011010000200000,74,100002000090000003,,,0,1100000000000000433,90
9011010000200000,37,100002000092000002,,,0,1100000000000000434,92
9011010000200000,63,100002000092000005,,,0,1100000000000000434,92
9011010000200000,64,100002000092000008,,,0,1100000000000000434,92
9011010000200000,62,100002000092000011,,,0,1100000000000000434,92
9011010000200000,55,100002000094000001,,,0,1100000000000000434,94
9011010000200000,62,100002000096000001,,,0,1100000000000000435,96
9011010000200000,38,100002000098000004,,,0,1100000000000000434,98
9011010000200000,54,100002000098000008,,,0,1100000000000000434,98
9011010000200000,64,100002000098000010,,,0,1100000000000000434,98
9011010000200000,65,100002000098000011,,,0,1100000000000000434,98
9011010000200000,33,100002000100000002,,,0,1100000000000000435,100
9011010000200000,41,100002000102000002,,,0,1100000000000000434,102
9011010000200000,38,100002000104000002,,,0,1100000000000000434,104
9011010000200000,42,100002000104000003,,,0,1100000000000000434,104
9011010000200000,37,100002000104000004,,,0,1100000000000000434,104
9011010000200000,64,100002000104000006,,,0,1100000000000000434,104
9011010000200000,54,100002000104000007,,,0,1100000000000000434,104
9011010000200000,39,100002000104000008,,,0,1100000000000000434,104
9011010000200000,40,100002000104000010,,,0,1100000000000000434,104
9011010000200000,61,100002000114000001,,,0,1100000000000000445,114
9011010000200000,61,100002000118000001,,,0,1100000000000000439,118
9011010000200000,55,100002000118000002,,,0,1100000000000000439,118
9011010000200000,81,100002000120000003,,,0,1100000000000000439,120
9011010000200000,46,100002000124000002,,,0,1100000000000000440,124
9011010000200000,9,100002000126000002,,,0,1100000000000000440,126
9011010000200000,47,100002000126000003,,,0,1100000000000000440,126
9011010000200000,45,100002000130000001,,,0,1100000000000000440,130
9011010000200000,48,100002000132000002,,,0,1100000000000000440,132
9011010000200000,22,100002000132000003,,,0,1100000000000000440,132
9011010000200000,45,100002000140000002,,,0,1100000000000000440,140
9011010000200000,13,100002000142000002,,,0,1100000000000000438,142
9011010000200000,45,100002000154000001,,,0,1100000000000000440,154
9011010000200000,46,100002000154000002,,,0,1100000000000000440,154
9011010000200000,47,100002000156000001,,,0,1100000000000000440,156
9011010000200000,9,100002000156000002,,,0,1100000000000000440,156
9011010000200000,13,100002000156000003,,,0,1100000000000000440,156
9011010000200000,45,100002000158000002,,,0,1100000000000000440,158
9011010000200000,43,100002000160000001,,,0,1100000000000000440,160
9011010000200000,45,100002000168000002,,,0,1100000000000000440,168
9011010000200000,22,100002000172000002,,,0,1100000000000000438,172
9011010000200000,13,100002000172000003,,,0,1100000000000000438,172
9011010000200000,48,100002000172000004,,,0,1100000000000000438,172
9011010000200000,45,100002000174000001,,,0,1100000000000000441,174
9011010000200000,49,100002000174000002,,,0,1100000000000000441,174
9011010000200000,46,100002000176000001,,,0,1100000000000000442,176
9011010000200000,67,100002000178000002,,,0,1100000000000000442,178
9011010000200000,67,100002000180000001,,,0,1100000000000000442,180
9011010000200000,9,100002000180000002,,,0,1100000000000000442,180
9011010000200000,13,100002000180000003,,,0,1100000000000000442,180
9011010000200000,16,100002000184000002,,,0,1100000000000000440,184
9011010000200000,50,100002000190000001,,,0,1100000000000000440,190
9011010000200000,51,100002000192000001,,,0,1100000000000000440,192
9011010000200000,16,100002000202000004,,,0,1100000000000000440,202
9011010000200000,16,100002000204000002,,,0,1100000000000000440,204
9011010000200000,50,100002000208000001,,,0,1100000000000000438,208
9011010000200000,52,100002000208000002,,,0,1100000000000000438,208
9011010000200000,76,100002000216000001,,,0,1100000000000000441,216
9011010000200000,76,100002000220000001,,,0,1100000000000000442,220
9011010000200000,76,100002000222000001,,,0,1100000000000000442,222
9011010000200000,61,100002000906000001,,,0,1100000000000000434,906
9011010000200000,62,100002000906000005,,,0,1100000000000000434,906
9011010000200000,33,100002000994000001,,,0,1100000000000000434,994
9011010000200000,72,100002000006000002,,,0,1100000000000000448,6
9011010000200000,73,100002000006000003,,,0,1100000000000000448,6
9011010000200000,27,100002000022000001,,,0,1100000000000000448,22
9011010000200000,75,100002000026000003,,,0,1100000000000000448,26
9011010000200000,70,100002000030000002,,,0,1100000000000000446,30
9011010000200000,25,100002000034000001,,,0,1100000000000000448,34
9011010000200000,32,100002000044000002,,,0,1100000000000000448,44
9011010000200000,59,100002000048000001,,,0,1100000000000000444,48
9011010000200000,75,100002000048000004,,,0,1100000000000000444,48
9011010000200000,34,100002000050000003,,,0,1100000000000000444,50
9011010000200000,55,100002000054000004,,,0,1100000000000000431,54
9011010000200000,33,100002000054000005,,,0,1100000000000000431,54
9011010000200000,25,100002000070000001,,,0,1100000000000000444,70
9011010000200000,23,100002000074000002,,,0,1100000000000000444,74
9011010000200000,32,100002000078000001,,,0,1100000000000000432,78
9011010000200000,23,100002000078000002,,,0,1100000000000000432,78
9011010000200000,25,100002000090000001,,,0,1100000000000000433,90
9011010000200000,42,100002000092000001,,,0,1100000000000000434,92
9011010000200000,26,100002000092000003,,,0,1100000000000000434,92
9011010000200000,65,100002000092000010,,,0,1100000000000000434,92
9011010000200000,33,100002000094000002,,,0,1100000000000000434,94
9011010000200000,26,100002000098000002,,,0,1100000000000000434,98
9011010000200000,62,100002000098000007,,,0,1100000000000000434,98
9011010000200000,39,100002000098000012,,,0,1100000000000000434,98
9011010000200000,55,100002000100000001,,,0,1100000000000000435,100
9011010000200000,71,100002000002000002,,,0,1100000000000000449,2
9011010000200000,38,100002000008000004,,,0,1100000000000000448,8
9011010000200000,63,100002000008000007,,,0,1100000000000000448,8
9011010000200000,27,100002000102000004,,,0,1100000000000000434,102
9011010000200000,63,100002000104000005,,,0,1100000000000000434,104
9011010000200000,62,100002000104000009,,,0,1100000000000000434,104
9011010000200000,61,100002000104000012,,,0,1100000000000000434,104
9011010000200000,55,100002000106000001,,,0,1100000000000000434,106
9011010000200000,55,100002000110000001,,,0,1100000000000000437,110
9011010000200000,31,100002000112000001,,,0,1100000000000000437,112
9011010000200000,33,100002000112000002,,,0,1100000000000000437,112
9011010000200000,3,100002000120000002,,,0,1100000000000000439,120
9011010000200000,26,100002000122000003,,,0,1100000000000000439,122
9011010000200000,45,100002000124000001,,,0,1100000000000000440,124
9011010000200000,13,100002000126000001,,,0,1100000000000000440,126
9011010000200000,44,100002000128000001,,,0,1100000000000000438,128
9011010000200000,9,100002000142000001,,,0,1100000000000000438,142
9011010000200000,13,100002000144000003,,,0,1100000000000000440,144
9011010000200000,43,100002000150000001,,,0,1100000000000000438,150
9011010000200000,46,100002000158000001,,,0,1100000000000000440,158
9011010000200000,30,100002000004000002,,,0,1100000000000000448,4
9011010000200000,25,100002000006000001,,,0,1100000000000000448,6
9011010000200000,57,100002000006000005,,,0,1100000000000000448,6
9011010000200000,42,100002000008000002,,,0,1100000000000000448,8
9011010000200000,82,100002000008000005,,,0,1100000000000000448,8
9011010000200000,83,100002000008000006,,,0,1100000000000000448,8
9011010000200000,40,100002000008000009,,,0,1100000000000000448,8
9011010000200000,25,100002000010000001,,,0,1100000000000000448,10
9011010000200000,23,100002000010000003,,,0,1100000000000000448,10
9011010000200000,32,100002000016000001,,,0,1100000000000000448,16
9011010000200000,35,100002000018000002,,,0,1100000000000000448,18
9011010000200000,34,100002000022000003,,,0,1100000000000000448,22
9011010000200000,28,100002000024000001,,,0,1100000000000000448,24
9011010000200000,40,100002000026000001,,,0,1100000000000000448,26
9011010000200000,60,100002000032000002,,,0,1100000000000000448,32
9011010000200000,23,100002000032000003,,,0,1100000000000000448,32
9011010000200000,28,100002000040000001,,,0,1100000000000000448,40
9011010000200000,28,100002000042000001,,,0,1100000000000000446,42
9011010000200000,24,100002000044000003,,,0,1100000000000000448,44
9011010000200000,64,100002000008000008,,,0,1100000000000000448,8
9011010000200000,28,100002000014000001,,,0,1100000000000000448,14
9011010000200000,25,100002000018000001,,,0,1100000000000000448,18
9011010000200000,28,100002000020000001,,,0,1100000000000000448,20
9011010000200000,29,100002000026000002,,,0,1100000000000000448,26
9011010000200000,60,100002000028000002,,,0,1100000000000000448,28
9011010000200000,25,100002000032000001,,,0,1100000000000000448,32
9011010000200000,74,100002000038000001,,,0,1100000000000000449,38
9011010000200000,29,100002000048000002,,,0,1100000000000000444,48
9011010000200000,40,100002000048000003,,,0,1100000000000000444,48
9011010000200000,25,100002000052000001,,,0,1100000000000000444,52
9011010000200000,28,100002000062000001,,,0,1100000000000000444,62
9011010000200000,33,100002000066000002,,,0,1100000000000000431,66
9011010000200000,61,100002000066000003,,,0,1100000000000000431,66
9011010000200000,28,100002000082000001,,,0,1100000000000000433,82
9011010000200000,43,100002000170000001,,,0,1100000000000000440,170
9011010000200000,45,100002000172000001,,,0,1100000000000000438,172
9011010000200000,13,100002000182000002,,,0,1100000000000000442,182
9011010000200000,76,100002000184000001,,,0,1100000000000000440,184
9011010000200000,51,100002000188000004,,,0,1100000000000000440,188
9011010000200000,52,100002000190000002,,,0,1100000000000000440,190
9011010000200000,50,100002000194000001,,,0,1100000000000000438,194
9011010000200000,51,100002000196000003,,,0,1100000000000000440,196
9011010000200000,16,100002000198000002,,,0,1100000000000000440,198
9011010000200000,52,100002000198000003,,,0,1100000000000000440,198
9011010000200000,78,100002000202000001,,,0,1100000000000000440,202
9011010000200000,76,100002000202000003,,,0,1100000000000000440,202
9011010000200000,50,100002000210000002,,,0,1100000000000000443,210
9011010000200000,76,100002000214000001,,,0,1100000000000000440,214
9011010000200000,84,100002000214000004,,,0,1100000000000000440,214
9011010000200000,16,100002000216000002,,,0,1100000000000000441,216
9011010000200000,16,100002000220000002,,,0,1100000000000000442,220
9011010000200000,54,100002000900000003,,,0,1100000000000000435,900
9011010000200000,33,100002000900000005,,,0,1100000000000000435,900
9011010000200000,54,100002000906000002,,,0,1100000000000000434,906
9011010000200000,33,100002000906000004,,,0,1100000000000000434,906
9011010000200000,36,100002000090000004,,,0,1100000000000000433,90
9011010000200000,39,100002000092000006,,,0,1100000000000000434,92
9011010000200000,61,100002000092000007,,,0,1100000000000000434,92
9011010000200000,40,100002000092000009,,,0,1100000000000000434,92
9011010000200000,54,100002000092000012,,,0,1100000000000000434,92
9011010000200000,34,100002000096000003,,,0,1100000000000000435,96
9011010000200000,37,100002000098000001,,,0,1100000000000000434,98
9011010000200000,42,100002000098000005,,,0,1100000000000000434,98
9011010000200000,63,100002000098000006,,,0,1100000000000000434,98
9011010000200000,62,100002000102000001,,,0,1100000000000000434,102
9011010000200000,34,100002000102000003,,,0,1100000000000000434,102
9011010000200000,61,100002000110000002,,,0,1100000000000000437,110
9011010000200000,55,100002000114000002,,,0,1100000000000000445,114
9011010000200000,79,100002000116000001,,,0,1100000000000000439,116
9011010000200000,26,100002000120000001,,,0,1100000000000000439,120
9011010000200000,65,100002000122000001,,,0,1100000000000000439,122
9011010000200000,13,100002000128000002,,,0,1100000000000000438,128
9011010000200000,43,100002000134000001,,,0,1100000000000000438,134
9011010000200000,62,100002000994000004,,,0,1100000000000000434,994
9011010000200000,43,100002000136000001,,,0,1100000000000000440,136
9011010000200000,44,100002000138000001,,,0,1100000000000000440,138
9011010000200000,13,100002000138000002,,,0,1100000000000000440,138
9011010000200000,45,100002000142000004,,,0,1100000000000000438,142
9011010000200000,49,100002000144000002,,,0,1100000000000000440,144
9011010000200000,43,100002000146000001,,,0,1100000000000000440,146
9011010000200000,13,100002000152000001,,,0,1100000000000000440,152
9011010000200000,43,100002000162000001,,,0,1100000000000000438,162
9011010000200000,43,100002000164000001,,,0,1100000000000000440,164
9011010000200000,46,100002000168000001,,,0,1100000000000000440,168
9011010000200000,13,100002000174000003,,,0,1100000000000000441,174
9011010000200000,13,100002000178000001,,,0,1100000000000000442,178
9011010000200000,9,100002000178000003,,,0,1100000000000000442,178
9011010000200000,49,100002000182000001,,,0,1100000000000000442,182
9011010000200000,76,100002000188000001,,,0,1100000000000000440,188
9011010000200000,78,100002000188000003,,,0,1100000000000000440,188
9011010000200000,76,100002000200000001,,,0,1100000000000000438,200
9011010000200000,16,100002000200000002,,,0,1100000000000000438,200
9011010000200000,76,100002000204000001,,,0,1100000000000000440,204
9011010000200000,77,100002000206000001,,,0,1100000000000000440,206
9011010000200000,19,100002000206000002,,,0,1100000000000000440,206
9011010000200000,52,100002000210000001,,,0,1100000000000000443,210
9011010000200000,52,100002000212000001,,,0,1100000000000000440,212
9011010000200000,16,100002000212000002,,,0,1100000000000000440,212
9011010000200000,76,100002000212000003,,,0,1100000000000000440,212
9011010000200000,85,100002000214000002,,,0,1100000000000000440,214
9011010000200000,16,100002000218000002,,,0,1100000000000000442,218
9011010000200000,50,100002000224000001,,,0,1100000000000000442,224
9011010000200000,55,100002000900000004,,,0,1100000000000000435,900
9011010000200000,61,100002000994000003,,,0,1100000000000000434,994
9011010000200000,54,100002000994000005,,,0,1100000000000000434,994
9011010000200000,28,100002000046000001,,,0,1100000000000000448,46
9011010000200000,62,100002000050000001,,,0,1100000000000000444,50
9011010000200000,41,100002000050000002,,,0,1100000000000000444,50
9011010000200000,27,100002000050000004,,,0,1100000000000000444,50
9011010000200000,62,100002000054000001,,,0,1100000000000000431,54
9011010000200000,31,100002000066000001,,,0,1100000000000000431,66
9011010000200000,55,100002000066000004,,,0,1100000000000000431,66
9011010000200000,35,100002000070000002,,,0,1100000000000000444,70
9011010000200000,71,100002000074000001,,,0,1100000000000000444,74
9011010000200000,56,100002000086000002,,,0,1100000000000000433,86
9011010000200000,38,100002000092000004,,,0,1100000000000000434,92
9011010000200000,41,100002000096000002,,,0,1100000000000000435,96
9011010000200000,27,100002000096000004,,,0,1100000000000000435,96
9011010000200000,40,100002000098000003,,,0,1100000000000000434,98
9011010000200000,61,100002000098000009,,,0,1100000000000000434,98
9011010000200000,26,100002000104000001,,,0,1100000000000000434,104
9011010000200000,65,100002000104000011,,,0,1100000000000000434,104
9011010000200000,33,100002000106000002,,,0,1100000000000000434,106
9011010000200000,79,100002000108000001,,,0,1100000000000000436,108
9011010000200000,66,100002000108000002,,,0,1100000000000000436,108
9011010000200000,31,100002000110000003,,,0,1100000000000000437,110
9011010000200000,33,100002000110000004,,,0,1100000000000000437,110
9011010000200000,20,100002000122000002,,,0,1100000000000000439,122
9011010000200000,46,100002000130000002,,,0,1100000000000000440,130
9011010000200000,45,100002000132000001,,,0,1100000000000000440,132
9011010000200000,13,100002000132000004,,,0,1100000000000000440,132
9011010000200000,46,100002000140000001,,,0,1100000000000000440,140
9011010000200000,67,100002000142000003,,,0,1100000000000000438,142
9011010000200000,45,100002000144000001,,,0,1100000000000000440,144
9011010000200000,43,100002000148000001,,,0,1100000000000000440,148
9011010000200000,44,100002000152000002,,,0,1100000000000000440,152
9011010000200000,43,100002000166000001,,,0,1100000000000000440,166
9011010000200000,78,100002000184000003,,,0,1100000000000000440,184
9011010000200000,51,100002000184000004,,,0,1100000000000000440,184
9011010000200000,50,100002000186000001,,,0,1100000000000000438,186
9011010000200000,52,100002000186000002,,,0,1100000000000000438,186
9011010000200000,16,100002000188000002,,,0,1100000000000000440,188
9011010000200000,18,100002000192000002,,,0,1100000000000000440,192
9011010000200000,76,100002000192000003,,,0,1100000000000000440,192
9011010000200000,53,100002000192000004,,,0,1100000000000000440,192
9011010000200000,16,100002000192000005,,,0,1100000000000000440,192
9011010000200000,52,100002000194000002,,,0,1100000000000000438,194
9011010000200000,77,100002000196000001,,,0,1100000000000000440,196
9011010000200000,19,100002000196000002,,,0,1100000000000000440,196
9011010000200000,76,100002000198000001,,,0,1100000000000000440,198
9011010000200000,52,100002000200000003,,,0,1100000000000000438,200
9011010000200000,51,100002000202000002,,,0,1100000000000000440,202
9011010000200000,52,100002000204000003,,,0,1100000000000000440,204
9011010000200000,51,100002000206000003,,,0,1100000000000000440,206
9011010000200000,16,100002000214000003,,,0,1100000000000000440,214
9011010000200000,76,100002000218000001,,,0,1100000000000000442,218
9011010000200000,16,100002000222000002,,,0,1100000000000000442,222
9011010000200000,62,100002000900000001,,,0,1100000000000000435,900
9011010000200000,61,100002000900000002,,,0,1100000000000000435,900
9011010000200000,55,100002000906000003,,,0,1100000000000000434,906
9011010000200000,55,100002000994000002,,,0,1100000000000000434,994
9011010000300000,26,100003000001000002,,,1,1100000000000000656,1
9011010000300000,57,100003000009000001,,,1,1100000000000000671,9
9011010000300000,26,100003000009000002,,,1,1100000000000000671,9
9011010000300000,79,100003000013000001,,,1,1100000000000000668,13
9011010000300000,66,100003000013000002,,,1,1100000000000000668,13
9011010000300000,8,100003000029000004,,,1,1100000000000000657,29
9011010000300000,81,100003000029000006,,,1,1100000000000000657,29
9011010000300000,57,100003000033000001,,,1,1100000000000000657,33
9011010000300000,86,100003000033000005,,,1,1100000000000000657,33
9011010000300000,79,100003000035000001,,,1,1100000000000000657,35
9011010000300000,28,100003000037000001,,,1,1100000000000000657,37
9011010000300000,79,100003000039000001,,,1,1100000000000000657,39
9011010000300000,66,100003000039000002,,,1,1100000000000000657,39
9011010000300000,57,100003000041000001,,,1,1100000000000000657,41
9011010000300000,26,100003000047000001,,,1,1100000000000000657,47
9011010000300000,28,100003000051000001,,,1,1100000000000000657,51
9011010000300000,3,100003000055000004,,,1,1100000000000000657,55
9011010000300000,81,100003000061000001,,,1,1100000000000000657,61
9011010000300000,3,100003000061000003,,,1,1100000000000000657,61
9011010000300000,26,100003000061000005,,,1,1100000000000000657,61
9011010000300000,57,100003000061000006,,,1,1100000000000000657,61
9011010000300000,23,100003000069000003,,,1,1100000000000000657,69
9011010000300000,79,100003000071000001,,,1,1100000000000000657,71
9011010000300000,66,100003000071000002,,,1,1100000000000000657,71
9011010000300000,3,100003000077000002,,,1,1100000000000000657,77
9011010000300000,79,100003000081000001,,,1,1100000000000000657,81
9011010000300000,79,100003000085000002,,,1,1100000000000000660,85
9011010000300000,5,100003000093000002,,,1,1100000000000000660,93
9011010000300000,66,100003000095000002,,,1,1100000000000000660,95
9011010000300000,81,100003000097000006,,,1,1100000000000000654,97
9011010000300000,20,100003000097000007,,,1,1100000000000000654,97
9011010000300000,26,100003000099000003,,,1,1100000000000000654,99
9011010000300000,81,100003000103000001,,,1,1100000000000000662,103
9011010000300000,3,100003000107000001,,,1,1100000000000000662,107
9011010000300000,26,100003000107000002,,,1,1100000000000000662,107
9011010000300000,20,100003000109000001,,,1,1100000000000000655,109
9011010000300000,26,100003000109000002,,,1,1100000000000000655,109
9011010000300000,67,100003000113000003,,,1,1100000000000000658,113
9011010000300000,13,100003000115000003,,,1,1100000000000000658,115
9011010000300000,13,100003000117000002,,,1,1100000000000000653,117
9011010000300000,67,100003000117000004,,,1,1100000000000000653,117
9011010000300000,45,100003000121000001,,,1,1100000000000000652,121
9011010000300000,13,100003000121000004,,,1,1100000000000000652,121
9011010000300000,45,100003000127000001,,,1,1100000000000000652,127
9011010000300000,9,100003000127000003,,,1,1100000000000000652,127
9011010000300000,67,100003000129000003,,,1,1100000000000000652,129
9011010000300000,9,100003000129000004,,,1,1100000000000000652,129
9011010000300000,45,100003000131000001,,,1,1100000000000000652,131
9011010000300000,9,100003000131000003,,,1,1100000000000000652,131
9011010000300000,13,100003000131000004,,,1,1100000000000000652,131
9011010000300000,45,100003000133000001,,,1,1100000000000000652,133
9011010000300000,43,100003000135000001,,,1,1100000000000000652,135
9011010000300000,45,100003000139000001,,,1,1100000000000000652,139
9011010000300000,9,100003000139000003,,,1,1100000000000000652,139
9011010000300000,13,100003000141000002,,,1,1100000000000000660,141
9011010000300000,9,100003000141000004,,,1,1100000000000000660,141
9011010000300000,67,100003000143000004,,,1,1100000000000000660,143
9011010000300000,67,100003000149000002,,,1,1100000000000000660,149
9011010000300000,45,100003000149000004,,,1,1100000000000000660,149
9011010000300000,45,100003000159000001,,,1,1100000000000000653,159
9011010000300000,13,100003000159000004,,,1,1100000000000000653,159
9011010000300000,45,100003000161000001,,,1,1100000000000000653,161
9011010000300000,67,100003000161000002,,,1,1100000000000000653,161
9011010000300000,9,100003000161000003,,,1,1100000000000000653,161
9011010000300000,67,100003000163000001,,,1,1100000000000000658,163
9011010000300000,13,100003000163000003,,,1,1100000000000000658,163
9011010000300000,45,100003000163000004,,,1,1100000000000000658,163
9011010000300000,9,100003000167000002,,,1,1100000000000000658,167
9011010000300000,67,100003000171000002,,,1,1100000000000000658,171
9011010000300000,67,100003000173000001,,,1,1100000000000000655,173
9011010000300000,13,100003000173000003,,,1,1100000000000000655,173
9011010000300000,16,100003000175000003,,,1,1100000000000000662,175
9011010000300000,52,100003000177000001,,,1,1100000000000000662,177
9011010000300000,52,100003000181000002,,,1,1100000000000000650,181
9011010000300000,52,100003000185000002,,,1,1100000000000000650,185
9011010000300000,77,100003000187000002,,,1,1100000000000000650,187
9011010000300000,76,100003000189000001,,,1,1100000000000000650,189
9011010000300000,16,100003000189000002,,,1,1100000000000000650,189
9011010000300000,51,100003000193000001,,,1,1100000000000000650,193
9011010000300000,76,100003000193000002,,,1,1100000000000000650,193
9011010000300000,52,100003000195000003,,,1,1100000000000000650,195
9011010000300000,51,100003000197000003,,,1,1100000000000000650,197
9011010000300000,52,100003000199000002,,,1,1100000000000000651,199
9011010000300000,52,100003000201000002,,,1,1100000000000000651,201
9011010000300000,76,100003000203000002,,,1,1100000000000000651,203
9011010000300000,76,100003000205000001,,,1,1100000000000000662,205
9011010000300000,66,100003000507000002,,,1,1100000000000000666,507
9011010000300000,26,100003000511000003,,,1,1100000000000000667,511
9011010000300000,57,100003000515000002,,,1,1100000000000000669,515
9011010000300000,81,100003000515000006,,,1,1100000000000000669,515
9011010000300000,81,100003000519000001,,,1,1100000000000000663,519
9011010000300000,66,100003000001000001,,,1,1100000000000000656,1
9011010000300000,26,100003000003000002,,,1,1100000000000000657,3
9011010000300000,81,100003000003000004,,,1,1100000000000000657,3
9011010000300000,86,100003000009000005,,,1,1100000000000000671,9
9011010000300000,5,100003000021000001,,,1,1100000000000000673,21
9011010000300000,81,100003000025000001,,,1,1100000000000000659,25
9011010000300000,86,100003000025000002,,,1,1100000000000000659,25
9011010000300000,26,100003000025000005,,,1,1100000000000000659,25
9011010000300000,26,100003000029000002,,,1,1100000000000000657,29
9011010000300000,86,100003000029000005,,,1,1100000000000000657,29
9011010000300000,20,100003000029000007,,,1,1100000000000000657,29
9011010000300000,23,100003000031000003,,,1,1100000000000000657,31
9011010000300000,3,100003000033000004,,,1,1100000000000000657,33
9011010000300000,3,100003000041000004,,,1,1100000000000000657,41
9011010000300000,86,100003000043000002,,,1,1100000000000000657,43
9011010000300000,20,100003000043000004,,,1,1100000000000000657,43
9011010000300000,7,100003000043000005,,,1,1100000000000000657,43
9011010000300000,26,100003000043000006,,,1,1100000000000000657,43
9011010000300000,5,100003000045000002,,,1,1100000000000000657,45
9011010000300000,81,100003000047000005,,,1,1100000000000000657,47
9011010000300000,79,100003000053000001,,,1,1100000000000000657,53
9011010000300000,81,100003000055000006,,,1,1100000000000000657,55
9011010000300000,81,100003000057000001,,,1,1100000000000000657,57
9011010000300000,8,100003000057000003,,,1,1100000000000000657,57
9011010000300000,20,100003000057000004,,,1,1100000000000000657,57
9011010000300000,57,100003000057000007,,,1,1100000000000000657,57
9011010000300000,87,100003000059000002,,,1,1100000000000000657,59
9011010000300000,66,100003000063000002,,,1,1100000000000000657,63
9011010000300000,28,100003000065000001,,,1,1100000000000000657,65
9011010000300000,66,100003000067000001,,,1,1100000000000000657,67
9011010000300000,79,100003000067000002,,,1,1100000000000000657,67
9011010000300000,5,100003000069000002,,,1,1100000000000000657,69
9011010000300000,81,100003000009000003,,,1,1100000000000000671,9
9011010000300000,7,100003000009000006,,,1,1100000000000000671,9
9011010000300000,28,100003000017000001,,,1,1100000000000000670,17
9011010000300000,87,100003000021000002,,,1,1100000000000000673,21
9011010000300000,57,100003000025000006,,,1,1100000000000000659,25
9011010000300000,57,100003000029000001,,,1,1100000000000000657,29
9011010000300000,87,100003000031000001,,,1,1100000000000000657,31
9011010000300000,5,100003000031000002,,,1,1100000000000000657,31
9011010000300000,81,100003000077000001,,,1,1100000000000000657,77
9011010000300000,66,100003000077000004,,,1,1100000000000000657,77
9011010000300000,66,100003000085000001,,,1,1100000000000000660,85
9011010000300000,86,100003000087000003,,,1,1100000000000000660,87
9011010000300000,3,100003000087000004,,,1,1100000000000000660,87
9011010000300000,26,100003000087000006,,,1,1100000000000000660,87
9011010000300000,81,100003000089000004,,,1,1100000000000000660,89
9011010000300000,79,100003000095000001,,,1,1100000000000000660,95
9011010000300000,86,100003000097000005,,,1,1100000000000000654,97
9011010000300000,81,100003000109000003,,,1,1100000000000000655,109
9011010000300000,13,100003000111000001,,,1,1100000000000000662,111
9011010000300000,67,100003000111000004,,,1,1100000000000000662,111
9011010000300000,45,100003000113000002,,,1,1100000000000000658,113
9011010000300000,9,100003000119000003,,,1,1100000000000000652,119
9011010000300000,13,100003000119000004,,,1,1100000000000000652,119
9011010000300000,9,100003000123000001,,,1,1100000000000000652,123
9011010000300000,67,100003000127000002,,,1,1100000000000000652,127
9011010000300000,67,100003000131000002,,,1,1100000000000000652,131
9011010000300000,9,100003000133000003,,,1,1100000000000000652,133
9011010000300000,13,100003000137000001,,,1,1100000000000000652,137
9011010000300000,13,100003000139000004,,,1,1100000000000000652,139
9011010000300000,45,100003000141000003,,,1,1100000000000000660,141
9011010000300000,67,100003000147000002,,,1,1100000000000000660,147
9011010000300000,67,100003000151000001,,,1,1100000000000000652,151
9011010000300000,45,100003000153000001,,,1,1100000000000000653,153
9011010000300000,45,100003000157000002,,,1,1100000000000000653,157
9011010000300000,9,100003000159000003,,,1,1100000000000000653,159
9011010000300000,45,100003000169000001,,,1,1100000000000000658,169
9011010000300000,13,100003000171000001,,,1,1100000000000000658,171
9011010000300000,76,100003000175000001,,,1,1100000000000000662,175
9011010000300000,18,100003000175000004,,,1,1100000000000000662,175
9011010000300000,7,100003000033000006,,,1,1100000000000000657,33
9011010000300000,66,100003000035000002,,,1,1100000000000000657,35
9011010000300000,26,100003000041000002,,,1,1100000000000000657,41
9011010000300000,81,100003000041000003,,,1,1100000000000000657,41
9011010000300000,86,100003000041000005,,,1,1100000000000000657,41
9011010000300000,81,100003000043000001,,,1,1100000000000000657,43
9011010000300000,57,100003000043000007,,,1,1100000000000000657,43
9011010000300000,86,100003000047000004,,,1,1100000000000000657,47
9011010000300000,3,100003000047000006,,,1,1100000000000000657,47
9011010000300000,26,100003000055000002,,,1,1100000000000000657,55
9011010000300000,7,100003000055000003,,,1,1100000000000000657,55
9011010000300000,7,100003000057000005,,,1,1100000000000000657,57
9011010000300000,26,100003000057000006,,,1,1100000000000000657,57
9011010000300000,23,100003000059000001,,,1,1100000000000000657,59
9011010000300000,7,100003000061000004,,,1,1100000000000000657,61
9011010000300000,5,100003000073000002,,,1,1100000000000000657,73
9011010000300000,7,100003000075000003,,,1,1100000000000000657,75
9011010000300000,23,100003000083000001,,,1,1100000000000000660,83
9011010000300000,5,100003000083000003,,,1,1100000000000000660,83
9011010000300000,7,100003000087000005,,,1,1100000000000000660,87
9011010000300000,66,100003000091000002,,,1,1100000000000000660,91
9011010000300000,87,100003000093000001,,,1,1100000000000000660,93
9011010000300000,81,100003000001000003,,,1,1100000000000000656,1
9011010000300000,3,100003000001000004,,,1,1100000000000000656,1
9011010000300000,3,100003000003000001,,,1,1100000000000000657,3
9011010000300000,66,100003000003000003,,,1,1100000000000000657,3
9011010000300000,28,100003000005000001,,,1,1100000000000000665,5
9011010000300000,3,100003000009000004,,,1,1100000000000000671,9
9011010000300000,23,100003000021000003,,,1,1100000000000000673,21
9011010000300000,3,100003000025000003,,,1,1100000000000000659,25
9011010000300000,7,100003000025000004,,,1,1100000000000000659,25
9011010000300000,7,100003000029000003,,,1,1100000000000000657,29
9011010000300000,26,100003000033000002,,,1,1100000000000000657,33
9011010000300000,81,100003000033000003,,,1,1100000000000000657,33
9011010000300000,7,100003000041000006,,,1,1100000000000000657,41
9011010000300000,8,100003000043000003,,,1,1100000000000000657,43
9011010000300000,78,100003000179000002,,,1,1100000000000000662,179
9011010000300000,76,100003000179000004,,,1,1100000000000000662,179
9011010000300000,18,100003000183000004,,,1,1100000000000000650,183
9011010000300000,51,100003000183000005,,,1,1100000000000000650,183
9011010000300000,50,100003000185000001,,,1,1100000000000000650,185
9011010000300000,51,100003000187000001,,,1,1100000000000000650,187
9011010000300000,52,100003000191000003,,,1,1100000000000000650,191
9011010000300000,16,100003000193000003,,,1,1100000000000000650,193
9011010000300000,78,100003000193000004,,,1,1100000000000000650,193
9011010000300000,76,100003000195000001,,,1,1100000000000000650,195
9011010000300000,50,100003000201000001,,,1,1100000000000000651,201
9011010000300000,52,100003000203000001,,,1,1100000000000000651,203
9011010000300000,16,100003000203000003,,,1,1100000000000000651,203
9011010000300000,16,100003000205000003,,,1,1100000000000000662,205
9011010000300000,19,100003000207000003,,,1,1100000000000000662,207
9011010000300000,76,100003000211000001,,,1,1100000000000000655,211
9011010000300000,7,100003000097000002,,,1,1100000000000000654,97
9011010000300000,26,100003000097000003,,,1,1100000000000000654,97
9011010000300000,81,100003000099000001,,,1,1100000000000000654,99
9011010000300000,66,100003000099000004,,,1,1100000000000000654,99
9011010000300000,66,100003000103000004,,,1,1100000000000000662,103
9011010000300000,28,100003000105000001,,,1,1100000000000000662,105
9011010000300000,45,100003000111000003,,,1,1100000000000000662,111
9011010000300000,9,100003000113000004,,,1,1100000000000000658,113
9011010000300000,47,100003000115000001,,,1,1100000000000000658,115
9011010000300000,9,100003000115000002,,,1,1100000000000000658,115
9011010000300000,45,100003000117000003,,,1,1100000000000000653,117
9011010000300000,45,100003000123000003,,,1,1100000000000000652,123
9011010000300000,67,100003000123000004,,,1,1100000000000000652,123
9011010000300000,43,100003000125000001,,,1,1100000000000000652,125
9011010000300000,13,100003000129000001,,,1,1100000000000000652,129
9011010000300000,45,100003000137000003,,,1,1100000000000000652,137
9011010000300000,67,100003000137000004,,,1,1100000000000000652,137
9011010000300000,45,100003000143000003,,,1,1100000000000000660,143
9011010000300000,26,100003000515000001,,,1,1100000000000000669,515
9011010000300000,3,100003000515000005,,,1,1100000000000000669,515
9011010000300000,7,100003000523000004,,,1,1100000000000000669,523
9011010000300000,26,100003000523000005,,,1,1100000000000000669,523
9011010000300000,87,100003000045000001,,,1,1100000000000000657,45
9011010000300000,23,100003000045000003,,,1,1100000000000000657,45
9011010000300000,7,100003000047000002,,,1,1100000000000000657,47
9011010000300000,57,100003000047000003,,,1,1100000000000000657,47
9011010000300000,79,100003000049000001,,,1,1100000000000000657,49
9011010000300000,66,100003000049000002,,,1,1100000000000000657,49
9011010000300000,66,100003000053000002,,,1,1100000000000000657,53
9011010000300000,57,100003000055000001,,,1,1100000000000000657,55
9011010000300000,86,100003000055000005,,,1,1100000000000000657,55
9011010000300000,86,100003000057000002,,,1,1100000000000000657,57
9011010000300000,5,100003000059000003,,,1,1100000000000000657,59
9011010000300000,86,100003000061000002,,,1,1100000000000000657,61
9011010000300000,79,100003000063000001,,,1,1100000000000000657,63
9011010000300000,87,100003000069000001,,,1,1100000000000000657,69
9011010000300000,87,100003000073000001,,,1,1100000000000000657,73
9011010000300000,23,100003000073000003,,,1,1100000000000000657,73
9011010000300000,26,100003000075000001,,,1,1100000000000000657,75
9011010000300000,57,100003000075000002,,,1,1100000000000000657,75
9011010000300000,86,100003000075000004,,,1,1100000000000000657,75
9011010000300000,81,100003000075000005,,,1,1100000000000000657,75
9011010000300000,3,100003000075000006,,,1,1100000000000000657,75
9011010000300000,26,100003000077000003,,,1,1100000000000000657,77
9011010000300000,28,100003000079000001,,,1,1100000000000000657,79
9011010000300000,66,100003000081000002,,,1,1100000000000000657,81
9011010000300000,87,100003000083000002,,,1,1100000000000000660,83
9011010000300000,57,100003000087000001,,,1,1100000000000000660,87
9011010000300000,81,100003000087000002,,,1,1100000000000000660,87
9011010000300000,66,100003000089000001,,,1,1100000000000000660,89
9011010000300000,45,100003000147000001,,,1,1100000000000000660,147
9011010000300000,13,100003000147000004,,,1,1100000000000000660,147
9011010000300000,13,100003000149000001,,,1,1100000000000000660,149
9011010000300000,9,100003000151000002,,,1,1100000000000000652,151
9011010000300000,45,100003000151000004,,,1,1100000000000000652,151
9011010000300000,67,100003000157000003,,,1,1100000000000000653,157
9011010000300000,9,100003000157000004,,,1,1100000000000000653,157
9011010000300000,67,100003000159000002,,,1,1100000000000000653,159
9011010000300000,13,100003000161000004,,,1,1100000000000000653,161
9011010000300000,9,100003000163000002,,,1,1100000000000000658,163
9011010000300000,67,100003000165000004,,,1,1100000000000000658,165
9011010000300000,67,100003000169000002,,,1,1100000000000000658,169
9011010000300000,9,100003000169000003,,,1,1100000000000000658,169
9011010000300000,9,100003000173000002,,,1,1100000000000000655,173
9011010000300000,51,100003000175000005,,,1,1100000000000000662,175
9011010000300000,16,100003000179000003,,,1,1100000000000000662,179
9011010000300000,53,100003000183000002,,,1,1100000000000000650,183
9011010000300000,16,100003000183000003,,,1,1100000000000000650,183
9011010000300000,76,100003000191000001,,,1,1100000000000000650,191
9011010000300000,16,100003000195000002,,,1,1100000000000000650,195
9011010000300000,77,100003000197000001,,,1,1100000000000000650,197
9011010000300000,19,100003000197000002,,,1,1100000000000000650,197
9011010000300000,85,100003000205000002,,,1,1100000000000000662,205
9011010000300000,51,100003000207000001,,,1,1100000000000000662,207
9011010000300000,77,100003000207000002,,,1,1100000000000000662,207
9011010000300000,50,100003000209000001,,,1,1100000000000000662,209
9011010000300000,81,100003000511000001,,,1,1100000000000000667,511
9011010000300000,66,100003000511000004,,,1,1100000000000000667,511
9011010000300000,7,100003000515000003,,,1,1100000000000000669,515
9011010000300000,66,100003000519000004,,,1,1100000000000000663,519
9011010000300000,66,100003000527000002,,,1,1100000000000000672,527
9011010000300000,3,100003000089000002,,,1,1100000000000000660,89
9011010000300000,26,100003000089000003,,,1,1100000000000000660,89
9011010000300000,79,100003000091000001,,,1,1100000000000000660,91
9011010000300000,23,100003000093000003,,,1,1100000000000000660,93
9011010000300000,57,100003000097000001,,,1,1100000000000000654,97
9011010000300000,8,100003000097000004,,,1,1100000000000000654,97
9011010000300000,3,100003000099000002,,,1,1100000000000000654,99
9011010000300000,28,100003000101000001,,,1,1100000000000000661,101
9011010000300000,3,100003000103000002,,,1,1100000000000000662,103
9011010000300000,26,100003000103000003,,,1,1100000000000000662,103
9011010000300000,81,100003000107000003,,,1,1100000000000000662,107
9011010000300000,8,100003000109000004,,,1,1100000000000000655,109
9011010000300000,9,100003000111000002,,,1,1100000000000000662,111
9011010000300000,13,100003000113000001,,,1,1100000000000000658,113
9011010000300000,9,100003000117000001,,,1,1100000000000000653,117
9011010000300000,45,100003000119000001,,,1,1100000000000000652,119
9011010000300000,67,100003000119000002,,,1,1100000000000000652,119
9011010000300000,67,100003000121000002,,,1,1100000000000000652,121
9011010000300000,9,100003000121000003,,,1,1100000000000000652,121
9011010000300000,13,100003000123000002,,,1,1100000000000000652,123
9011010000300000,13,100003000127000004,,,1,1100000000000000652,127
9011010000300000,45,100003000129000002,,,1,1100000000000000652,129
9011010000300000,67,100003000133000002,,,1,1100000000000000652,133
9011010000300000,13,100003000133000004,,,1,1100000000000000652,133
9011010000300000,9,100003000137000002,,,1,1100000000000000652,137
9011010000300000,67,100003000139000002,,,1,1100000000000000652,139
9011010000300000,67,100003000141000001,,,1,1100000000000000660,141
9011010000300000,13,100003000143000001,,,1,1100000000000000660,143
9011010000300000,9,100003000143000002,,,1,1100000000000000660,143
9011010000300000,43,100003000145000001,,,1,1100000000000000660,145
9011010000300000,9,100003000147000003,,,1,1100000000000000660,147
9011010000300000,9,100003000149000003,,,1,1100000000000000660,149
9011010000300000,13,100003000151000003,,,1,1100000000000000652,151
9011010000300000,67,100003000153000002,,,1,1100000000000000653,153
9011010000300000,9,100003000153000003,,,1,1100000000000000653,153
9011010000300000,13,100003000153000004,,,1,1100000000000000653,153
9011010000300000,43,100003000155000001,,,1,1100000000000000653,155
9011010000300000,13,100003000157000001,,,1,1100000000000000653,157
9011010000300000,13,100003000165000001,,,1,1100000000000000658,165
9011010000300000,9,100003000165000002,,,1,1100000000000000658,165
9011010000300000,45,100003000165000003,,,1,1100000000000000658,165
9011010000300000,47,100003000167000001,,,1,1100000000000000658,167
9011010000300000,13,100003000167000003,,,1,1100000000000000658,167
9011010000300000,13,100003000169000004,,,1,1100000000000000658,169
9011010000300000,9,100003000171000003,,,1,1100000000000000658,171
9011010000300000,53,100003000175000002,,,1,1100000000000000662,175
9011010000300000,50,100003000177000002,,,1,1100000000000000662,177
9011010000300000,51,100003000179000001,,,1,1100000000000000662,179
9011010000300000,50,100003000181000001,,,1,1100000000000000650,181
9011010000300000,76,100003000183000001,,,1,1100000000000000650,183
9011010000300000,19,100003000187000003,,,1,1100000000000000650,187
9011010000300000,52,100003000189000003,,,1,1100000000000000650,189
9011010000300000,16,100003000191000002,,,1,1100000000000000650,191
9011010000300000,50,100003000199000001,,,1,1100000000000000651,199
9011010000300000,84,100003000205000004,,,1,1100000000000000662,205
9011010000300000,16,100003000211000002,,,1,1100000000000000655,211
9011010000300000,79,100003000507000001,,,1,1100000000000000666,507
9011010000300000,3,100003000511000002,,,1,1100000000000000667,511
9011010000300000,86,100003000515000004,,,1,1100000000000000669,515
9011010000300000,3,100003000519000002,,,1,1100000000000000663,519
9011010000300000,26,100003000519000003,,,1,1100000000000000663,519
9011010000300000,81,100003000523000001,,,1,1100000000000000669,523
9011010000300000,86,100003000523000002,,,1,1100000000000000669,523
9011010000300000,3,100003000523000003,,,1,1100000000000000669,523
9011010000300000,57,100003000523000006,,,1,1100000000000000669,523
9011010000300000,79,100003000527000001,,,1,1100000000000000672,527
9011010000300000,26,100003000002000003,,,0,1100000000000000664,2
9011010000300000,57,100003000004000001,,,0,1100000000000000675,4
9011010000300000,7,100003000004000006,,,0,1100000000000000675,4
9011010000300000,28,100003000008000001,,,0,1100000000000000675,8
9011010000300000,86,100003000012000004,,,0,1100000000000000675,12
9011010000300000,7,100003000012000006,,,0,1100000000000000675,12
9011010000300000,26,100003000014000006,,,0,1100000000000000676,14
9011010000300000,5,100003000016000002,,,0,1100000000000000677,16
9011010000300000,23,100003000024000001,,,0,1100000000000000675,24
9011010000300000,87,100003000024000002,,,0,1100000000000000675,24
9011010000300000,5,100003000024000003,,,0,1100000000000000675,24
9011010000300000,26,100003000028000001,,,0,1100000000000000675,28
9011010000300000,5,100003000030000003,,,0,1100000000000000675,30
9011010000300000,81,100003000032000004,,,0,1100000000000000675,32
9011010000300000,66,100003000034000002,,,0,1100000000000000675,34
9011010000300000,79,100003000038000001,,,0,1100000000000000675,38
9011010000300000,57,100003000040000001,,,0,1100000000000000675,40
9011010000300000,81,100003000040000004,,,0,1100000000000000675,40
9011010000300000,7,100003000042000005,,,0,1100000000000000675,42
9011010000300000,26,100003000042000006,,,0,1100000000000000675,42
9011010000300000,57,100003000042000007,,,0,1100000000000000675,42
9011010000300000,86,100003000046000002,,,0,1100000000000000678,46
9011010000300000,79,100003000052000001,,,0,1100000000000000689,52
9011010000300000,87,100003000054000002,,,0,1100000000000000689,54
9011010000300000,5,100003000054000003,,,0,1100000000000000689,54
9011010000300000,7,100003000066000005,,,0,1100000000000000679,66
9011010000300000,26,100003000066000006,,,0,1100000000000000679,66
9011010000300000,66,100003000078000002,,,0,1100000000000000679,78
9011010000300000,57,100003000088000006,,,0,1100000000000000675,88
9011010000300000,81,100003000092000004,,,0,1100000000000000675,92
9011010000300000,7,100003000100000002,,,0,1100000000000000680,100
9011010000300000,57,100003000100000003,,,0,1100000000000000680,100
9011010000300000,8,100003000100000004,,,0,1100000000000000680,100
9011010000300000,86,100003000100000005,,,0,1100000000000000680,100
9011010000300000,3,100003000102000002,,,0,1100000000000000680,102
9011010000300000,66,100003000108000004,,,0,1100000000000000680,108
9011010000300000,79,100003000116000001,,,0,1100000000000000682,116
9011010000300000,45,100003000136000003,,,0,1100000000000000685,136
9011010000300000,13,100003000140000004,,,0,1100000000000000685,140
9011010000300000,43,100003000142000001,,,0,1100000000000000685,142
9011010000300000,13,100003000148000004,,,0,1100000000000000685,148
9011010000300000,67,100003000154000002,,,0,1100000000000000685,154
9011010000300000,9,100003000154000003,,,0,1100000000000000685,154
9011010000300000,13,100003000156000004,,,0,1100000000000000680,156
9011010000300000,67,100003000160000002,,,0,1100000000000000680,160
9011010000300000,45,100003000166000001,,,0,1100000000000000680,166
9011010000300000,43,100003000168000001,,,0,1100000000000000680,168
9011010000300000,9,100003000170000002,,,0,1100000000000000680,170
9011010000300000,45,100003000172000003,,,0,1100000000000000680,172
9011010000300000,67,100003000176000002,,,0,1100000000000000680,176
9011010000300000,13,100003000186000001,,,0,1100000000000000683,186
9011010000300000,67,100003000186000002,,,0,1100000000000000683,186
9011010000300000,13,100003000188000003,,,0,1100000000000000686,188
9011010000300000,16,100003000192000004,,,0,1100000000000000683,192
9011010000300000,52,100003000196000002,,,0,1100000000000000683,196
9011010000300000,16,100003000198000002,,,0,1100000000000000680,198
9011010000300000,77,100003000200000002,,,0,1100000000000000687,200
9011010000300000,52,100003000204000002,,,0,1100000000000000687,204
9011010000300000,52,100003000206000003,,,0,1100000000000000687,206
9011010000300000,51,100003000208000001,,,0,1100000000000000687,208
9011010000300000,18,100003000208000002,,,0,1100000000000000687,208
9011010000300000,77,100003000210000001,,,0,1100000000000000687,210
9011010000300000,52,100003000212000002,,,0,1100000000000000687,212
9011010000300000,76,100003000218000001,,,0,1100000000000000687,218
9011010000300000,51,100003000218000004,,,0,1100000000000000687,218
9011010000300000,19,100003000220000003,,,0,1100000000000000687,220
9011010000300000,19,100003000224000001,,,0,1100000000000000683,224
9011010000300000,77,100003000224000003,,,0,1100000000000000683,224
9011010000300000,66,100003000556000002,,,0,1100000000000000674,556
9011010000300000,81,100003000560000001,,,0,1100000000000000674,560
9011010000300000,86,100003000560000002,,,0,1100000000000000674,560
9011010000300000,8,100003000564000004,,,0,1100000000000000688,564
9011010000300000,26,100003000004000002,,,0,1100000000000000675,4
9011010000300000,3,100003000004000003,,,0,1100000000000000675,4
9011010000300000,87,100003000010000001,,,0,1100000000000000675,10
9011010000300000,57,100003000012000002,,,0,1100000000000000675,12
9011010000300000,86,100003000014000002,,,0,1100000000000000676,14
9011010000300000,20,100003000014000004,,,0,1100000000000000676,14
9011010000300000,81,100003000018000001,,,0,1100000000000000675,18
9011010000300000,86,100003000018000002,,,0,1100000000000000675,18
9011010000300000,7,100003000018000004,,,0,1100000000000000675,18
9011010000300000,66,100003000020000001,,,0,1100000000000000675,20
9011010000300000,81,100003000026000001,,,0,1100000000000000675,26
9011010000300000,86,100003000026000002,,,0,1100000000000000675,26
9011010000300000,3,100003000026000003,,,0,1100000000000000675,26
9011010000300000,26,100003000026000005,,,0,1100000000000000675,26
9011010000300000,57,100003000028000003,,,0,1100000000000000675,28
9011010000300000,8,100003000028000004,,,0,1100000000000000675,28
9011010000300000,20,100003000028000006,,,0,1100000000000000675,28
9011010000300000,86,100003000028000007,,,0,1100000000000000675,28
9011010000300000,57,100003000032000001,,,0,1100000000000000675,32
9011010000300000,26,100003000032000002,,,0,1100000000000000675,32
9011010000300000,3,100003000032000006,,,0,1100000000000000675,32
9011010000300000,79,100003000034000001,,,0,1100000000000000675,34
9011010000300000,7,100003000040000006,,,0,1100000000000000675,40
9011010000300000,81,100003000042000001,,,0,1100000000000000675,42
9011010000300000,8,100003000042000003,,,0,1100000000000000675,42
9011010000300000,5,100003000044000002,,,0,1100000000000000678,44
9011010000300000,81,100003000046000001,,,0,1100000000000000678,46
9011010000300000,7,100003000046000004,,,0,1100000000000000678,46
9011010000300000,26,100003000046000005,,,0,1100000000000000678,46
9011010000300000,57,100003000046000006,,,0,1100000000000000678,46
9011010000300000,66,100003000048000002,,,0,1100000000000000678,48
9011010000300000,66,100003000052000002,,,0,1100000000000000689,52
9011010000300000,23,100003000054000001,,,0,1100000000000000689,54
9011010000300000,79,100003000058000001,,,0,1100000000000000679,58
9011010000300000,23,100003000062000001,,,0,1100000000000000679,62
9011010000300000,5,100003000062000003,,,0,1100000000000000679,62
9011010000300000,57,100003000066000001,,,0,1100000000000000679,66
9011010000300000,86,100003000066000003,,,0,1100000000000000679,66
9011010000300000,86,100003000004000004,,,0,1100000000000000675,4
9011010000300000,79,100003000006000001,,,0,1100000000000000675,6
9011010000300000,5,100003000010000002,,,0,1100000000000000675,10
9011010000300000,3,100003000012000003,,,0,1100000000000000675,12
9011010000300000,81,100003000012000005,,,0,1100000000000000675,12
9011010000300000,81,100003000014000001,,,0,1100000000000000676,14
9011010000300000,8,100003000014000003,,,0,1100000000000000676,14
9011010000300000,7,100003000014000005,,,0,1100000000000000676,14
9011010000300000,3,100003000018000003,,,0,1100000000000000675,18
9011010000300000,28,100003000022000001,,,0,1100000000000000675,22
9011010000300000,57,100003000026000006,,,0,1100000000000000675,26
9011010000300000,81,100003000028000005,,,0,1100000000000000675,28
9011010000300000,23,100003000030000001,,,0,1100000000000000675,30
9011010000300000,81,100003000070000001,,,0,1100000000000000679,70
9011010000300000,3,100003000070000002,,,0,1100000000000000679,70
9011010000300000,28,100003000074000001,,,0,1100000000000000679,74
9011010000300000,79,100003000078000001,,,0,1100000000000000679,78
9011010000300000,5,100003000080000002,,,0,1100000000000000689,80
9011010000300000,23,100003000080000003,,,0,1100000000000000689,80
9011010000300000,81,100003000088000001,,,0,1100000000000000675,88
9011010000300000,86,100003000088000002,,,0,1100000000000000675,88
9011010000300000,7,100003000088000004,,,0,1100000000000000675,88
9011010000300000,3,100003000092000001,,,0,1100000000000000675,92
9011010000300000,5,100003000096000003,,,0,1100000000000000680,96
9011010000300000,81,100003000100000007,,,0,1100000000000000680,100
9011010000300000,26,100003000102000003,,,0,1100000000000000680,102
9011010000300000,79,100003000104000002,,,0,1100000000000000680,104
9011010000300000,81,100003000108000001,,,0,1100000000000000680,108
9011010000300000,28,100003000110000001,,,0,1100000000000000681,110
9011010000300000,26,100003000120000003,,,0,1100000000000000682,120
9011010000300000,81,100003000122000002,,,0,1100000000000000682,122
9011010000300000,43,100003000126000001,,,0,1100000000000000683,126
9011010000300000,45,100003000128000001,,,0,1100000000000000683,128
9011010000300000,13,100003000128000004,,,0,1100000000000000683,128
9011010000300000,67,100003000130000001,,,0,1100000000000000684,130
9011010000300000,13,100003000130000003,,,0,1100000000000000684,130
9011010000300000,45,100003000130000004,,,0,1100000000000000684,130
9011010000300000,45,100003000134000002,,,0,1100000000000000685,134
9011010000300000,67,100003000134000003,,,0,1100000000000000685,134
9011010000300000,9,100003000136000004,,,0,1100000000000000685,136
9011010000300000,67,100003000140000002,,,0,1100000000000000685,140
9011010000300000,9,100003000140000003,,,0,1100000000000000685,140
9011010000300000,9,100003000144000004,,,0,1100000000000000685,144
9011010000300000,9,100003000146000003,,,0,1100000000000000685,146
9011010000300000,13,100003000146000004,,,0,1100000000000000685,146
9011010000300000,13,100003000150000001,,,0,1100000000000000685,150
9011010000300000,13,100003000154000004,,,0,1100000000000000685,154
9011010000300000,13,100003000158000001,,,0,1100000000000000680,158
9011010000300000,45,100003000158000004,,,0,1100000000000000680,158
9011010000300000,9,100003000160000003,,,0,1100000000000000680,160
9011010000300000,43,100003000162000001,,,0,1100000000000000680,162
9011010000300000,13,100003000164000001,,,0,1100000000000000680,164
9011010000300000,67,100003000166000002,,,0,1100000000000000680,166
9011010000300000,9,100003000172000004,,,0,1100000000000000680,172
9011010000300000,13,100003000174000003,,,0,1100000000000000680,174
9011010000300000,9,100003000178000002,,,0,1100000000000000680,178
9011010000300000,7,100003000032000005,,,0,1100000000000000675,32
9011010000300000,28,100003000036000001,,,0,1100000000000000675,36
9011010000300000,66,100003000038000002,,,0,1100000000000000675,38
9011010000300000,26,100003000040000002,,,0,1100000000000000675,40
9011010000300000,86,100003000042000002,,,0,1100000000000000675,42
9011010000300000,3,100003000046000003,,,0,1100000000000000678,46
9011010000300000,79,100003000048000001,,,0,1100000000000000678,48
9011010000300000,66,100003000058000002,,,0,1100000000000000679,58
9011010000300000,87,100003000062000002,,,0,1100000000000000679,62
9011010000300000,66,100003000070000003,,,0,1100000000000000679,70
9011010000300000,66,100003000084000001,,,0,1100000000000000675,84
9011010000300000,3,100003000088000003,,,0,1100000000000000675,88
9011010000300000,26,100003000092000002,,,0,1100000000000000675,92
9011010000300000,28,100003000094000001,,,0,1100000000000000675,94
9011010000300000,23,100003000096000001,,,0,1100000000000000680,96
9011010000300000,81,100003000002000001,,,0,1100000000000000664,2
9011010000300000,3,100003000002000002,,,0,1100000000000000664,2
9011010000300000,66,100003000002000004,,,0,1100000000000000664,2
9011010000300000,81,100003000004000005,,,0,1100000000000000675,4
9011010000300000,66,100003000006000002,,,0,1100000000000000675,6
9011010000300000,23,100003000010000003,,,0,1100000000000000675,10
9011010000300000,26,100003000012000001,,,0,1100000000000000675,12
9011010000300000,57,100003000014000007,,,0,1100000000000000676,14
9011010000300000,87,100003000016000001,,,0,1100000000000000677,16
9011010000300000,23,100003000016000003,,,0,1100000000000000677,16
9011010000300000,26,100003000018000005,,,0,1100000000000000675,18
9011010000300000,57,100003000018000006,,,0,1100000000000000675,18
9011010000300000,79,100003000020000002,,,0,1100000000000000675,20
9011010000300000,7,100003000026000004,,,0,1100000000000000675,26
9011010000300000,7,100003000028000002,,,0,1100000000000000675,28
9011010000300000,87,100003000030000002,,,0,1100000000000000675,30
9011010000300000,86,100003000032000003,,,0,1100000000000000675,32
9011010000300000,3,100003000040000003,,,0,1100000000000000675,40
9011010000300000,86,100003000040000005,,,0,1100000000000000675,40
9011010000300000,20,100003000042000004,,,0,1100000000000000675,42
9011010000300000,67,100003000182000001,,,0,1100000000000000684,182
9011010000300000,9,100003000182000002,,,0,1100000000000000684,182
9011010000300000,9,100003000186000003,,,0,1100000000000000683,186
9011010000300000,67,100003000188000001,,,0,1100000000000000686,188
9011010000300000,18,100003000192000002,,,0,1100000000000000683,192
9011010000300000,76,100003000192000005,,,0,1100000000000000683,192
9011010000300000,76,100003000194000001,,,0,1100000000000000683,194
9011010000300000,76,100003000198000001,,,0,1100000000000000680,198
9011010000300000,51,100003000202000004,,,0,1100000000000000687,202
9011010000300000,50,100003000204000001,,,0,1100000000000000687,204
9011010000300000,76,100003000206000001,,,0,1100000000000000687,206
9011010000300000,16,100003000206000002,,,0,1100000000000000687,206
9011010000300000,53,100003000208000003,,,0,1100000000000000687,208
9011010000300000,50,100003000212000001,,,0,1100000000000000687,212
9011010000300000,76,100003000214000001,,,0,1100000000000000687,214
9011010000300000,16,100003000214000002,,,0,1100000000000000687,214
9011010000300000,85,100003000214000004,,,0,1100000000000000687,214
9011010000300000,52,100003000216000001,,,0,1100000000000000687,216
9011010000300000,16,100003000218000002,,,0,1100000000000000687,218
9011010000300000,51,100003000220000001,,,0,1100000000000000687,220
9011010000300000,77,100003000220000002,,,0,1100000000000000687,220
9011010000300000,79,100003000098000001,,,0,1100000000000000680,98
9011010000300000,66,100003000098000002,,,0,1100000000000000680,98
9011010000300000,20,100003000100000006,,,0,1100000000000000680,100
9011010000300000,81,100003000102000001,,,0,1100000000000000680,102
9011010000300000,66,100003000102000004,,,0,1100000000000000680,102
9011010000300000,28,100003000106000001,,,0,1100000000000000680,106
9011010000300000,3,100003000108000002,,,0,1100000000000000680,108
9011010000300000,66,100003000112000001,,,0,1100000000000000681,112
9011010000300000,26,100003000112000004,,,0,1100000000000000681,112
9011010000300000,3,100003000118000002,,,0,1100000000000000682,118
9011010000300000,3,100003000122000003,,,0,1100000000000000682,122
9011010000300000,9,100003000124000003,,,0,1100000000000000683,124
9011010000300000,9,100003000128000003,,,0,1100000000000000683,128
9011010000300000,43,100003000132000001,,,0,1100000000000000685,132
9011010000300000,13,100003000134000001,,,0,1100000000000000685,134
9011010000300000,9,100003000138000001,,,0,1100000000000000685,138
9011010000300000,45,100003000138000003,,,0,1100000000000000685,138
9011010000300000,45,100003000140000001,,,0,1100000000000000685,140
9011010000300000,45,100003000146000001,,,0,1100000000000000685,146
9011010000300000,50,100003000226000001,,,0,1100000000000000683,226
9011010000300000,16,100003000228000001,,,0,1100000000000000683,228
9011010000300000,76,100003000228000002,,,0,1100000000000000683,228
9011010000300000,76,100003000232000001,,,0,1100000000000000683,232
9011010000300000,3,100003000560000003,,,0,1100000000000000674,560
9011010000300000,7,100003000560000004,,,0,1100000000000000674,560
9011010000300000,26,100003000564000001,,,0,1100000000000000688,564
9011010000300000,57,100003000564000003,,,0,1100000000000000688,564
9011010000300000,81,100003000564000007,,,0,1100000000000000688,564
9011010000300000,86,100003000568000002,,,0,1100000000000000688,568
9011010000300000,7,100003000568000004,,,0,1100000000000000688,568
9011010000300000,79,100003000572000001,,,0,1100000000000000688,572
9011010000300000,66,100003000572000002,,,0,1100000000000000688,572
9011010000300000,87,100003000576000001,,,0,1100000000000000688,576
9011010000300000,5,100003000576000002,,,0,1100000000000000688,576
9011010000300000,23,100003000576000003,,,0,1100000000000000688,576
9011010000300000,23,100003000044000001,,,0,1100000000000000678,44
9011010000300000,87,100003000044000003,,,0,1100000000000000678,44
9011010000300000,28,100003000050000001,,,0,1100000000000000689,50
9011010000300000,81,100003000066000002,,,0,1100000000000000679,66
9011010000300000,3,100003000066000004,,,0,1100000000000000679,66
9011010000300000,26,100003000070000004,,,0,1100000000000000679,70
9011010000300000,87,100003000080000001,,,0,1100000000000000689,80
9011010000300000,79,100003000084000002,,,0,1100000000000000675,84
9011010000300000,26,100003000088000005,,,0,1100000000000000675,88
9011010000300000,67,100003000146000002,,,0,1100000000000000685,146
9011010000300000,45,100003000148000001,,,0,1100000000000000685,148
9011010000300000,67,100003000148000002,,,0,1100000000000000685,148
9011010000300000,45,100003000150000002,,,0,1100000000000000685,150
9011010000300000,45,100003000154000001,,,0,1100000000000000685,154
9011010000300000,45,100003000156000001,,,0,1100000000000000680,156
9011010000300000,67,100003000156000002,,,0,1100000000000000680,156
9011010000300000,67,100003000158000003,,,0,1100000000000000680,158
9011010000300000,45,100003000164000003,,,0,1100000000000000680,164
9011010000300000,9,100003000164000004,,,0,1100000000000000680,164
9011010000300000,9,100003000166000003,,,0,1100000000000000680,166
9011010000300000,67,100003000170000001,,,0,1100000000000000680,170
9011010000300000,67,100003000172000002,,,0,1100000000000000680,172
9011010000300000,9,100003000174000002,,,0,1100000000000000680,174
9011010000300000,9,100003000176000003,,,0,1100000000000000680,176
9011010000300000,13,100003000176000004,,,0,1100000000000000680,176
9011010000300000,45,100003000178000003,,,0,1100000000000000680,178
9011010000300000,13,100003000182000003,,,0,1100000000000000684,182
9011010000300000,53,100003000192000003,,,0,1100000000000000683,192
9011010000300000,52,100003000194000003,,,0,1100000000000000683,194
9011010000300000,52,100003000198000003,,,0,1100000000000000680,198
9011010000300000,51,100003000200000001,,,0,1100000000000000687,200
9011010000300000,19,100003000200000003,,,0,1100000000000000687,200
9011010000300000,78,100003000202000003,,,0,1100000000000000687,202
9011010000300000,76,100003000208000004,,,0,1100000000000000687,208
9011010000300000,19,100003000210000002,,,0,1100000000000000687,210
9011010000300000,51,100003000210000003,,,0,1100000000000000687,210
9011010000300000,84,100003000214000003,,,0,1100000000000000687,214
9011010000300000,78,100003000218000003,,,0,1100000000000000687,218
9011010000300000,52,100003000222000003,,,0,1100000000000000680,222
9011010000300000,51,100003000224000002,,,0,1100000000000000683,224
9011010000300000,26,100003000560000005,,,0,1100000000000000674,560
9011010000300000,7,100003000564000002,,,0,1100000000000000688,564
9011010000300000,86,100003000564000005,,,0,1100000000000000688,564
9011010000300000,20,100003000564000006,,,0,1100000000000000688,564
9011010000300000,81,100003000568000001,,,0,1100000000000000688,568
9011010000300000,57,100003000568000006,,,0,1100000000000000688,568
9011010000300000,66,100003000092000003,,,0,1100000000000000675,92
9011010000300000,87,100003000096000002,,,0,1100000000000000680,96
9011010000300000,26,100003000100000001,,,0,1100000000000000680,100
9011010000300000,66,100003000104000001,,,0,1100000000000000680,104
9011010000300000,26,100003000108000003,,,0,1100000000000000680,108
9011010000300000,81,100003000112000002,,,0,1100000000000000681,112
9011010000300000,3,100003000112000003,,,0,1100000000000000681,112
9011010000300000,28,100003000114000001,,,0,1100000000000000682,114
9011010000300000,81,100003000118000001,,,0,1100000000000000682,118
9011010000300000,26,100003000118000003,,,0,1100000000000000682,118
9011010000300000,81,100003000120000001,,,0,1100000000000000682,120
9011010000300000,3,100003000120000002,,,0,1100000000000000682,120
9011010000300000,26,100003000122000001,,,0,1100000000000000682,122
9011010000300000,45,100003000124000001,,,0,1100000000000000683,124
9011010000300000,67,100003000124000002,,,0,1100000000000000683,124
9011010000300000,13,100003000124000004,,,0,1100000000000000683,124
9011010000300000,67,100003000128000002,,,0,1100000000000000683,128
9011010000300000,9,100003000130000002,,,0,1100000000000000684,130
9011010000300000,9,100003000134000004,,,0,1100000000000000685,134
9011010000300000,67,100003000136000001,,,0,1100000000000000685,136
9011010000300000,13,100003000136000002,,,0,1100000000000000685,136
9011010000300000,13,100003000138000002,,,0,1100000000000000685,138
9011010000300000,67,100003000138000004,,,0,1100000000000000685,138
9011010000300000,13,100003000144000001,,,0,1100000000000000685,144
9011010000300000,45,100003000144000002,,,0,1100000000000000685,144
9011010000300000,67,100003000144000003,,,0,1100000000000000685,144
9011010000300000,9,100003000148000003,,,0,1100000000000000685,148
9011010000300000,67,100003000150000003,,,0,1100000000000000685,150
9011010000300000,9,100003000150000004,,,0,1100000000000000685,150
9011010000300000,43,100003000152000001,,,0,1100000000000000685,152
9011010000300000,9,100003000156000003,,,0,1100000000000000680,156
9011010000300000,9,100003000158000002,,,0,1100000000000000680,158
9011010000300000,45,100003000160000001,,,0,1100000000000000680,160
9011010000300000,13,100003000160000004,,,0,1100000000000000680,160
9011010000300000,67,100003000164000002,,,0,1100000000000000680,164
9011010000300000,13,100003000166000004,,,0,1100000000000000680,166
9011010000300000,13,100003000170000003,,,0,1100000000000000680,170
9011010000300000,45,100003000170000004,,,0,1100000000000000680,170
9011010000300000,13,100003000172000001,,,0,1100000000000000680,172
9011010000300000,47,100003000174000001,,,0,1100000000000000680,174
9011010000300000,45,100003000176000001,,,0,1100000000000000680,176
9011010000300000,13,100003000178000001,,,0,1100000000000000680,178
9011010000300000,67,100003000178000004,,,0,1100000000000000680,178
9011010000300000,43,100003000180000001,,,0,1100000000000000683,180
9011010000300000,13,100003000184000001,,,0,1100000000000000683,184
9011010000300000,67,100003000184000002,,,0,1100000000000000683,184
9011010000300000,9,100003000184000003,,,0,1100000000000000683,184
9011010000300000,9,100003000188000002,,,0,1100000000000000686,188
9011010000300000,50,100003000190000001,,,0,1100000000000000683,190
9011010000300000,52,100003000190000002,,,0,1100000000000000683,190
9011010000300000,51,100003000192000001,,,0,1100000000000000683,192
9011010000300000,16,100003000194000002,,,0,1100000000000000683,194
9011010000300000,50,100003000196000001,,,0,1100000000000000683,196
9011010000300000,76,100003000202000001,,,0,1100000000000000687,202
9011010000300000,16,100003000202000002,,,0,1100000000000000687,202
9011010000300000,16,100003000208000005,,,0,1100000000000000687,208
9011010000300000,16,100003000216000002,,,0,1100000000000000687,216
9011010000300000,76,100003000216000003,,,0,1100000000000000687,216
9011010000300000,76,100003000222000001,,,0,1100000000000000680,222
9011010000300000,16,100003000222000002,,,0,1100000000000000680,222
9011010000300000,16,100003000230000001,,,0,1100000000000000683,230
9011010000300000,76,100003000230000002,,,0,1100000000000000683,230
9011010000300000,16,100003000232000002,,,0,1100000000000000683,232
9011010000300000,79,100003000556000001,,,0,1100000000000000674,556
9011010000300000,57,100003000560000006,,,0,1100000000000000674,560
9011010000300000,3,100003000568000003,,,0,1100000000000000688,568
9011010000300000,26,100003000568000005,,,0,1100000000000000688,568
9011010000400000,38,100004000001000002,,,1,1100000000000000761,1
9011010000400000,82,100004000001000008,,,1,1100000000000000761,1
9011010000400000,7,100004000003000003,,,1,1100000000000000760,3
9011010000400000,86,100004000003000005,,,1,1100000000000000760,3
9011010000400000,28,100004000007000001,,,1,1100000000000000759,7
9011010000400000,32,100004000011000001,,,1,1100000000000000759,11
9011010000400000,35,100004000019000001,,,1,1100000000000000762,19
9011010000400000,70,100004000025000001,,,1,1100000000000000757,25
9011010000400000,59,100004000029000001,,,1,1100000000000000757,29
9011010000400000,40,100004000029000002,,,1,1100000000000000757,29
9011010000400000,34,100004000031000003,,,1,1100000000000000757,31
9011010000400000,60,100004000035000002,,,1,1100000000000000757,35
9011010000400000,28,100004000039000001,,,1,1100000000000000757,39
9011010000400000,28,100004000045000001,,,1,1100000000000000757,45
9011010000400000,41,100004000047000002,,,1,1100000000000000757,47
9011010000400000,40,100004000051000001,,,1,1100000000000000757,51
9011010000400000,75,100004000051000003,,,1,1100000000000000757,51
9011010000400000,23,100004000053000001,,,1,1100000000000000757,53
9011010000400000,32,100004000053000002,,,1,1100000000000000757,53
9011010000400000,88,100004000055000003,,,1,1100000000000000757,55
9011010000400000,89,100004000055000004,,,1,1100000000000000757,55
9011010000400000,90,100004000055000006,,,1,1100000000000000757,55
9011010000400000,61,100004000063000001,,,1,1100000000000000757,63
9011010000400000,55,100004000063000003,,,1,1100000000000000757,63
9011010000400000,32,100004000069000001,,,1,1100000000000000757,69
9011010000400000,38,100004000077000002,,,1,1100000000000000757,77
9011010000400000,42,100004000077000003,,,1,1100000000000000757,77
9011010000400000,37,100004000077000004,,,1,1100000000000000757,77
9011010000400000,65,100004000077000011,,,1,1100000000000000757,77
9011010000400000,33,100004000079000002,,,1,1100000000000000757,79
9011010000400000,41,100004000081000002,,,1,1100000000000000757,81
9011010000400000,34,100004000081000003,,,1,1100000000000000757,81
9011010000400000,26,100004000083000002,,,1,1100000000000000756,83
9011010000400000,74,100004000091000002,,,1,1100000000000000754,91
9011010000400000,79,100004000093000002,,,1,1100000000000000754,93
9011010000400000,91,100004000095000003,,,1,1100000000000000754,95
9011010000400000,86,100004000099000002,,,1,1100000000000000752,99
9011010000400000,3,100004000099000003,,,1,1100000000000000752,99
9011010000400000,26,100004000101000003,,,1,1100000000000000752,101
9011010000400000,22,100004000105000001,,,1,1100000000000000753,105
9011010000400000,13,100004000105000002,,,1,1100000000000000753,105
9011010000400000,45,100004000105000004,,,1,1100000000000000753,105
9011010000400000,47,100004000107000001,,,1,1100000000000000753,107
9011010000400000,9,100004000107000002,,,1,1100000000000000753,107
9011010000400000,9,100004000115000002,,,1,1100000000000000752,115
9011010000400000,22,100004000119000003,,,1,1100000000000000752,119
9011010000400000,9,100004000129000002,,,1,1100000000000000752,129
9011010000400000,47,100004000129000003,,,1,1100000000000000752,129
9011010000400000,45,100004000131000001,,,1,1100000000000000752,131
9011010000400000,13,100004000139000002,,,1,1100000000000000752,139
9011010000400000,67,100004000157000001,,,1,1100000000000000753,157
9011010000400000,92,100004000163000001,,,1,1100000000000000752,163
9011010000400000,76,100004000169000004,,,1,1100000000000000752,169
9011010000400000,85,100004000171000004,,,1,1100000000000000752,171
9011010000400000,18,100004000173000004,,,1,1100000000000000752,173
9011010000400000,50,100004000175000001,,,1,1100000000000000752,175
9011010000400000,52,100004000175000002,,,1,1100000000000000752,175
9011010000400000,85,100004000177000002,,,1,1100000000000000752,177
9011010000400000,76,100004000181000002,,,1,1100000000000000752,181
9011010000400000,16,100004000183000002,,,1,1100000000000000752,183
9011010000400000,50,100004000189000001,,,1,1100000000000000752,189
9011010000400000,19,100004000191000003,,,1,1100000000000000752,191
9011010000400000,50,100004000195000001,,,1,1100000000000000753,195
9011010000400000,28,100004000519000001,,,1,1100000000000000762,519
9011010000400000,62,100004000979000001,,,1,1100000000000000757,979
9011010000400000,33,100004000979000005,,,1,1100000000000000757,979
9011010000400000,26,100004000001000001,,,1,1100000000000000761,1
9011010000400000,63,100004000001000003,,,1,1100000000000000761,1
9011010000400000,26,100004000003000002,,,1,1100000000000000760,3
9011010000400000,80,100004000011000002,,,1,1100000000000000759,11
9011010000400000,25,100004000019000002,,,1,1100000000000000762,19
9011010000400000,62,100004000031000001,,,1,1100000000000000757,31
9011010000400000,25,100004000035000001,,,1,1100000000000000757,35
9011010000400000,23,100004000035000003,,,1,1100000000000000757,35
9011010000400000,35,100004000037000001,,,1,1100000000000000757,37
9011010000400000,74,100004000041000001,,,1,1100000000000000757,41
9011010000400000,28,100004000049000001,,,1,1100000000000000757,49
9011010000400000,93,100004000055000002,,,1,1100000000000000757,55
9011010000400000,60,100004000057000002,,,1,1100000000000000757,57
9011010000400000,25,100004000059000001,,,1,1100000000000000757,59
9011010000400000,35,100004000059000002,,,1,1100000000000000757,59
9011010000400000,28,100004000065000001,,,1,1100000000000000757,65
9011010000400000,71,100004000067000001,,,1,1100000000000000757,67
9011010000400000,23,100004000069000003,,,1,1100000000000000757,69
9011010000400000,55,100004000073000001,,,1,1100000000000000757,73
9011010000400000,25,100004000075000001,,,1,1100000000000000757,75
9011010000400000,39,100004000077000005,,,1,1100000000000000757,77
9011010000400000,63,100004000077000006,,,1,1100000000000000757,77
9011010000400000,62,100004000077000007,,,1,1100000000000000757,77
9011010000400000,40,100004000077000010,,,1,1100000000000000757,77
9011010000400000,55,100004000079000001,,,1,1100000000000000757,79
9011010000400000,68,100004000083000004,,,1,1100000000000000756,83
9011010000400000,55,100004000085000002,,,1,1100000000000000755,85
9011010000400000,25,100004000087000001,,,1,1100000000000000754,87
9011010000400000,41,100004000089000002,,,1,1100000000000000754,89
9011010000400000,26,100004000091000001,,,1,1100000000000000754,91
9011010000400000,36,100004000091000003,,,1,1100000000000000754,91
9011010000400000,66,100004000093000001,,,1,1100000000000000754,93
9011010000400000,25,100004000095000001,,,1,1100000000000000754,95
9011010000400000,20,100004000003000007,,,1,1100000000000000760,3
9011010000400000,60,100004000023000003,,,1,1100000000000000757,23
9011010000400000,94,100004000095000002,,,1,1100000000000000754,95
9011010000400000,36,100004000097000004,,,1,1100000000000000754,97
9011010000400000,7,100004000099000004,,,1,1100000000000000752,99
9011010000400000,81,100004000101000001,,,1,1100000000000000752,101
9011010000400000,13,100004000107000003,,,1,1100000000000000753,107
9011010000400000,49,100004000117000002,,,1,1100000000000000752,117
9011010000400000,13,100004000117000003,,,1,1100000000000000752,117
9011010000400000,45,100004000119000001,,,1,1100000000000000752,119
9011010000400000,45,100004000127000001,,,1,1100000000000000752,127
9011010000400000,43,100004000135000001,,,1,1100000000000000752,135
9011010000400000,44,100004000139000001,,,1,1100000000000000752,139
9011010000400000,46,100004000141000002,,,1,1100000000000000752,141
9011010000400000,47,100004000143000001,,,1,1100000000000000752,143
9011010000400000,45,100004000145000002,,,1,1100000000000000752,145
9011010000400000,43,100004000147000001,,,1,1100000000000000752,147
9011010000400000,43,100004000149000001,,,1,1100000000000000752,149
9011010000400000,30,100004000025000002,,,1,1100000000000000757,25
9011010000400000,75,100004000029000004,,,1,1100000000000000757,29
9011010000400000,41,100004000031000002,,,1,1100000000000000757,31
9011010000400000,27,100004000031000004,,,1,1100000000000000757,31
9011010000400000,27,100004000047000004,,,1,1100000000000000757,47
9011010000400000,29,100004000051000002,,,1,1100000000000000757,51
9011010000400000,95,100004000055000001,,,1,1100000000000000757,55
9011010000400000,25,100004000057000001,,,1,1100000000000000757,57
9011010000400000,23,100004000057000003,,,1,1100000000000000757,57
9011010000400000,33,100004000063000004,,,1,1100000000000000757,63
9011010000400000,28,100004000071000001,,,1,1100000000000000757,71
9011010000400000,56,100004000073000002,,,1,1100000000000000757,73
9011010000400000,26,100004000077000001,,,1,1100000000000000757,77
9011010000400000,61,100004000077000008,,,1,1100000000000000757,77
9011010000400000,54,100004000077000012,,,1,1100000000000000757,77
9011010000400000,27,100004000081000004,,,1,1100000000000000757,81
9011010000400000,20,100004000083000005,,,1,1100000000000000756,83
9011010000400000,61,100004000085000004,,,1,1100000000000000755,85
9011010000400000,62,100004000089000001,,,1,1100000000000000754,89
9011010000400000,9,100004000157000002,,,1,1100000000000000753,157
9011010000400000,13,100004000157000003,,,1,1100000000000000753,157
9011010000400000,92,100004000159000001,,,1,1100000000000000753,159
9011010000400000,76,100004000161000001,,,1,1100000000000000753,161
9011010000400000,16,100004000161000002,,,1,1100000000000000753,161
9011010000400000,78,100004000161000003,,,1,1100000000000000753,161
9011010000400000,51,100004000161000004,,,1,1100000000000000753,161
9011010000400000,92,100004000167000001,,,1,1100000000000000752,167
9011010000400000,84,100004000171000002,,,1,1100000000000000752,171
9011010000400000,76,100004000173000001,,,1,1100000000000000752,173
9011010000400000,53,100004000173000002,,,1,1100000000000000752,173
9011010000400000,16,100004000173000003,,,1,1100000000000000752,173
9011010000400000,51,100004000173000005,,,1,1100000000000000752,173
9011010000400000,16,100004000177000003,,,1,1100000000000000752,177
9011010000400000,84,100004000177000004,,,1,1100000000000000752,177
9011010000400000,76,100004000179000001,,,1,1100000000000000752,179
9011010000400000,51,100004000183000004,,,1,1100000000000000752,183
9011010000400000,19,100004000187000002,,,1,1100000000000000752,187
9011010000400000,51,100004000187000003,,,1,1100000000000000752,187
9011010000400000,76,100004000193000001,,,1,1100000000000000752,193
9011010000400000,34,100004000089000003,,,1,1100000000000000754,89
9011010000400000,27,100004000089000004,,,1,1100000000000000754,89
9011010000400000,25,100004000097000001,,,1,1100000000000000754,97
9011010000400000,74,100004000097000003,,,1,1100000000000000754,97
9011010000400000,81,100004000099000001,,,1,1100000000000000752,99
9011010000400000,26,100004000099000005,,,1,1100000000000000752,99
9011010000400000,57,100004000099000006,,,1,1100000000000000752,99
9011010000400000,9,100004000103000002,,,1,1100000000000000753,103
9011010000400000,13,100004000103000003,,,1,1100000000000000753,103
9011010000400000,44,100004000111000001,,,1,1100000000000000752,111
9011010000400000,13,100004000115000001,,,1,1100000000000000752,115
9011010000400000,45,100004000115000003,,,1,1100000000000000752,115
9011010000400000,44,100004000125000001,,,1,1100000000000000752,125
9011010000400000,13,100004000125000002,,,1,1100000000000000752,125
9011010000400000,46,100004000127000002,,,1,1100000000000000752,127
9011010000400000,43,100004000133000001,,,1,1100000000000000752,133
9011010000400000,43,100004000137000001,,,1,1100000000000000752,137
9011010000400000,43,100004000151000001,,,1,1100000000000000754,151
9011010000400000,45,100004000153000001,,,1,1100000000000000752,153
9011010000400000,16,100004000193000002,,,1,1100000000000000752,193
9011010000400000,54,100004000979000003,,,1,1100000000000000757,979
9011010000400000,55,100004000979000004,,,1,1100000000000000757,979
9011010000400000,46,100004000153000002,,,1,1100000000000000752,153
9011010000400000,52,100004000165000002,,,1,1100000000000000752,165
9011010000400000,16,100004000169000001,,,1,1100000000000000752,169
9011010000400000,78,100004000169000002,,,1,1100000000000000752,169
9011010000400000,76,100004000177000001,,,1,1100000000000000752,177
9011010000400000,16,100004000179000002,,,1,1100000000000000752,179
9011010000400000,52,100004000179000003,,,1,1100000000000000752,179
9011010000400000,52,100004000181000001,,,1,1100000000000000752,181
9011010000400000,16,100004000181000003,,,1,1100000000000000752,181
9011010000400000,78,100004000183000003,,,1,1100000000000000752,183
9011010000400000,76,100004000185000001,,,1,1100000000000000752,185
9011010000400000,77,100004000187000001,,,1,1100000000000000752,187
9011010000400000,40,100004000001000004,,,1,1100000000000000761,1
9011010000400000,64,100004000001000005,,,1,1100000000000000761,1
9011010000400000,42,100004000001000006,,,1,1100000000000000761,1
9011010000400000,83,100004000001000007,,,1,1100000000000000761,1
9011010000400000,37,100004000001000009,,,1,1100000000000000761,1
9011010000400000,57,100004000003000001,,,1,1100000000000000760,3
9011010000400000,8,100004000003000004,,,1,1100000000000000760,3
9011010000400000,81,100004000003000006,,,1,1100000000000000760,3
9011010000400000,25,100004000015000001,,,1,1100000000000000758,15
9011010000400000,35,100004000015000002,,,1,1100000000000000758,15
9011010000400000,23,100004000023000001,,,1,1100000000000000757,23
9011010000400000,25,100004000023000002,,,1,1100000000000000757,23
9011010000400000,29,100004000029000003,,,1,1100000000000000757,29
9011010000400000,28,100004000033000001,,,1,1100000000000000757,33
9011010000400000,25,100004000037000002,,,1,1100000000000000757,37
9011010000400000,58,100004000041000002,,,1,1100000000000000757,41
9011010000400000,28,100004000043000001,,,1,1100000000000000757,43
9011010000400000,62,100004000047000001,,,1,1100000000000000757,47
9011010000400000,34,100004000047000003,,,1,1100000000000000757,47
9011010000400000,59,100004000051000004,,,1,1100000000000000757,51
9011010000400000,24,100004000053000003,,,1,1100000000000000757,53
9011010000400000,96,100004000055000005,,,1,1100000000000000757,55
9011010000400000,28,100004000061000001,,,1,1100000000000000757,61
9011010000400000,31,100004000063000002,,,1,1100000000000000757,63
9011010000400000,23,100004000067000002,,,1,1100000000000000757,67
9011010000400000,24,100004000069000002,,,1,1100000000000000757,69
9011010000400000,60,100004000075000002,,,1,1100000000000000757,75
9011010000400000,23,100004000075000003,,,1,1100000000000000757,75
9011010000400000,64,100004000077000009,,,1,1100000000000000757,77
9011010000400000,62,100004000081000001,,,1,1100000000000000757,81
9011010000400000,69,100004000083000001,,,1,1100000000000000756,83
9011010000400000,65,100004000083000003,,,1,1100000000000000756,83
9011010000400000,31,100004000085000001,,,1,1100000000000000755,85
9011010000400000,33,100004000085000003,,,1,1100000000000000755,85
9011010000400000,35,100004000087000002,,,1,1100000000000000754,87
9011010000400000,25,100004000091000004,,,1,1100000000000000754,91
9011010000400000,26,100004000097000002,,,1,1100000000000000754,97
9011010000400000,3,100004000101000002,,,1,1100000000000000752,101
9011010000400000,47,100004000103000001,,,1,1100000000000000753,103
9011010000400000,48,100004000105000003,,,1,1100000000000000753,105
9011010000400000,43,100004000109000001,,,1,1100000000000000753,109
9011010000400000,13,100004000111000002,,,1,1100000000000000752,111
9011010000400000,45,100004000113000001,,,1,1100000000000000752,113
9011010000400000,46,100004000113000002,,,1,1100000000000000752,113
9011010000400000,67,100004000115000004,,,1,1100000000000000752,115
9011010000400000,45,100004000117000001,,,1,1100000000000000752,117
9011010000400000,48,100004000119000002,,,1,1100000000000000752,119
9011010000400000,13,100004000119000004,,,1,1100000000000000752,119
9011010000400000,43,100004000121000001,,,1,1100000000000000752,121
9011010000400000,43,100004000123000001,,,1,1100000000000000752,123
9011010000400000,13,100004000129000001,,,1,1100000000000000752,129
9011010000400000,46,100004000131000002,,,1,1100000000000000752,131
9011010000400000,45,100004000141000001,,,1,1100000000000000752,141
9011010000400000,9,100004000143000002,,,1,1100000000000000752,143
9011010000400000,13,100004000143000003,,,1,1100000000000000752,143
9011010000400000,46,100004000145000001,,,1,1100000000000000752,145
9011010000400000,67,100004000155000001,,,1,1100000000000000752,155
9011010000400000,9,100004000155000002,,,1,1100000000000000752,155
9011010000400000,13,100004000155000003,,,1,1100000000000000752,155
9011010000400000,50,100004000165000001,,,1,1100000000000000752,165
9011010000400000,51,100004000169000003,,,1,1100000000000000752,169
9011010000400000,16,100004000171000001,,,1,1100000000000000752,171
9011010000400000,76,100004000171000003,,,1,1100000000000000752,171
9011010000400000,76,100004000183000001,,,1,1100000000000000752,183
9011010000400000,16,100004000185000002,,,1,1100000000000000752,185
9011010000400000,52,100004000185000003,,,1,1100000000000000752,185
9011010000400000,52,100004000189000002,,,1,1100000000000000752,189
9011010000400000,51,100004000191000001,,,1,1100000000000000752,191
9011010000400000,77,100004000191000002,,,1,1100000000000000752,191
9011010000400000,61,100004000979000002,,,1,1100000000000000757,979
9011010000400000,23,100004000008000003,,,0,1100000000000000764,8
9011010000400000,70,100004000010000001,,,0,1100000000000000764,10
9011010000400000,30,100004000010000002,,,0,1100000000000000764,10
9011010000400000,75,100004000012000003,,,0,1100000000000000764,12
9011010000400000,59,100004000012000004,,,0,1100000000000000764,12
9011010000400000,28,100004000014000001,,,0,1100000000000000765,14
9011010000400000,23,100004000018000003,,,0,1100000000000000764,18
9011010000400000,25,100004000020000001,,,0,1100000000000000765,20
9011010000400000,26,100004000020000004,,,0,1100000000000000765,20
9011010000400000,57,100004000020000005,,,0,1100000000000000765,20
9011010000400000,58,100004000024000001,,,0,1100000000000000764,24
9011010000400000,74,100004000024000002,,,0,1100000000000000764,24
9011010000400000,25,100004000026000001,,,0,1100000000000000764,26
9011010000400000,41,100004000030000002,,,0,1100000000000000764,30
9011010000400000,34,100004000030000003,,,0,1100000000000000764,30
9011010000400000,27,100004000030000004,,,0,1100000000000000764,30
9011010000400000,29,100004000034000002,,,0,1100000000000000764,34
9011010000400000,59,100004000034000004,,,0,1100000000000000764,34
9011010000400000,25,100004000036000002,,,0,1100000000000000764,36
9011010000400000,60,100004000036000003,,,0,1100000000000000764,36
9011010000400000,25,100004000040000001,,,0,1100000000000000770,40
9011010000400000,60,100004000040000002,,,0,1100000000000000770,40
9011010000400000,35,100004000042000001,,,0,1100000000000000764,42
9011010000400000,61,100004000046000001,,,0,1100000000000000764,46
9011010000400000,32,100004000052000001,,,0,1100000000000000766,52
9011010000400000,25,100004000064000003,,,0,1100000000000000770,64
9011010000400000,62,100004000068000008,,,0,1100000000000000764,68
9011010000400000,64,100004000068000011,,,0,1100000000000000764,68
9011010000400000,25,100004000072000003,,,0,1100000000000000764,72
9011010000400000,34,100004000076000004,,,0,1100000000000000770,76
9011010000400000,35,100004000088000001,,,0,1100000000000000764,88
9011010000400000,32,100004000090000002,,,0,1100000000000000765,90
9011010000400000,33,100004000098000004,,,0,1100000000000000769,98
9011010000400000,25,100004000100000001,,,0,1100000000000000769,100
9011010000400000,94,100004000100000002,,,0,1100000000000000769,100
9011010000400000,25,100004000102000001,,,0,1100000000000000769,102
9011010000400000,7,100004000104000001,,,0,1100000000000000769,104
9011010000400000,57,100004000104000002,,,0,1100000000000000769,104
9011010000400000,7,100004000106000004,,,0,1100000000000000769,106
9011010000400000,26,100004000106000005,,,0,1100000000000000769,106
9011010000400000,3,100004000112000003,,,0,1100000000000000769,112
9011010000400000,3,100004000114000002,,,0,1100000000000000769,114
9011010000400000,26,100004000114000003,,,0,1100000000000000769,114
9011010000400000,44,100004000120000001,,,0,1100000000000000767,120
9011010000400000,44,100004000130000001,,,0,1100000000000000767,130
9011010000400000,46,100004000132000002,,,0,1100000000000000767,132
9011010000400000,45,100004000134000001,,,0,1100000000000000767,134
9011010000400000,43,100004000138000001,,,0,1100000000000000767,138
9011010000400000,46,100004000146000002,,,0,1100000000000000767,146
9011010000400000,47,100004000148000001,,,0,1100000000000000767,148
9011010000400000,9,100004000160000002,,,0,1100000000000000767,160
9011010000400000,45,100004000162000001,,,0,1100000000000000767,162
9011010000400000,13,100004000166000003,,,0,1100000000000000767,166
9011010000400000,9,100004000168000002,,,0,1100000000000000767,168
9011010000400000,67,100004000168000003,,,0,1100000000000000767,168
9011010000400000,9,100004000170000002,,,0,1100000000000000767,170
9011010000400000,50,100004000174000001,,,0,1100000000000000767,174
9011010000400000,16,100004000178000002,,,0,1100000000000000767,178
9011010000400000,78,100004000178000003,,,0,1100000000000000767,178
9011010000400000,50,100004000180000001,,,0,1100000000000000767,180
9011010000400000,51,100004000182000002,,,0,1100000000000000767,182
9011010000400000,76,100004000182000005,,,0,1100000000000000767,182
9011010000400000,16,100004000186000003,,,0,1100000000000000767,186
9011010000400000,77,100004000196000001,,,0,1100000000000000767,196
9011010000400000,50,100004000198000001,,,0,1100000000000000767,198
9011010000400000,52,100004000198000002,,,0,1100000000000000767,198
9011010000400000,16,100004000200000001,,,0,1100000000000000767,200
9011010000400000,76,100004000200000003,,,0,1100000000000000767,200
9011010000400000,76,100004000212000001,,,0,1100000000000000767,212
9011010000400000,16,100004000212000002,,,0,1100000000000000767,212
9011010000400000,33,100004000972000004,,,0,1100000000000000764,972
9011010000400000,62,100004000972000005,,,0,1100000000000000764,972
9011010000400000,25,100004000004000001,,,0,1100000000000000770,4
9011010000400000,73,100004000020000003,,,0,1100000000000000765,20
9011010000400000,28,100004000028000001,,,0,1100000000000000764,28
9011010000400000,62,100004000030000001,,,0,1100000000000000764,30
9011010000400000,28,100004000032000001,,,0,1100000000000000764,32
9011010000400000,75,100004000034000003,,,0,1100000000000000764,34
9011010000400000,23,100004000040000003,,,0,1100000000000000770,40
9011010000400000,28,100004000044000001,,,0,1100000000000000764,44
9011010000400000,23,100004000052000003,,,0,1100000000000000766,52
9011010000400000,75,100004000060000003,,,0,1100000000000000764,60
9011010000400000,38,100004000068000002,,,0,1100000000000000764,68
9011010000400000,42,100004000068000005,,,0,1100000000000000764,68
9011010000400000,40,100004000068000010,,,0,1100000000000000764,68
9011010000400000,55,100004000072000001,,,0,1100000000000000764,72
9011010000400000,33,100004000072000002,,,0,1100000000000000764,72
9011010000400000,27,100004000076000001,,,0,1100000000000000770,76
9011010000400000,62,100004000076000002,,,0,1100000000000000770,76
9011010000400000,41,100004000076000003,,,0,1100000000000000770,76
9011010000400000,31,100004000084000003,,,0,1100000000000000764,84
9011010000400000,55,100004000084000004,,,0,1100000000000000764,84
9011010000400000,24,100004000090000003,,,0,1100000000000000765,90
9011010000400000,28,100004000002000001,,,0,1100000000000000772,2
9011010000400000,35,100004000004000002,,,0,1100000000000000770,4
9011010000400000,40,100004000012000001,,,0,1100000000000000764,12
9011010000400000,72,100004000020000002,,,0,1100000000000000765,20
9011010000400000,26,100004000102000002,,,0,1100000000000000769,102
9011010000400000,36,100004000102000004,,,0,1100000000000000769,102
9011010000400000,86,100004000104000003,,,0,1100000000000000769,104
9011010000400000,26,100004000104000005,,,0,1100000000000000769,104
9011010000400000,86,100004000106000002,,,0,1100000000000000769,106
9011010000400000,81,100004000110000001,,,0,1100000000000000769,110
9011010000400000,20,100004000110000003,,,0,1100000000000000769,110
9011010000400000,26,100004000110000004,,,0,1100000000000000769,110
9011010000400000,81,100004000114000001,,,0,1100000000000000769,114
9011010000400000,43,100004000118000001,,,0,1100000000000000767,118
9011010000400000,22,100004000124000001,,,0,1100000000000000767,124
9011010000400000,43,100004000126000001,,,0,1100000000000000767,126
9011010000400000,13,100004000130000002,,,0,1100000000000000767,130
9011010000400000,45,100004000132000001,,,0,1100000000000000767,132
9011010000400000,67,100004000134000002,,,0,1100000000000000767,134
9011010000400000,9,100004000134000003,,,0,1100000000000000767,134
9011010000400000,13,100004000136000001,,,0,1100000000000000767,136
9011010000400000,43,100004000142000001,,,0,1100000000000000767,142
9011010000400000,45,100004000146000001,,,0,1100000000000000767,146
9011010000400000,9,100004000148000002,,,0,1100000000000000767,148
9011010000400000,13,100004000148000003,,,0,1100000000000000767,148
9011010000400000,23,100004000036000001,,,0,1100000000000000764,36
9011010000400000,70,100004000038000001,,,0,1100000000000000765,38
9011010000400000,30,100004000038000002,,,0,1100000000000000765,38
9011010000400000,25,100004000042000002,,,0,1100000000000000764,42
9011010000400000,28,100004000048000001,,,0,1100000000000000764,48
9011010000400000,71,100004000050000001,,,0,1100000000000000764,50
9011010000400000,29,100004000060000002,,,0,1100000000000000764,60
9011010000400000,60,100004000064000001,,,0,1100000000000000770,64
9011010000400000,23,100004000064000002,,,0,1100000000000000770,64
9011010000400000,26,100004000068000001,,,0,1100000000000000764,68
9011010000400000,39,100004000068000004,,,0,1100000000000000764,68
9011010000400000,54,100004000068000007,,,0,1100000000000000764,68
9011010000400000,37,100004000068000009,,,0,1100000000000000764,68
9011010000400000,65,100004000068000012,,,0,1100000000000000764,68
9011010000400000,70,100004000080000001,,,0,1100000000000000771,80
9011010000400000,30,100004000080000002,,,0,1100000000000000771,80
9011010000400000,35,100004000086000002,,,0,1100000000000000764,86
9011010000400000,25,100004000088000002,,,0,1100000000000000764,88
9011010000400000,45,100004000150000001,,,0,1100000000000000767,150
9011010000400000,13,100004000158000001,,,0,1100000000000000767,158
9011010000400000,9,100004000158000002,,,0,1100000000000000767,158
9011010000400000,13,100004000160000003,,,0,1100000000000000767,160
9011010000400000,67,100004000162000002,,,0,1100000000000000767,162
9011010000400000,9,100004000162000003,,,0,1100000000000000767,162
9011010000400000,67,100004000170000001,,,0,1100000000000000767,170
9011010000400000,52,100004000180000002,,,0,1100000000000000767,180
9011010000400000,50,100004000184000001,,,0,1100000000000000767,184
9011010000400000,52,100004000184000002,,,0,1100000000000000767,184
9011010000400000,85,100004000186000002,,,0,1100000000000000767,186
9011010000400000,16,100004000188000002,,,0,1100000000000000767,188
9011010000400000,76,100004000190000001,,,0,1100000000000000767,190
9011010000400000,16,100004000190000002,,,0,1100000000000000767,190
9011010000400000,52,100004000190000003,,,0,1100000000000000767,190
9011010000400000,76,100004000192000003,,,0,1100000000000000767,192
9011010000400000,16,100004000192000004,,,0,1100000000000000767,192
9011010000400000,23,100004000090000001,,,0,1100000000000000765,90
9011010000400000,28,100004000092000001,,,0,1100000000000000764,92
9011010000400000,25,100004000094000001,,,0,1100000000000000768,94
9011010000400000,74,100004000094000002,,,0,1100000000000000768,94
9011010000400000,66,100004000096000001,,,0,1100000000000000769,96
9011010000400000,61,100004000098000001,,,0,1100000000000000769,98
9011010000400000,81,100004000104000006,,,0,1100000000000000769,104
9011010000400000,3,100004000106000003,,,0,1100000000000000769,106
9011010000400000,57,100004000106000006,,,0,1100000000000000769,106
9011010000400000,47,100004000116000001,,,0,1100000000000000767,116
9011010000400000,13,100004000116000003,,,0,1100000000000000767,116
9011010000400000,13,100004000120000002,,,0,1100000000000000767,120
9011010000400000,13,100004000124000002,,,0,1100000000000000767,124
9011010000400000,45,100004000124000003,,,0,1100000000000000767,124
9011010000400000,48,100004000124000004,,,0,1100000000000000767,124
9011010000400000,49,100004000136000002,,,0,1100000000000000767,136
9011010000400000,44,100004000144000001,,,0,1100000000000000767,144
9011010000400000,43,100004000152000001,,,0,1100000000000000767,152
9011010000400000,19,100004000196000002,,,0,1100000000000000767,196
9011010000400000,51,100004000196000003,,,0,1100000000000000767,196
9011010000400000,52,100004000200000002,,,0,1100000000000000767,200
9011010000400000,19,100004000202000003,,,0,1100000000000000767,202
9011010000400000,76,100004000204000001,,,0,1100000000000000767,204
9011010000400000,16,100004000204000002,,,0,1100000000000000767,204
9011010000400000,50,100004000206000001,,,0,1100000000000000767,206
9011010000400000,54,100004000972000002,,,0,1100000000000000764,972
9011010000400000,43,100004000156000001,,,0,1100000000000000767,156
9011010000400000,47,100004000160000001,,,0,1100000000000000767,160
9011010000400000,13,100004000162000004,,,0,1100000000000000767,162
9011010000400000,67,100004000164000001,,,0,1100000000000000767,164
9011010000400000,9,100004000166000002,,,0,1100000000000000767,166
9011010000400000,13,100004000170000003,,,0,1100000000000000767,170
9011010000400000,76,100004000178000001,,,0,1100000000000000767,178
9011010000400000,53,100004000182000004,,,0,1100000000000000767,182
9011010000400000,76,100004000188000001,,,0,1100000000000000767,188
9011010000400000,78,100004000192000001,,,0,1100000000000000767,192
9011010000400000,16,100004000194000002,,,0,1100000000000000767,194
9011010000400000,51,100004000202000001,,,0,1100000000000000767,202
9011010000400000,16,100004000208000002,,,0,1100000000000000767,208
9011010000400000,76,100004000210000001,,,0,1100000000000000767,210
9011010000400000,35,100004000580000001,,,0,1100000000000000764,580
9011010000400000,55,100004000006000001,,,0,1100000000000000763,6
9011010000400000,56,100004000006000002,,,0,1100000000000000763,6
9011010000400000,25,100004000008000001,,,0,1100000000000000764,8
9011010000400000,60,100004000008000002,,,0,1100000000000000764,8
9011010000400000,29,100004000012000002,,,0,1100000000000000764,12
9011010000400000,28,100004000016000001,,,0,1100000000000000766,16
9011010000400000,25,100004000018000001,,,0,1100000000000000764,18
9011010000400000,60,100004000018000002,,,0,1100000000000000764,18
9011010000400000,28,100004000022000001,,,0,1100000000000000764,22
9011010000400000,35,100004000026000002,,,0,1100000000000000764,26
9011010000400000,40,100004000034000001,,,0,1100000000000000764,34
9011010000400000,31,100004000046000002,,,0,1100000000000000764,46
9011010000400000,55,100004000046000003,,,0,1100000000000000764,46
9011010000400000,33,100004000046000004,,,0,1100000000000000764,46
9011010000400000,23,100004000050000002,,,0,1100000000000000764,50
9011010000400000,24,100004000052000002,,,0,1100000000000000766,52
9011010000400000,28,100004000056000001,,,0,1100000000000000764,56
9011010000400000,40,100004000060000001,,,0,1100000000000000764,60
9011010000400000,59,100004000060000004,,,0,1100000000000000764,60
9011010000400000,63,100004000068000003,,,0,1100000000000000764,68
9011010000400000,61,100004000068000006,,,0,1100000000000000764,68
9011010000400000,33,100004000084000001,,,0,1100000000000000764,84
9011010000400000,61,100004000084000002,,,0,1100000000000000764,84
9011010000400000,25,100004000086000001,,,0,1100000000000000764,86
9011010000400000,36,100004000094000003,,,0,1100000000000000768,94
9011010000400000,26,100004000094000004,,,0,1100000000000000768,94
9011010000400000,79,100004000096000002,,,0,1100000000000000769,96
9011010000400000,31,100004000098000002,,,0,1100000000000000769,98
9011010000400000,55,100004000098000003,,,0,1100000000000000769,98
9011010000400000,91,100004000100000003,,,0,1100000000000000769,100
9011010000400000,74,100004000102000003,,,0,1100000000000000769,102
9011010000400000,3,100004000104000004,,,0,1100000000000000769,104
9011010000400000,81,100004000106000001,,,0,1100000000000000769,106
9011010000400000,79,100004000108000001,,,0,1100000000000000769,108
9011010000400000,8,100004000110000002,,,0,1100000000000000769,110
9011010000400000,26,100004000112000001,,,0,1100000000000000769,112
9011010000400000,81,100004000112000002,,,0,1100000000000000769,112
9011010000400000,9,100004000116000002,,,0,1100000000000000767,116
9011010000400000,45,100004000122000001,,,0,1100000000000000767,122
9011010000400000,46,100004000122000002,,,0,1100000000000000767,122
9011010000400000,43,100004000128000001,,,0,1100000000000000767,128
9011010000400000,13,100004000134000004,,,0,1100000000000000767,134
9011010000400000,45,100004000136000003,,,0,1100000000000000767,136
9011010000400000,43,100004000140000001,,,0,1100000000000000767,140
9011010000400000,13,100004000144000002,,,0,1100000000000000767,144
9011010000400000,46,100004000150000002,,,0,1100000000000000767,150
9011010000400000,43,100004000154000001,,,0,1100000000000000767,154
9011010000400000,45,100004000158000003,,,0,1100000000000000767,158
9011010000400000,67,100004000158000004,,,0,1100000000000000767,158
9011010000400000,9,100004000164000002,,,0,1100000000000000767,164
9011010000400000,13,100004000164000003,,,0,1100000000000000767,164
9011010000400000,67,100004000166000001,,,0,1100000000000000767,166
9011010000400000,13,100004000168000001,,,0,1100000000000000767,168
9011010000400000,92,100004000172000001,,,0,1100000000000000767,172
9011010000400000,52,100004000174000002,,,0,1100000000000000767,174
9011010000400000,92,100004000176000001,,,0,1100000000000000767,176
9011010000400000,51,100004000178000004,,,0,1100000000000000767,178
9011010000400000,16,100004000182000001,,,0,1100000000000000767,182
9011010000400000,18,100004000182000003,,,0,1100000000000000767,182
9011010000400000,76,100004000186000001,,,0,1100000000000000767,186
9011010000400000,84,100004000186000004,,,0,1100000000000000767,186
9011010000400000,52,100004000188000003,,,0,1100000000000000767,188
9011010000400000,51,100004000192000002,,,0,1100000000000000767,192
9011010000400000,76,100004000194000001,,,0,1100000000000000767,194
9011010000400000,52,100004000194000003,,,0,1100000000000000767,194
9011010000400000,77,100004000202000002,,,0,1100000000000000767,202
9011010000400000,76,100004000208000001,,,0,1100000000000000767,208
9011010000400000,16,100004000210000002,,,0,1100000000000000767,210
9011010000400000,61,100004000972000001,,,0,1100000000000000764,972
9011010000400000,55,100004000972000003,,,0,1100000000000000764,972
9011010000500000,55,100005000001000001,,,1,1100000000000000843,1
9011010000500000,73,100005000003000005,,,1,1100000000000000844,3
9011010000500000,37,100005000007000004,,,1,1100000000000000846,7
9011010000500000,23,100005000011000001,,,1,1100000000000000861,11
9011010000500000,42,100005000015000002,,,1,1100000000000000863,15
9011010000500000,54,100005000015000008,,,1,1100000000000000863,15
9011010000500000,80,100005000023000002,,,1,1100000000000000862,23
9011010000500000,35,100005000027000002,,,1,1100000000000000851,27
9011010000500000,23,100005000037000003,,,1,1100000000000000851,37
9011010000500000,70,100005000039000001,,,1,1100000000000000851,39
9011010000500000,25,100005000041000001,,,1,1100000000000000851,41
9011010000500000,60,100005000041000002,,,1,1100000000000000851,41
9011010000500000,25,100005000043000001,,,1,1100000000000000851,43
9011010000500000,28,100005000055000001,,,1,1100000000000000851,55
9011010000500000,29,100005000057000002,,,1,1100000000000000864,57
9011010000500000,96,100005000061000003,,,1,1100000000000000864,61
9011010000500000,93,100005000061000004,,,1,1100000000000000864,61
9011010000500000,25,100005000065000002,,,1,1100000000000000854,65
9011010000500000,25,100005000069000001,,,1,1100000000000000854,69
9011010000500000,33,100005000077000004,,,1,1100000000000000854,77
9011010000500000,25,100005000003000003,,,1,1100000000000000844,3
9011010000500000,42,100005000007000001,,,1,1100000000000000846,7
9011010000500000,38,100005000007000003,,,1,1100000000000000846,7
9011010000500000,65,100005000015000001,,,1,1100000000000000863,15
9011010000500000,37,100005000015000003,,,1,1100000000000000863,15
9011010000500000,26,100005000015000004,,,1,1100000000000000863,15
9011010000500000,64,100005000015000012,,,1,1100000000000000863,15
9011010000500000,28,100005000019000001,,,1,1100000000000000862,19
9011010000500000,25,100005000027000001,,,1,1100000000000000851,27
9011010000500000,23,100005000031000001,,,1,1100000000000000851,31
9011010000500000,40,100005000035000001,,,1,1100000000000000851,35
9011010000500000,30,100005000039000002,,,1,1100000000000000851,39
9011010000500000,56,100005000001000002,,,1,1100000000000000843,1
9011010000500000,26,100005000003000002,,,1,1100000000000000844,3
9011010000500000,35,100005000043000002,,,1,1100000000000000851,43
9011010000500000,74,100005000047000001,,,1,1100000000000000851,47
9011010000500000,62,100005000053000001,,,1,1100000000000000851,53
9011010000500000,62,100005000059000001,,,1,1100000000000000864,59
9011010000500000,41,100005000059000002,,,1,1100000000000000864,59
9011010000500000,34,100005000059000003,,,1,1100000000000000864,59
9011010000500000,61,100005000077000001,,,1,1100000000000000854,77
9011010000500000,28,100005000081000001,,,1,1100000000000000854,81
9011010000500000,24,100005000085000002,,,1,1100000000000000855,85
9011010000500000,55,100005000089000001,,,1,1100000000000000856,89
9011010000500000,42,100005000093000003,,,1,1100000000000000851,93
9011010000500000,37,100005000093000004,,,1,1100000000000000851,93
9011010000500000,63,100005000093000005,,,1,1100000000000000851,93
9011010000500000,54,100005000093000007,,,1,1100000000000000851,93
9011010000500000,40,100005000093000010,,,1,1100000000000000851,93
9011010000500000,39,100005000093000012,,,1,1100000000000000851,93
9011010000500000,55,100005000095000001,,,1,1100000000000000851,95
9011010000500000,34,100005000097000004,,,1,1100000000000000857,97
9011010000500000,26,100005000099000004,,,1,1100000000000000845,99
9011010000500000,33,100005000101000004,,,1,1100000000000000858,101
9011010000500000,34,100005000105000003,,,1,1100000000000000858,105
9011010000500000,74,100005000107000002,,,1,1100000000000000858,107
9011010000500000,79,100005000111000001,,,1,1100000000000000858,111
9011010000500000,25,100005000113000001,,,1,1100000000000000858,113
9011010000500000,66,100005000115000002,,,1,1100000000000000859,115
9011010000500000,26,100005000117000002,,,1,1100000000000000841,117
9011010000500000,74,100005000117000003,,,1,1100000000000000841,117
9011010000500000,36,100005000117000004,,,1,1100000000000000841,117
9011010000500000,66,100005000119000001,,,1,1100000000000000841,119
9011010000500000,79,100005000125000001,,,1,1100000000000000841,125
9011010000500000,65,100005000127000001,,,1,1100000000000000841,127
9011010000500000,61,100005000129000002,,,1,1100000000000000860,129
9011010000500000,43,100005000133000001,,,1,1100000000000000848,133
9011010000500000,67,100005000143000003,,,1,1100000000000000847,143
9011010000500000,45,100005000145000002,,,1,1100000000000000848,145
9011010000500000,49,100005000145000003,,,1,1100000000000000848,145
9011010000500000,43,100005000151000001,,,1,1100000000000000847,151
9011010000500000,46,100005000159000002,,,1,1100000000000000847,159
9011010000500000,26,100005000007000002,,,1,1100000000000000846,7
9011010000500000,82,100005000007000005,,,1,1100000000000000846,7
9011010000500000,83,100005000007000008,,,1,1100000000000000846,7
9011010000500000,63,100005000007000009,,,1,1100000000000000846,7
9011010000500000,25,100005000011000002,,,1,1100000000000000861,11
9011010000500000,60,100005000011000003,,,1,1100000000000000861,11
9011010000500000,38,100005000015000005,,,1,1100000000000000863,15
9011010000500000,62,100005000015000007,,,1,1100000000000000863,15
9011010000500000,39,100005000015000010,,,1,1100000000000000863,15
9011010000500000,28,100005000029000001,,,1,1100000000000000851,29
9011010000500000,60,100005000031000003,,,1,1100000000000000851,31
9011010000500000,30,100005000033000001,,,1,1100000000000000851,33
9011010000500000,60,100005000037000002,,,1,1100000000000000851,37
9011010000500000,58,100005000047000002,,,1,1100000000000000851,47
9011010000500000,28,100005000049000001,,,1,1100000000000000851,49
9011010000500000,34,100005000053000003,,,1,1100000000000000851,53
9011010000500000,40,100005000057000001,,,1,1100000000000000864,57
9011010000500000,75,100005000057000003,,,1,1100000000000000864,57
9011010000500000,27,100005000059000004,,,1,1100000000000000864,59
9011010000500000,89,100005000061000002,,,1,1100000000000000864,61
9011010000500000,95,100005000061000005,,,1,1100000000000000864,61
9011010000500000,60,100005000065000003,,,1,1100000000000000854,65
9011010000500000,23,100005000083000001,,,1,1100000000000000854,83
9011010000500000,28,100005000087000001,,,1,1100000000000000855,87
9011010000500000,36,100005000091000001,,,1,1100000000000000856,91
9011010000500000,25,100005000091000004,,,1,1100000000000000856,91
9011010000500000,38,100005000093000002,,,1,1100000000000000851,93
9011010000500000,65,100005000093000011,,,1,1100000000000000851,93
9011010000500000,62,100005000097000002,,,1,1100000000000000857,97
9011010000500000,41,100005000097000003,,,1,1100000000000000857,97
9011010000500000,65,100005000099000001,,,1,1100000000000000845,99
9011010000500000,68,100005000099000002,,,1,1100000000000000845,99
9011010000500000,69,100005000099000005,,,1,1100000000000000845,99
9011010000500000,61,100005000101000001,,,1,1100000000000000858,101
9011010000500000,41,100005000105000002,,,1,1100000000000000858,105
9011010000500000,91,100005000113000003,,,1,1100000000000000858,113
9011010000500000,79,100005000115000001,,,1,1100000000000000859,115
9011010000500000,61,100005000127000002,,,1,1100000000000000841,127
9011010000500000,39,100005000127000003,,,1,1100000000000000841,127
9011010000500000,47,100005000135000001,,,1,1100000000000000847,135
9011010000500000,44,100005000139000001,,,1,1100000000000000847,139
9011010000500000,45,100005000143000002,,,1,1100000000000000847,143
9011010000500000,43,100005000147000001,,,1,1100000000000000847,147
9011010000500000,47,100005000157000001,,,1,1100000000000000848,157
9011010000500000,9,100005000157000002,,,1,1100000000000000848,157
9011010000500000,45,100005000159000001,,,1,1100000000000000847,159
9011010000500000,44,100005000167000001,,,1,1100000000000000841,167
9011010000500000,46,100005000169000002,,,1,1100000000000000848,169
9011010000500000,43,100005000173000001,,,1,1100000000000000848,173
9011010000500000,45,100005000175000002,,,1,1100000000000000847,175
9011010000500000,9,100005000181000002,,,1,1100000000000000850,181
9011010000500000,50,100005000193000001,,,1,1100000000000000847,193
9011010000500000,51,100005000197000001,,,1,1100000000000000847,197
9011010000500000,16,100005000197000002,,,1,1100000000000000847,197
9011010000500000,78,100005000197000004,,,1,1100000000000000847,197
9011010000500000,16,100005000199000002,,,1,1100000000000000848,199
9011010000500000,76,100005000201000001,,,1,1100000000000000847,201
9011010000500000,85,100005000201000002,,,1,1100000000000000847,201
9011010000500000,16,100005000201000003,,,1,1100000000000000847,201
9011010000500000,84,100005000201000004,,,1,1100000000000000847,201
9011010000500000,52,100005000203000002,,,1,1100000000000000847,203
9011010000500000,84,100005000205000001,,,1,1100000000000000847,205
9011010000500000,16,100005000207000002,,,1,1100000000000000847,207
9011010000500000,76,100005000209000001,,,1,1100000000000000847,209
9011010000500000,16,100005000209000002,,,1,1100000000000000847,209
9011010000500000,52,100005000211000002,,,1,1100000000000000847,211
9011010000500000,76,100005000219000001,,,1,1100000000000000847,219
9011010000500000,16,100005000219000002,,,1,1100000000000000847,219
9011010000500000,76,100005000221000001,,,1,1100000000000000850,221
9011010000500000,16,100005000227000002,,,1,1100000000000000841,227
9011010000500000,33,100005000567000005,,,1,1100000000000000853,567
9011010000500000,13,100005000167000002,,,1,1100000000000000841,167
9011010000500000,13,100005000175000001,,,1,1100000000000000847,175
9011010000500000,45,100005000179000001,,,1,1100000000000000850,179
9011010000500000,67,100005000183000001,,,1,1100000000000000841,183
9011010000500000,76,100005000189000002,,,1,1100000000000000849,189
9011010000500000,16,100005000189000003,,,1,1100000000000000849,189
9011010000500000,52,100005000193000002,,,1,1100000000000000847,193
9011010000500000,52,100005000195000002,,,1,1100000000000000847,195
9011010000500000,76,100005000197000003,,,1,1100000000000000847,197
9011010000500000,85,100005000199000004,,,1,1100000000000000848,199
9011010000500000,50,100005000203000001,,,1,1100000000000000847,203
9011010000500000,16,100005000205000002,,,1,1100000000000000847,205
9011010000500000,76,100005000205000003,,,1,1100000000000000847,205
9011010000500000,76,100005000207000001,,,1,1100000000000000847,207
9011010000500000,76,100005000213000001,,,1,1100000000000000847,213
9011010000500000,16,100005000213000002,,,1,1100000000000000847,213
9011010000500000,50,100005000217000001,,,1,1100000000000000847,217
9011010000500000,76,100005000223000002,,,1,1100000000000000850,223
9011010000500000,76,100005000227000001,,,1,1100000000000000841,227
9011010000500000,16,100005000229000002,,,1,1100000000000000860,229
9011010000500000,32,100005000571000001,,,1,1100000000000000853,571
9011010000500000,28,100005000575000001,,,1,1100000000000000853,575
9011010000500000,62,100005000995000001,,,1,1100000000000000851,995
9011010000500000,28,100005000073000001,,,1,1100000000000000854,73
9011010000500000,31,100005000077000002,,,1,1100000000000000854,77
9011010000500000,55,100005000077000003,,,1,1100000000000000854,77
9011010000500000,71,100005000083000002,,,1,1100000000000000854,83
9011010000500000,74,100005000091000002,,,1,1100000000000000856,91
9011010000500000,26,100005000091000003,,,1,1100000000000000856,91
9011010000500000,62,100005000093000006,,,1,1100000000000000851,93
9011010000500000,33,100005000095000002,,,1,1100000000000000851,95
9011010000500000,31,100005000101000002,,,1,1100000000000000858,101
9011010000500000,25,100005000103000001,,,1,1100000000000000859,103
9011010000500000,35,100005000103000002,,,1,1100000000000000859,103
9011010000500000,27,100005000105000004,,,1,1100000000000000858,105
9011010000500000,36,100005000107000001,,,1,1100000000000000858,107
9011010000500000,26,100005000127000004,,,1,1100000000000000841,127
9011010000500000,39,100005000129000003,,,1,1100000000000000860,129
9011010000500000,26,100005000129000004,,,1,1100000000000000860,129
9011010000500000,13,100005000139000002,,,1,1100000000000000847,139
9011010000500000,9,100005000143000004,,,1,1100000000000000847,143
9011010000500000,13,100005000153000002,,,1,1100000000000000847,153
9011010000500000,43,100005000163000001,,,1,1100000000000000847,163
9011010000500000,43,100005000165000001,,,1,1100000000000000847,165
9011010000500000,45,100005000171000001,,,1,1100000000000000847,171
9011010000500000,46,100005000171000002,,,1,1100000000000000847,171
9011010000500000,22,100005000175000004,,,1,1100000000000000847,175
9011010000500000,43,100005000177000001,,,1,1100000000000000847,177
9011010000500000,67,100005000181000001,,,1,1100000000000000850,181
9011010000500000,9,100005000183000002,,,1,1100000000000000841,183
9011010000500000,22,100005000185000003,,,1,1100000000000000841,185
9011010000500000,67,100005000187000001,,,1,1100000000000000860,187
9011010000500000,13,100005000187000003,,,1,1100000000000000860,187
9011010000500000,16,100005000211000003,,,1,1100000000000000847,211
9011010000500000,76,100005000215000001,,,1,1100000000000000848,215
9011010000500000,52,100005000215000003,,,1,1100000000000000848,215
9011010000500000,52,100005000217000002,,,1,1100000000000000847,217
9011010000500000,50,100005000225000001,,,1,1100000000000000841,225
9011010000500000,76,100005000229000001,,,1,1100000000000000860,229
9011010000500000,65,100005000563000001,,,1,1100000000000000853,563
9011010000500000,97,100005000563000002,,,1,1100000000000000853,563
9011010000500000,61,100005000963000002,,,1,1100000000000000853,963
9011010000500000,54,100005000995000003,,,1,1100000000000000851,995
9011010000500000,57,100005000003000001,,,1,1100000000000000844,3
9011010000500000,72,100005000003000004,,,1,1100000000000000844,3
9011010000500000,64,100005000007000006,,,1,1100000000000000846,7
9011010000500000,40,100005000007000007,,,1,1100000000000000846,7
9011010000500000,63,100005000015000006,,,1,1100000000000000863,15
9011010000500000,40,100005000015000009,,,1,1100000000000000863,15
9011010000500000,61,100005000015000011,,,1,1100000000000000863,15
9011010000500000,32,100005000023000001,,,1,1100000000000000862,23
9011010000500000,25,100005000031000002,,,1,1100000000000000851,31
9011010000500000,70,100005000033000002,,,1,1100000000000000851,33
9011010000500000,29,100005000035000002,,,1,1100000000000000851,35
9011010000500000,75,100005000035000003,,,1,1100000000000000851,35
9011010000500000,59,100005000035000004,,,1,1100000000000000851,35
9011010000500000,25,100005000037000001,,,1,1100000000000000851,37
9011010000500000,23,100005000041000003,,,1,1100000000000000851,41
9011010000500000,28,100005000045000001,,,1,1100000000000000851,45
9011010000500000,28,100005000051000001,,,1,1100000000000000852,51
9011010000500000,41,100005000053000002,,,1,1100000000000000851,53
9011010000500000,27,100005000053000004,,,1,1100000000000000851,53
9011010000500000,59,100005000057000004,,,1,1100000000000000864,57
9011010000500000,90,100005000061000001,,,1,1100000000000000864,61
9011010000500000,88,100005000061000006,,,1,1100000000000000864,61
9011010000500000,23,100005000065000001,,,1,1100000000000000854,65
9011010000500000,35,100005000069000002,,,1,1100000000000000854,69
9011010000500000,32,100005000085000001,,,1,1100000000000000855,85
9011010000500000,23,100005000085000003,,,1,1100000000000000855,85
9011010000500000,56,100005000089000002,,,1,1100000000000000856,89
9011010000500000,26,100005000093000001,,,1,1100000000000000851,93
9011010000500000,61,100005000093000008,,,1,1100000000000000851,93
9011010000500000,64,100005000093000009,,,1,1100000000000000851,93
9011010000500000,27,100005000097000001,,,1,1100000000000000857,97
9011010000500000,20,100005000099000003,,,1,1100000000000000845,99
9011010000500000,55,100005000101000003,,,1,1100000000000000858,101
9011010000500000,62,100005000105000001,,,1,1100000000000000858,105
9011010000500000,26,100005000107000003,,,1,1100000000000000858,107
9011010000500000,25,100005000107000004,,,1,1100000000000000858,107
9011010000500000,28,100005000109000001,,,1,1100000000000000858,109
9011010000500000,66,100005000111000002,,,1,1100000000000000858,111
9011010000500000,94,100005000113000002,,,1,1100000000000000858,113
9011010000500000,25,100005000117000001,,,1,1100000000000000841,117
9011010000500000,79,100005000121000001,,,1,1100000000000000850,121
9011010000500000,61,100005000123000001,,,1,1100000000000000850,123
9011010000500000,55,100005000123000002,,,1,1100000000000000850,123
9011010000500000,65,100005000129000001,,,1,1100000000000000860,129
9011010000500000,13,100005000131000001,,,1,1100000000000000849,131
9011010000500000,44,100005000131000002,,,1,1100000000000000849,131
9011010000500000,9,100005000135000002,,,1,1100000000000000847,135
9011010000500000,13,100005000135000003,,,1,1100000000000000847,135
9011010000500000,43,100005000137000001,,,1,1100000000000000847,137
9011010000500000,45,100005000141000001,,,1,1100000000000000847,141
9011010000500000,46,100005000141000002,,,1,1100000000000000847,141
9011010000500000,13,100005000143000001,,,1,1100000000000000847,143
9011010000500000,13,100005000145000001,,,1,1100000000000000848,145
9011010000500000,43,100005000149000001,,,1,1100000000000000847,149
9011010000500000,44,100005000153000001,,,1,1100000000000000847,153
9011010000500000,45,100005000155000001,,,1,1100000000000000847,155
9011010000500000,46,100005000155000002,,,1,1100000000000000847,155
9011010000500000,13,100005000157000003,,,1,1100000000000000848,157
9011010000500000,43,100005000161000001,,,1,1100000000000000847,161
9011010000500000,45,100005000169000001,,,1,1100000000000000848,169
9011010000500000,48,100005000175000003,,,1,1100000000000000847,175
9011010000500000,46,100005000179000002,,,1,1100000000000000850,179
9011010000500000,13,100005000181000003,,,1,1100000000000000850,181
9011010000500000,13,100005000183000003,,,1,1100000000000000841,183
9011010000500000,13,100005000185000001,,,1,1100000000000000841,185
9011010000500000,48,100005000185000002,,,1,1100000000000000841,185
9011010000500000,9,100005000187000002,,,1,1100000000000000860,187
9011010000500000,52,100005000189000001,,,1,1100000000000000849,189
9011010000500000,92,100005000191000001,,,1,1100000000000000848,191
9011010000500000,50,100005000195000001,,,1,1100000000000000847,195
9011010000500000,84,100005000199000001,,,1,1100000000000000848,199
9011010000500000,76,100005000199000003,,,1,1100000000000000848,199
9011010000500000,85,100005000205000004,,,1,1100000000000000847,205
9011010000500000,52,100005000207000003,,,1,1100000000000000847,207
9011010000500000,52,100005000209000003,,,1,1100000000000000847,209
9011010000500000,76,100005000211000001,,,1,1100000000000000847,211
9011010000500000,52,100005000213000003,,,1,1100000000000000847,213
9011010000500000,16,100005000215000002,,,1,1100000000000000848,215
9011010000500000,16,100005000221000002,,,1,1100000000000000850,221
9011010000500000,16,100005000223000001,,,1,1100000000000000850,223
9011010000500000,55,100005000567000001,,,1,1100000000000000853,567
9011010000500000,62,100005000567000002,,,1,1100000000000000853,567
9011010000500000,61,100005000567000003,,,1,1100000000000000853,567
9011010000500000,54,100005000567000004,,,1,1100000000000000853,567
9011010000500000,80,100005000571000002,,,1,1100000000000000853,571
9011010000500000,28,100005000579000001,,,1,1100000000000000853,579
9011010000500000,55,100005000963000001,,,1,1100000000000000853,963
9011010000500000,61,100005000995000002,,,1,1100000000000000851,995
9011010000500000,55,100005000995000004,,,1,1100000000000000851,995
9011010000500000,33,100005000995000005,,,1,1100000000000000851,995
9011010000500000,83,100005000002000001,,,0,1100000000000000866,2
9011010000500000,65,100005000006000010,,,0,1100000000000000865,6
9011010000500000,39,100005000006000012,,,0,1100000000000000865,6
9011010000500000,28,100005000008000001,,,0,1100000000000000865,8
9011010000500000,80,100005000010000002,,,0,1100000000000000865,10
9011010000500000,35,100005000012000002,,,0,1100000000000000867,12
9011010000500000,41,100005000014000001,,,0,1100000000000000842,14
9011010000500000,25,100005000018000002,,,0,1100000000000000865,18
9011010000500000,59,100005000022000004,,,0,1100000000000000865,22
9011010000500000,70,100005000026000001,,,0,1100000000000000865,26
9011010000500000,60,100005000028000002,,,0,1100000000000000865,28
9011010000500000,25,100005000030000002,,,0,1100000000000000865,30
9011010000500000,58,100005000034000001,,,0,1100000000000000865,34
9011010000500000,62,100005000040000001,,,0,1100000000000000865,40
9011010000500000,62,100005000046000001,,,0,1100000000000000865,46
9011010000500000,95,100005000048000002,,,0,1100000000000000865,48
9011010000500000,93,100005000048000003,,,0,1100000000000000865,48
9011010000500000,90,100005000048000006,,,0,1100000000000000865,48
9011010000500000,35,100005000052000002,,,0,1100000000000000865,52
9011010000500000,55,100005000056000002,,,0,1100000000000000865,56
9011010000500000,31,100005000056000004,,,0,1100000000000000865,56
9011010000500000,32,100005000066000001,,,0,1100000000000000869,66
9011010000500000,23,100005000066000003,,,0,1100000000000000869,66
9011010000500000,28,100005000070000001,,,0,1100000000000000869,70
9011010000500000,42,100005000082000001,,,0,1100000000000000865,82
9011010000500000,37,100005000082000002,,,0,1100000000000000865,82
9011010000500000,63,100005000082000004,,,0,1100000000000000865,82
9011010000500000,39,100005000082000005,,,0,1100000000000000865,82
9011010000500000,61,100005000082000007,,,0,1100000000000000865,82
9011010000500000,64,100005000082000008,,,0,1100000000000000865,82
9011010000500000,40,100005000002000002,,,0,1100000000000000866,2
9011010000500000,64,100005000002000003,,,0,1100000000000000866,2
9011010000500000,63,100005000002000005,,,0,1100000000000000866,2
9011010000500000,38,100005000006000004,,,0,1100000000000000865,6
9011010000500000,54,100005000006000007,,,0,1100000000000000865,6
9011010000500000,64,100005000006000008,,,0,1100000000000000865,6
9011010000500000,40,100005000006000009,,,0,1100000000000000865,6
9011010000500000,25,100005000012000001,,,0,1100000000000000867,12
9011010000500000,27,100005000014000002,,,0,1100000000000000842,14
9011010000500000,28,100005000016000001,,,0,1100000000000000865,16
9011010000500000,23,100005000018000001,,,0,1100000000000000865,18
9011010000500000,75,100005000022000003,,,0,1100000000000000865,22
9011010000500000,30,100005000026000002,,,0,1100000000000000865,26
9011010000500000,28,100005000036000001,,,0,1100000000000000865,36
9011010000500000,82,100005000002000004,,,0,1100000000000000866,2
9011010000500000,26,100005000002000007,,,0,1100000000000000866,2
9011010000500000,42,100005000002000009,,,0,1100000000000000866,2
9011010000500000,23,100005000004000001,,,0,1100000000000000865,4
9011010000500000,25,100005000004000002,,,0,1100000000000000865,4
9011010000500000,42,100005000006000001,,,0,1100000000000000865,6
9011010000500000,26,100005000006000003,,,0,1100000000000000865,6
9011010000500000,63,100005000006000005,,,0,1100000000000000865,6
9011010000500000,41,100005000040000002,,,0,1100000000000000865,40
9011010000500000,27,100005000040000004,,,0,1100000000000000865,40
9011010000500000,28,100005000042000001,,,0,1100000000000000865,42
9011010000500000,75,100005000044000001,,,0,1100000000000000865,44
9011010000500000,29,100005000044000004,,,0,1100000000000000865,44
9011010000500000,60,100005000050000002,,,0,1100000000000000865,50
9011010000500000,23,100005000050000003,,,0,1100000000000000865,50
9011010000500000,33,100005000056000001,,,0,1100000000000000865,56
9011010000500000,36,100005000078000004,,,0,1100000000000000870,78
9011010000500000,38,100005000082000003,,,0,1100000000000000865,82
9011010000500000,26,100005000082000006,,,0,1100000000000000865,82
9011010000500000,33,100005000086000002,,,0,1100000000000000865,86
9011010000500000,34,100005000090000003,,,0,1100000000000000865,90
9011010000500000,26,100005000094000002,,,0,1100000000000000868,94
9011010000500000,20,100005000094000003,,,0,1100000000000000868,94
9011010000500000,65,100005000094000004,,,0,1100000000000000868,94
9011010000500000,68,100005000094000005,,,0,1100000000000000868,94
9011010000500000,61,100005000096000001,,,0,1100000000000000868,96
9011010000500000,25,100005000102000001,,,0,1100000000000000868,102
9011010000500000,74,100005000102000003,,,0,1100000000000000868,102
9011010000500000,79,100005000106000001,,,0,1100000000000000868,106
9011010000500000,91,100005000108000001,,,0,1100000000000000868,108
9011010000500000,25,100005000108000003,,,0,1100000000000000868,108
9011010000500000,55,100005000116000001,,,0,1100000000000000873,116
9011010000500000,61,100005000116000002,,,0,1100000000000000873,116
9011010000500000,79,100005000118000001,,,0,1100000000000000873,118
9011010000500000,65,100005000122000002,,,0,1100000000000000871,122
9011010000500000,39,100005000122000004,,,0,1100000000000000871,122
9011010000500000,44,100005000130000001,,,0,1100000000000000868,130
9011010000500000,45,100005000136000002,,,0,1100000000000000872,136
9011010000500000,49,100005000136000003,,,0,1100000000000000872,136
9011010000500000,46,100005000146000002,,,0,1100000000000000868,146
9011010000500000,47,100005000148000003,,,0,1100000000000000872,148
9011010000500000,43,100005000154000001,,,0,1100000000000000868,154
9011010000500000,45,100005000160000001,,,0,1100000000000000872,160
9011010000500000,46,100005000162000002,,,0,1100000000000000868,162
9011010000500000,61,100005000006000006,,,0,1100000000000000865,6
9011010000500000,62,100005000006000011,,,0,1100000000000000865,6
9011010000500000,32,100005000010000001,,,0,1100000000000000865,10
9011010000500000,60,100005000018000003,,,0,1100000000000000865,18
9011010000500000,40,100005000022000001,,,0,1100000000000000865,22
9011010000500000,29,100005000022000002,,,0,1100000000000000865,22
9011010000500000,23,100005000024000001,,,0,1100000000000000865,24
9011010000500000,25,100005000028000001,,,0,1100000000000000865,28
9011010000500000,59,100005000044000002,,,0,1100000000000000865,44
9011010000500000,27,100005000046000004,,,0,1100000000000000865,46
9011010000500000,89,100005000048000004,,,0,1100000000000000865,48
9011010000500000,25,100005000052000001,,,0,1100000000000000865,52
9011010000500000,28,100005000054000001,,,0,1100000000000000865,54
9011010000500000,61,100005000056000003,,,0,1100000000000000865,56
9011010000500000,24,100005000066000002,,,0,1100000000000000869,66
9011010000500000,65,100005000082000010,,,0,1100000000000000865,82
9011010000500000,55,100005000086000001,,,0,1100000000000000865,86
9011010000500000,27,100005000090000004,,,0,1100000000000000865,90
9011010000500000,69,100005000094000001,,,0,1100000000000000868,94
9011010000500000,33,100005000096000004,,,0,1100000000000000868,96
9011010000500000,35,100005000098000002,,,0,1100000000000000872,98
9011010000500000,34,100005000100000003,,,0,1100000000000000868,100
9011010000500000,36,100005000102000004,,,0,1100000000000000868,102
9011010000500000,66,100005000106000002,,,0,1100000000000000868,106
9011010000500000,94,100005000108000002,,,0,1100000000000000868,108
9011010000500000,66,100005000110000002,,,0,1100000000000000872,110
9011010000500000,36,100005000112000001,,,0,1100000000000000868,112
9011010000500000,25,100005000112000002,,,0,1100000000000000868,112
9011010000500000,61,100005000120000002,,,0,1100000000000000873,120
9011010000500000,26,100005000120000004,,,0,1100000000000000873,120
9011010000500000,43,100005000128000001,,,0,1100000000000000868,128
9011010000500000,46,100005000132000002,,,0,1100000000000000868,132
9011010000500000,13,100005000134000002,,,0,1100000000000000868,134
9011010000500000,45,100005000134000003,,,0,1100000000000000868,134
9011010000500000,67,100005000134000004,,,0,1100000000000000868,134
9011010000500000,43,100005000142000001,,,0,1100000000000000868,142
9011010000500000,13,100005000144000002,,,0,1100000000000000868,144
9011010000500000,45,100005000150000001,,,0,1100000000000000868,150
9011010000500000,46,100005000150000002,,,0,1100000000000000868,150
9011010000500000,43,100005000152000001,,,0,1100000000000000868,152
9011010000500000,13,100005000166000001,,,0,1100000000000000868,166
9011010000500000,43,100005000168000001,,,0,1100000000000000868,168
9011010000500000,45,100005000170000001,,,0,1100000000000000873,170
9011010000500000,67,100005000174000001,,,0,1100000000000000873,174
9011010000500000,22,100005000176000003,,,0,1100000000000000873,176
9011010000500000,50,100005000184000001,,,0,1100000000000000868,184
9011010000500000,76,100005000186000001,,,0,1100000000000000868,186
9011010000500000,16,100005000186000002,,,0,1100000000000000868,186
9011010000500000,78,100005000186000003,,,0,1100000000000000868,186
9011010000500000,85,100005000188000002,,,0,1100000000000000872,188
9011010000500000,85,100005000190000002,,,0,1100000000000000868,190
9011010000500000,52,100005000192000001,,,0,1100000000000000868,192
9011010000500000,85,100005000194000002,,,0,1100000000000000868,194
9011010000500000,84,100005000194000004,,,0,1100000000000000868,194
9011010000500000,76,100005000200000001,,,0,1100000000000000868,200
9011010000500000,52,100005000200000003,,,0,1100000000000000868,200
9011010000500000,76,100005000204000001,,,0,1100000000000000872,204
9011010000500000,52,100005000204000003,,,0,1100000000000000872,204
9011010000500000,52,100005000206000001,,,0,1100000000000000868,206
9011010000500000,55,100005000986000003,,,0,1100000000000000865,986
9011010000500000,62,100005000986000004,,,0,1100000000000000865,986
9011010000500000,61,100005000986000005,,,0,1100000000000000865,986
9011010000500000,45,100005000166000004,,,0,1100000000000000868,166
9011010000500000,46,100005000170000002,,,0,1100000000000000873,170
9011010000500000,13,100005000174000003,,,0,1100000000000000873,174
9011010000500000,67,100005000178000001,,,0,1100000000000000871,178
9011010000500000,9,100005000178000002,,,0,1100000000000000871,178
9011010000500000,92,100005000180000001,,,0,1100000000000000872,180
9011010000500000,16,100005000190000003,,,0,1100000000000000868,190
9011010000500000,52,100005000198000003,,,0,1100000000000000868,198
9011010000500000,16,100005000202000003,,,0,1100000000000000868,202
9011010000500000,16,100005000208000001,,,0,1100000000000000868,208
9011010000500000,76,100005000208000002,,,0,1100000000000000868,208
9011010000500000,16,100005000218000002,,,0,1100000000000000871,218
9011010000500000,54,100005000986000001,,,0,1100000000000000865,986
9011010000500000,33,100005000986000002,,,0,1100000000000000865,986
9011010000500000,55,100005000074000001,,,0,1100000000000000869,74
9011010000500000,56,100005000074000002,,,0,1100000000000000869,74
9011010000500000,25,100005000078000001,,,0,1100000000000000870,78
9011010000500000,40,100005000082000009,,,0,1100000000000000865,82
9011010000500000,62,100005000082000011,,,0,1100000000000000865,82
9011010000500000,54,100005000082000012,,,0,1100000000000000865,82
9011010000500000,41,100005000090000002,,,0,1100000000000000865,90
9011010000500000,55,100005000096000003,,,0,1100000000000000868,96
9011010000500000,27,100005000100000004,,,0,1100000000000000868,100
9011010000500000,26,100005000102000002,,,0,1100000000000000868,102
9011010000500000,28,100005000104000001,,,0,1100000000000000868,104
9011010000500000,79,100005000110000001,,,0,1100000000000000872,110
9011010000500000,26,100005000112000003,,,0,1100000000000000868,112
9011010000500000,74,100005000112000004,,,0,1100000000000000868,112
9011010000500000,79,100005000114000001,,,0,1100000000000000873,114
9011010000500000,66,100005000114000002,,,0,1100000000000000873,114
9011010000500000,65,100005000120000001,,,0,1100000000000000873,120
9011010000500000,39,100005000120000003,,,0,1100000000000000873,120
9011010000500000,43,100005000124000001,,,0,1100000000000000872,124
9011010000500000,47,100005000126000001,,,0,1100000000000000868,126
9011010000500000,9,100005000126000002,,,0,1100000000000000868,126
9011010000500000,43,100005000138000001,,,0,1100000000000000868,138
9011010000500000,13,100005000148000001,,,0,1100000000000000872,148
9011010000500000,43,100005000156000001,,,0,1100000000000000868,156
9011010000500000,45,100005000162000001,,,0,1100000000000000868,162
9011010000500000,67,100005000172000001,,,0,1100000000000000873,172
9011010000500000,9,100005000172000002,,,0,1100000000000000873,172
9011010000500000,9,100005000174000002,,,0,1100000000000000873,174
9011010000500000,48,100005000176000002,,,0,1100000000000000873,176
9011010000500000,13,100005000178000003,,,0,1100000000000000871,178
9011010000500000,50,100005000182000001,,,0,1100000000000000868,182
9011010000500000,52,100005000184000002,,,0,1100000000000000868,184
9011010000500000,51,100005000186000004,,,0,1100000000000000868,186
9011010000500000,76,100005000188000001,,,0,1100000000000000872,188
9011010000500000,84,100005000188000004,,,0,1100000000000000872,188
9011010000500000,16,100005000196000002,,,0,1100000000000000868,196
9011010000500000,76,100005000198000001,,,0,1100000000000000868,198
9011010000500000,16,100005000200000002,,,0,1100000000000000868,200
9011010000500000,52,100005000202000001,,,0,1100000000000000868,202
9011010000500000,76,100005000202000002,,,0,1100000000000000868,202
9011010000500000,16,100005000204000002,,,0,1100000000000000872,204
9011010000500000,76,100005000210000001,,,0,1100000000000000873,210
9011010000500000,16,100005000210000002,,,0,1100000000000000873,210
9011010000500000,16,100005000212000002,,,0,1100000000000000873,212
9011010000500000,38,100005000002000006,,,0,1100000000000000866,2
9011010000500000,37,100005000002000008,,,0,1100000000000000866,2
9011010000500000,60,100005000004000003,,,0,1100000000000000865,4
9011010000500000,37,100005000006000002,,,0,1100000000000000865,6
9011010000500000,70,100005000020000001,,,0,1100000000000000865,20
9011010000500000,30,100005000020000002,,,0,1100000000000000865,20
9011010000500000,25,100005000024000002,,,0,1100000000000000865,24
9011010000500000,60,100005000024000003,,,0,1100000000000000865,24
9011010000500000,23,100005000028000003,,,0,1100000000000000865,28
9011010000500000,35,100005000030000001,,,0,1100000000000000865,30
9011010000500000,28,100005000032000001,,,0,1100000000000000865,32
9011010000500000,74,100005000034000002,,,0,1100000000000000865,34
9011010000500000,28,100005000038000001,,,0,1100000000000000866,38
9011010000500000,34,100005000040000003,,,0,1100000000000000865,40
9011010000500000,40,100005000044000003,,,0,1100000000000000865,44
9011010000500000,41,100005000046000002,,,0,1100000000000000865,46
9011010000500000,34,100005000046000003,,,0,1100000000000000865,46
9011010000500000,88,100005000048000001,,,0,1100000000000000865,48
9011010000500000,96,100005000048000005,,,0,1100000000000000865,48
9011010000500000,25,100005000050000001,,,0,1100000000000000865,50
9011010000500000,28,100005000058000001,,,0,1100000000000000865,58
9011010000500000,71,100005000062000001,,,0,1100000000000000865,62
9011010000500000,23,100005000062000002,,,0,1100000000000000865,62
9011010000500000,26,100005000078000002,,,0,1100000000000000870,78
9011010000500000,74,100005000078000003,,,0,1100000000000000870,78
9011010000500000,62,100005000090000001,,,0,1100000000000000865,90
9011010000500000,31,100005000096000002,,,0,1100000000000000868,96
9011010000500000,25,100005000098000001,,,0,1100000000000000872,98
9011010000500000,62,100005000100000001,,,0,1100000000000000868,100
9011010000500000,41,100005000100000002,,,0,1100000000000000868,100
9011010000500000,26,100005000122000001,,,0,1100000000000000871,122
9011010000500000,61,100005000122000003,,,0,1100000000000000871,122
9011010000500000,13,100005000126000003,,,0,1100000000000000868,126
9011010000500000,13,100005000130000002,,,0,1100000000000000868,130
9011010000500000,45,100005000132000001,,,0,1100000000000000868,132
9011010000500000,9,100005000134000001,,,0,1100000000000000868,134
9011010000500000,13,100005000136000001,,,0,1100000000000000872,136
9011010000500000,43,100005000140000001,,,0,1100000000000000868,140
9011010000500000,44,100005000144000001,,,0,1100000000000000868,144
9011010000500000,45,100005000146000001,,,0,1100000000000000868,146
9011010000500000,9,100005000148000002,,,0,1100000000000000872,148
9011010000500000,44,100005000158000001,,,0,1100000000000000868,158
9011010000500000,13,100005000158000002,,,0,1100000000000000868,158
9011010000500000,46,100005000160000002,,,0,1100000000000000872,160
9011010000500000,43,100005000164000001,,,0,1100000000000000872,164
9011010000500000,22,100005000166000002,,,0,1100000000000000868,166
9011010000500000,48,100005000166000003,,,0,1100000000000000868,166
9011010000500000,13,100005000172000003,,,0,1100000000000000873,172
9011010000500000,13,100005000176000001,,,0,1100000000000000873,176
9011010000500000,52,100005000182000002,,,0,1100000000000000868,182
9011010000500000,16,100005000188000003,,,0,1100000000000000872,188
9011010000500000,76,100005000190000001,,,0,1100000000000000868,190
9011010000500000,84,100005000190000004,,,0,1100000000000000868,190
9011010000500000,50,100005000192000002,,,0,1100000000000000868,192
9011010000500000,76,100005000194000001,,,0,1100000000000000868,194
9011010000500000,16,100005000194000003,,,0,1100000000000000868,194
9011010000500000,76,100005000196000001,,,0,1100000000000000868,196
9011010000500000,52,100005000196000003,,,0,1100000000000000868,196
9011010000500000,16,100005000198000002,,,0,1100000000000000868,198
9011010000500000,50,100005000206000002,,,0,1100000000000000868,206
9011010000500000,76,100005000212000001,,,0,1100000000000000873,212
9011010000500000,50,100005000214000001,,,0,1100000000000000873,214
9011010000500000,76,100005000216000001,,,0,1100000000000000873,216
9011010000500000,16,100005000216000002,,,0,1100000000000000873,216
9011010000500000,76,100005000218000001,,,0,1100000000000000871,218
9011010000600000,5,100006000005000002,,,1,1100000000000001062,5
9011010000600000,7,100006000007000003,,,1,1100000000000001057,7
9011010000600000,86,100006000009000003,,,1,1100000000000001055,9
9011010000600000,87,100006000011000002,,,1,1100000000000001058,11
9011010000600000,5,100006000011000003,,,1,1100000000000001058,11
9011010000600000,57,100006000017000001,,,1,1100000000000001060,17
9011010000600000,79,100006000019000001,,,1,1100000000000001062,19
9011010000600000,81,100006000025000001,,,1,1100000000000001062,25
9011010000600000,86,100006000025000002,,,1,1100000000000001062,25
9011010000600000,26,100006000027000003,,,1,1100000000000001062,27
9011010000600000,86,100006000027000005,,,1,1100000000000001062,27
9011010000600000,20,100006000027000007,,,1,1100000000000001062,27
9011010000600000,7,100006000031000003,,,1,1100000000000001062,31
9011010000600000,86,100006000031000006,,,1,1100000000000001062,31
9011010000600000,79,100006000037000001,,,1,1100000000000001062,37
9011010000600000,66,100006000037000002,,,1,1100000000000001062,37
9011010000600000,81,100006000039000001,,,1,1100000000000001062,39
9011010000600000,7,100006000041000003,,,1,1100000000000001062,41
9011010000600000,66,100006000047000002,,,1,1100000000000001062,47
9011010000600000,86,100006000053000002,,,1,1100000000000001061,53
9011010000600000,3,100006000053000003,,,1,1100000000000001061,53
9011010000600000,57,100006000053000006,,,1,1100000000000001061,53
9011010000600000,7,100006000055000003,,,1,1100000000000001061,55
9011010000600000,81,100006000055000006,,,1,1100000000000001061,55
9011010000600000,87,100006000059000001,,,1,1100000000000001061,59
9011010000600000,23,100006000059000003,,,1,1100000000000001061,59
9011010000600000,7,100006000061000006,,,1,1100000000000001061,61
9011010000600000,3,100006000063000002,,,1,1100000000000001061,63
9011010000600000,28,100006000067000001,,,1,1100000000000001061,67
9011010000600000,66,100006000069000002,,,1,1100000000000001061,69
9011010000600000,87,100006000071000002,,,1,1100000000000001061,71
9011010000600000,79,100006000075000001,,,1,1100000000000001061,75
9011010000600000,3,100006000077000003,,,1,1100000000000001061,77
9011010000600000,57,100006000077000006,,,1,1100000000000001061,77
9011010000600000,87,100006000083000001,,,1,1100000000000001070,83
9011010000600000,26,100006000087000002,,,1,1100000000000001064,87
9011010000600000,26,100006000089000003,,,1,1100000000000001064,89
9011010000600000,79,100006000091000001,,,1,1100000000000001065,91
9011010000600000,79,100006000095000001,,,1,1100000000000001065,95
9011010000600000,57,100006000097000001,,,1,1100000000000001065,97
9011010000600000,26,100006000097000007,,,1,1100000000000001065,97
9011010000600000,13,100006000101000001,,,1,1100000000000001067,101
9011010000600000,45,100006000101000002,,,1,1100000000000001067,101
9011010000600000,13,100006000103000004,,,1,1100000000000001067,103
9011010000600000,13,100006000107000002,,,1,1100000000000001067,107
9011010000600000,45,100006000107000003,,,1,1100000000000001067,107
9011010000600000,13,100006000113000004,,,1,1100000000000001068,113
9011010000600000,45,100006000115000001,,,1,1100000000000001068,115
9011010000600000,13,100006000119000004,,,1,1100000000000001068,119
9011010000600000,45,100006000125000001,,,1,1100000000000001068,125
9011010000600000,13,100006000127000001,,,1,1100000000000001068,127
9011010000600000,67,100006000129000003,,,1,1100000000000001068,129
9011010000600000,67,100006000133000002,,,1,1100000000000001068,133
9011010000600000,13,100006000135000001,,,1,1100000000000001068,135
9011010000600000,9,100006000135000004,,,1,1100000000000001068,135
9011010000600000,45,100006000137000001,,,1,1100000000000001068,137
9011010000600000,9,100006000139000003,,,1,1100000000000001068,139
9011010000600000,13,100006000143000001,,,1,1100000000000001069,143
9011010000600000,45,100006000145000001,,,1,1100000000000001069,145
9011010000600000,13,100006000145000004,,,1,1100000000000001069,145
9011010000600000,9,100006000149000002,,,1,1100000000000001069,149
9011010000600000,47,100006000149000003,,,1,1100000000000001069,149
9011010000600000,45,100006000151000001,,,1,1100000000000001069,151
9011010000600000,67,100006000151000002,,,1,1100000000000001069,151
9011010000600000,13,100006000151000004,,,1,1100000000000001069,151
9011010000600000,9,100006000153000003,,,1,1100000000000001069,153
9011010000600000,76,100006000157000001,,,1,1100000000000001067,157
9011010000600000,52,100006000157000003,,,1,1100000000000001067,157
9011010000600000,76,100006000161000002,,,1,1100000000000001068,161
9011010000600000,51,100006000163000001,,,1,1100000000000001068,163
9011010000600000,77,100006000163000002,,,1,1100000000000001068,163
9011010000600000,51,100006000165000004,,,1,1100000000000001068,165
9011010000600000,76,100006000169000001,,,1,1100000000000001068,169
9011010000600000,51,100006000171000001,,,1,1100000000000001068,171
9011010000600000,18,100006000171000002,,,1,1100000000000001068,171
9011010000600000,16,100006000171000005,,,1,1100000000000001068,171
9011010000600000,5,100006000001000003,,,1,1100000000000001062,1
9011010000600000,87,100006000005000001,,,1,1100000000000001062,5
9011010000600000,86,100006000007000001,,,1,1100000000000001057,7
9011010000600000,57,100006000007000005,,,1,1100000000000001057,7
9011010000600000,81,100006000009000002,,,1,1100000000000001055,9
9011010000600000,26,100006000017000002,,,1,1100000000000001060,17
9011010000600000,7,100006000017000006,,,1,1100000000000001060,17
9011010000600000,66,100006000019000002,,,1,1100000000000001062,19
9011010000600000,87,100006000023000002,,,1,1100000000000001062,23
9011010000600000,5,100006000023000003,,,1,1100000000000001062,23
9011010000600000,26,100006000025000005,,,1,1100000000000001062,25
9011010000600000,57,100006000025000006,,,1,1100000000000001062,25
9011010000600000,8,100006000027000004,,,1,1100000000000001062,27
9011010000600000,81,100006000027000006,,,1,1100000000000001062,27
9011010000600000,23,100006000029000003,,,1,1100000000000001062,29
9011010000600000,81,100006000031000004,,,1,1100000000000001062,31
9011010000600000,79,100006000033000001,,,1,1100000000000001062,33
9011010000600000,3,100006000039000003,,,1,1100000000000001062,39
9011010000600000,7,100006000039000004,,,1,1100000000000001062,39
9011010000600000,26,100006000039000005,,,1,1100000000000001062,39
9011010000600000,57,100006000039000006,,,1,1100000000000001062,39
9011010000600000,20,100006000041000007,,,1,1100000000000001062,41
9011010000600000,87,100006000043000001,,,1,1100000000000001062,43
9011010000600000,5,100006000043000002,,,1,1100000000000001062,43
9011010000600000,23,100006000043000003,,,1,1100000000000001062,43
9011010000600000,81,100006000045000005,,,1,1100000000000001062,45
9011010000600000,7,100006000045000006,,,1,1100000000000001062,45
9011010000600000,7,100006000053000004,,,1,1100000000000001061,53
9011010000600000,26,100006000055000002,,,1,1100000000000001061,55
9011010000600000,8,100006000055000004,,,1,1100000000000001061,55
9011010000600000,86,100006000055000005,,,1,1100000000000001061,55
9011010000600000,20,100006000055000007,,,1,1100000000000001061,55
9011010000600000,5,100006000059000002,,,1,1100000000000001061,59
9011010000600000,3,100006000061000003,,,1,1100000000000001061,61
9011010000600000,81,100006000063000001,,,1,1100000000000001061,63
9011010000600000,23,100006000071000001,,,1,1100000000000001061,71
9011010000600000,81,100006000077000001,,,1,1100000000000001061,77
9011010000600000,26,100006000077000005,,,1,1100000000000001061,77
9011010000600000,66,100006000079000004,,,1,1100000000000001061,79
9011010000600000,57,100006000087000001,,,1,1100000000000001064,87
9011010000600000,7,100006000087000003,,,1,1100000000000001064,87
9011010000600000,81,100006000087000006,,,1,1100000000000001064,87
9011010000600000,81,100006000089000001,,,1,1100000000000001064,89
9011010000600000,3,100006000089000002,,,1,1100000000000001064,89
9011010000600000,66,100006000091000002,,,1,1100000000000001065,91
9011010000600000,87,100006000093000001,,,1,1100000000000001065,93
9011010000600000,81,100006000097000002,,,1,1100000000000001065,97
9011010000600000,79,100006000099000001,,,1,1100000000000001066,99
9011010000600000,66,100006000099000002,,,1,1100000000000001066,99
9011010000600000,45,100006000103000001,,,1,1100000000000001067,103
9011010000600000,9,100006000103000003,,,1,1100000000000001067,103
9011010000600000,13,100006000105000003,,,1,1100000000000001067,105
9011010000600000,45,100006000105000004,,,1,1100000000000001067,105
9011010000600000,9,100006000107000001,,,1,1100000000000001067,107
9011010000600000,13,100006000109000001,,,1,1100000000000001068,109
9011010000600000,47,100006000109000002,,,1,1100000000000001068,109
9011010000600000,67,100006000115000002,,,1,1100000000000001068,115
9011010000600000,45,100006000117000003,,,1,1100000000000001068,117
9011010000600000,67,100006000117000004,,,1,1100000000000001068,117
9011010000600000,13,100006000125000004,,,1,1100000000000001068,125
9011010000600000,9,100006000127000004,,,1,1100000000000001068,127
9011010000600000,87,100006000001000002,,,1,1100000000000001062,1
9011010000600000,23,100006000005000003,,,1,1100000000000001062,5
9011010000600000,3,100006000007000002,,,1,1100000000000001057,7
9011010000600000,26,100006000007000004,,,1,1100000000000001057,7
9011010000600000,81,100006000007000006,,,1,1100000000000001057,7
9011010000600000,20,100006000009000005,,,1,1100000000000001055,9
9011010000600000,26,100006000009000007,,,1,1100000000000001055,9
9011010000600000,81,100006000017000003,,,1,1100000000000001060,17
9011010000600000,86,100006000017000005,,,1,1100000000000001060,17
9011010000600000,28,100006000021000001,,,1,1100000000000001062,21
9011010000600000,23,100006000023000001,,,1,1100000000000001062,23
9011010000600000,57,100006000027000001,,,1,1100000000000001062,27
9011010000600000,5,100006000029000002,,,1,1100000000000001062,29
9011010000600000,26,100006000031000001,,,1,1100000000000001062,31
9011010000600000,57,100006000031000002,,,1,1100000000000001062,31
9011010000600000,43,100006000131000001,,,1,1100000000000001068,131
9011010000600000,45,100006000135000002,,,1,1100000000000001068,135
9011010000600000,67,100006000137000002,,,1,1100000000000001068,137
9011010000600000,67,100006000139000002,,,1,1100000000000001068,139
9011010000600000,13,100006000139000004,,,1,1100000000000001068,139
9011010000600000,43,100006000141000001,,,1,1100000000000001067,141
9011010000600000,45,100006000143000003,,,1,1100000000000001069,143
9011010000600000,45,100006000147000001,,,1,1100000000000001069,147
9011010000600000,9,100006000147000003,,,1,1100000000000001069,147
9011010000600000,13,100006000149000001,,,1,1100000000000001069,149
9011010000600000,67,100006000153000002,,,1,1100000000000001069,153
9011010000600000,52,100006000161000001,,,1,1100000000000001068,161
9011010000600000,78,100006000165000003,,,1,1100000000000001068,165
9011010000600000,16,100006000169000002,,,1,1100000000000001068,169
9011010000600000,52,100006000169000003,,,1,1100000000000001068,169
9011010000600000,76,100006000171000003,,,1,1100000000000001068,171
9011010000600000,78,100006000179000003,,,1,1100000000000001056,179
9011010000600000,79,100006000515000001,,,1,1100000000000001059,515
9011010000600000,57,100006000957000001,,,1,1100000000000001063,957
9011010000600000,81,100006000041000006,,,1,1100000000000001062,41
9011010000600000,3,100006000045000003,,,1,1100000000000001062,45
9011010000600000,79,100006000047000001,,,1,1100000000000001062,47
9011010000600000,81,100006000053000001,,,1,1100000000000001061,53
9011010000600000,26,100006000053000005,,,1,1100000000000001061,53
9011010000600000,57,100006000055000001,,,1,1100000000000001061,55
9011010000600000,57,100006000061000001,,,1,1100000000000001061,61
9011010000600000,86,100006000061000004,,,1,1100000000000001061,61
9011010000600000,26,100006000063000003,,,1,1100000000000001061,63
9011010000600000,5,100006000071000003,,,1,1100000000000001061,71
9011010000600000,66,100006000075000002,,,1,1100000000000001061,75
9011010000600000,86,100006000077000002,,,1,1100000000000001061,77
9011010000600000,26,100006000079000003,,,1,1100000000000001061,79
9011010000600000,28,100006000081000001,,,1,1100000000000001062,81
9011010000600000,8,100006000087000005,,,1,1100000000000001064,87
9011010000600000,20,100006000087000007,,,1,1100000000000001064,87
9011010000600000,77,100006000173000002,,,1,1100000000000001068,173
9011010000600000,19,100006000173000003,,,1,1100000000000001068,173
9011010000600000,52,100006000175000002,,,1,1100000000000001068,175
9011010000600000,76,100006000177000001,,,1,1100000000000001068,177
9011010000600000,84,100006000177000004,,,1,1100000000000001068,177
9011010000600000,52,100006000185000002,,,1,1100000000000001069,185
9011010000600000,26,100006000957000002,,,1,1100000000000001063,957
9011010000600000,66,100006000965000002,,,1,1100000000000001063,965
9011010000600000,66,100006000089000004,,,1,1100000000000001064,89
9011010000600000,23,100006000093000003,,,1,1100000000000001065,93
9011010000600000,66,100006000095000002,,,1,1100000000000001065,95
9011010000600000,86,100006000097000003,,,1,1100000000000001065,97
9011010000600000,8,100006000097000004,,,1,1100000000000001065,97
9011010000600000,20,100006000097000005,,,1,1100000000000001065,97
9011010000600000,7,100006000097000006,,,1,1100000000000001065,97
9011010000600000,67,100006000103000002,,,1,1100000000000001067,103
9011010000600000,9,100006000105000002,,,1,1100000000000001067,105
9011010000600000,67,100006000107000004,,,1,1100000000000001067,107
9011010000600000,45,100006000113000001,,,1,1100000000000001068,113
9011010000600000,67,100006000113000002,,,1,1100000000000001068,113
9011010000600000,9,100006000113000003,,,1,1100000000000001068,113
9011010000600000,9,100006000115000003,,,1,1100000000000001068,115
9011010000600000,13,100006000115000004,,,1,1100000000000001068,115
9011010000600000,13,100006000117000001,,,1,1100000000000001068,117
9011010000600000,45,100006000119000001,,,1,1100000000000001068,119
9011010000600000,67,100006000119000002,,,1,1100000000000001068,119
9011010000600000,9,100006000119000003,,,1,1100000000000001068,119
9011010000600000,67,100006000123000001,,,1,1100000000000001068,123
9011010000600000,9,100006000123000002,,,1,1100000000000001068,123
9011010000600000,13,100006000123000003,,,1,1100000000000001068,123
9011010000600000,45,100006000123000004,,,1,1100000000000001068,123
9011010000600000,67,100006000125000002,,,1,1100000000000001068,125
9011010000600000,9,100006000125000003,,,1,1100000000000001068,125
9011010000600000,45,100006000127000002,,,1,1100000000000001068,127
9011010000600000,45,100006000133000001,,,1,1100000000000001068,133
9011010000600000,9,100006000133000003,,,1,1100000000000001068,133
9011010000600000,13,100006000133000004,,,1,1100000000000001068,133
9011010000600000,9,100006000137000003,,,1,1100000000000001068,137
9011010000600000,9,100006000145000003,,,1,1100000000000001069,145
9011010000600000,13,100006000147000004,,,1,1100000000000001069,147
9011010000600000,13,100006000153000004,,,1,1100000000000001069,153
9011010000600000,16,100006000157000002,,,1,1100000000000001067,157
9011010000600000,50,100006000159000001,,,1,1100000000000001067,159
9011010000600000,16,100006000165000002,,,1,1100000000000001068,165
9011010000600000,52,100006000167000001,,,1,1100000000000001068,167
9011010000600000,50,100006000167000002,,,1,1100000000000001068,167
9011010000600000,53,100006000171000004,,,1,1100000000000001068,171
9011010000600000,51,100006000173000001,,,1,1100000000000001068,173
9011010000600000,50,100006000175000001,,,1,1100000000000001068,175
9011010000600000,16,100006000177000003,,,1,1100000000000001068,177
9011010000600000,51,100006000179000001,,,1,1100000000000001056,179
9011010000600000,52,100006000183000001,,,1,1100000000000001069,183
9011010000600000,76,100006000183000002,,,1,1100000000000001069,183
9011010000600000,16,100006000183000003,,,1,1100000000000001069,183
9011010000600000,66,100006000513000002,,,1,1100000000000001054,513
9011010000600000,7,100006000957000006,,,1,1100000000000001063,957
9011010000600000,23,100006000001000001,,,1,1100000000000001062,1
9011010000600000,79,100006000003000001,,,1,1100000000000001062,3
9011010000600000,66,100006000003000002,,,1,1100000000000001062,3
9011010000600000,57,100006000009000001,,,1,1100000000000001055,9
9011010000600000,8,100006000009000004,,,1,1100000000000001055,9
9011010000600000,7,100006000009000006,,,1,1100000000000001055,9
9011010000600000,23,100006000011000001,,,1,1100000000000001058,11
9011010000600000,3,100006000017000004,,,1,1100000000000001060,17
9011010000600000,3,100006000025000003,,,1,1100000000000001062,25
9011010000600000,7,100006000025000004,,,1,1100000000000001062,25
9011010000600000,7,100006000027000002,,,1,1100000000000001062,27
9011010000600000,87,100006000029000001,,,1,1100000000000001062,29
9011010000600000,3,100006000031000005,,,1,1100000000000001062,31
9011010000600000,66,100006000033000002,,,1,1100000000000001062,33
9011010000600000,28,100006000035000001,,,1,1100000000000001062,35
9011010000600000,86,100006000039000002,,,1,1100000000000001062,39
9011010000600000,26,100006000041000001,,,1,1100000000000001062,41
9011010000600000,57,100006000041000002,,,1,1100000000000001062,41
9011010000600000,86,100006000041000004,,,1,1100000000000001062,41
9011010000600000,8,100006000041000005,,,1,1100000000000001062,41
9011010000600000,57,100006000045000001,,,1,1100000000000001062,45
9011010000600000,26,100006000045000002,,,1,1100000000000001062,45
9011010000600000,86,100006000045000004,,,1,1100000000000001062,45
9011010000600000,28,100006000049000001,,,1,1100000000000001062,49
9011010000600000,79,100006000051000001,,,1,1100000000000001062,51
9011010000600000,66,100006000051000002,,,1,1100000000000001062,51
9011010000600000,26,100006000061000002,,,1,1100000000000001061,61
9011010000600000,81,100006000061000005,,,1,1100000000000001061,61
9011010000600000,66,100006000063000004,,,1,1100000000000001061,63
9011010000600000,79,100006000069000001,,,1,1100000000000001061,69
9011010000600000,7,100006000077000004,,,1,1100000000000001061,77
9011010000600000,81,100006000079000001,,,1,1100000000000001061,79
9011010000600000,3,100006000079000002,,,1,1100000000000001061,79
9011010000600000,5,100006000083000002,,,1,1100000000000001070,83
9011010000600000,23,100006000083000003,,,1,1100000000000001070,83
9011010000600000,79,100006000085000001,,,1,1100000000000001064,85
9011010000600000,66,100006000085000002,,,1,1100000000000001064,85
9011010000600000,86,100006000087000004,,,1,1100000000000001064,87
9011010000600000,5,100006000093000002,,,1,1100000000000001065,93
9011010000600000,67,100006000101000003,,,1,1100000000000001067,101
9011010000600000,9,100006000101000004,,,1,1100000000000001067,101
9011010000600000,67,100006000105000001,,,1,1100000000000001067,105
9011010000600000,9,100006000109000003,,,1,1100000000000001068,109
9011010000600000,43,100006000111000001,,,1,1100000000000001068,111
9011010000600000,9,100006000117000002,,,1,1100000000000001068,117
9011010000600000,43,100006000121000001,,,1,1100000000000001068,121
9011010000600000,86,100006000957000005,,,1,1100000000000001063,957
9011010000600000,79,100006000973000001,,,1,1100000000000001063,973
9011010000600000,66,100006000973000002,,,1,1100000000000001063,973
9011010000600000,67,100006000127000003,,,1,1100000000000001068,127
9011010000600000,9,100006000129000001,,,1,1100000000000001068,129
9011010000600000,13,100006000129000002,,,1,1100000000000001068,129
9011010000600000,45,100006000129000004,,,1,1100000000000001068,129
9011010000600000,67,100006000135000003,,,1,1100000000000001068,135
9011010000600000,13,100006000137000004,,,1,1100000000000001068,137
9011010000600000,45,100006000139000001,,,1,1100000000000001068,139
9011010000600000,67,100006000143000002,,,1,1100000000000001069,143
9011010000600000,9,100006000143000004,,,1,1100000000000001069,143
9011010000600000,67,100006000145000002,,,1,1100000000000001069,145
9011010000600000,67,100006000147000002,,,1,1100000000000001069,147
9011010000600000,9,100006000151000003,,,1,1100000000000001069,151
9011010000600000,45,100006000153000001,,,1,1100000000000001069,153
9011010000600000,52,100006000159000002,,,1,1100000000000001067,159
9011010000600000,16,100006000161000003,,,1,1100000000000001068,161
9011010000600000,19,100006000163000003,,,1,1100000000000001068,163
9011010000600000,76,100006000165000001,,,1,1100000000000001068,165
9011010000600000,85,100006000177000002,,,1,1100000000000001068,177
9011010000600000,16,100006000179000002,,,1,1100000000000001056,179
9011010000600000,76,100006000179000004,,,1,1100000000000001056,179
9011010000600000,76,100006000181000001,,,1,1100000000000001056,181
9011010000600000,16,100006000181000002,,,1,1100000000000001056,181
9011010000600000,52,100006000181000003,,,1,1100000000000001056,181
9011010000600000,50,100006000185000001,,,1,1100000000000001069,185
9011010000600000,98,100006000187000001,,,1,1100000000000001069,187
9011010000600000,79,100006000513000001,,,1,1100000000000001054,513
9011010000600000,66,100006000515000002,,,1,1100000000000001059,515
9011010000600000,81,100006000957000003,,,1,1100000000000001063,957
9011010000600000,3,100006000957000004,,,1,1100000000000001063,957
9011010000600000,79,100006000965000001,,,1,1100000000000001063,965
9011010000600000,7,100006000010000003,,,0,1100000000000001076,10
9011010000600000,23,100006000014000003,,,0,1100000000000001077,14
9011010000600000,26,100006000016000001,,,0,1100000000000001078,16
9011010000600000,86,100006000016000004,,,0,1100000000000001078,16
9011010000600000,23,100006000022000001,,,0,1100000000000001085,22
9011010000600000,3,100006000026000003,,,0,1100000000000001085,26
9011010000600000,26,100006000026000005,,,0,1100000000000001085,26
9011010000600000,26,100006000028000002,,,0,1100000000000001085,28
9011010000600000,87,100006000030000001,,,0,1100000000000001085,30
9011010000600000,23,100006000030000003,,,0,1100000000000001085,30
9011010000600000,3,100006000032000004,,,0,1100000000000001085,32
9011010000600000,66,100006000038000002,,,0,1100000000000001085,38
9011010000600000,81,100006000042000001,,,0,1100000000000001085,42
9011010000600000,86,100006000042000002,,,0,1100000000000001085,42
9011010000600000,20,100006000042000004,,,0,1100000000000001085,42
9011010000600000,7,100006000042000005,,,0,1100000000000001085,42
9011010000600000,81,100006000046000001,,,0,1100000000000001085,46
9011010000600000,26,100006000046000005,,,0,1100000000000001085,46
9011010000600000,66,100006000048000001,,,0,1100000000000001085,48
9011010000600000,79,100006000052000001,,,0,1100000000000001085,52
9011010000600000,7,100006000054000003,,,0,1100000000000001085,54
9011010000600000,26,100006000054000004,,,0,1100000000000001085,54
9011010000600000,26,100006000056000002,,,0,1100000000000001074,56
9011010000600000,7,100006000056000003,,,0,1100000000000001074,56
9011010000600000,20,100006000056000007,,,0,1100000000000001074,56
9011010000600000,87,100006000058000001,,,0,1100000000000001074,58
9011010000600000,23,100006000058000003,,,0,1100000000000001074,58
9011010000600000,57,100006000060000001,,,0,1100000000000001074,60
9011010000600000,3,100006000060000004,,,0,1100000000000001074,60
9011010000600000,3,100006000064000002,,,0,1100000000000001074,64
9011010000600000,28,100006000068000001,,,0,1100000000000001074,68
9011010000600000,23,100006000074000001,,,0,1100000000000001074,74
9011010000600000,66,100006000076000002,,,0,1100000000000001074,76
9011010000600000,81,100006000078000001,,,0,1100000000000001074,78
9011010000600000,3,100006000078000003,,,0,1100000000000001074,78
9011010000600000,26,100006000078000005,,,0,1100000000000001074,78
9011010000600000,57,100006000078000006,,,0,1100000000000001074,78
9011010000600000,26,100006000080000002,,,0,1100000000000001074,80
9011010000600000,66,100006000082000001,,,0,1100000000000001085,82
9011010000600000,87,100006000088000001,,,0,1100000000000001084,88
9011010000600000,5,100006000088000002,,,0,1100000000000001084,88
9011010000600000,79,100006000090000001,,,0,1100000000000001084,90
9011010000600000,86,100006000092000007,,,0,1100000000000001084,92
9011010000600000,5,100006000098000002,,,0,1100000000000001084,98
9011010000600000,66,100006000100000002,,,0,1100000000000001079,100
9011010000600000,86,100006000102000002,,,0,1100000000000001079,102
9011010000600000,8,100006000102000003,,,0,1100000000000001079,102
9011010000600000,7,100006000102000005,,,0,1100000000000001079,102
9011010000600000,57,100006000102000007,,,0,1100000000000001079,102
9011010000600000,79,100006000104000001,,,0,1100000000000001079,104
9011010000600000,66,100006000104000002,,,0,1100000000000001079,104
9011010000600000,3,100006000108000003,,,0,1100000000000001080,108
9011010000600000,81,100006000110000001,,,0,1100000000000001080,110
9011010000600000,81,100006000112000001,,,0,1100000000000001080,112
9011010000600000,45,100006000114000001,,,0,1100000000000001081,114
9011010000600000,67,100006000116000002,,,0,1100000000000001079,116
9011010000600000,67,100006000122000003,,,0,1100000000000001079,122
9011010000600000,13,100006000124000003,,,0,1100000000000001079,124
9011010000600000,13,100006000126000002,,,0,1100000000000001079,126
9011010000600000,67,100006000126000004,,,0,1100000000000001079,126
9011010000600000,9,100006000128000003,,,0,1100000000000001079,128
9011010000600000,43,100006000130000001,,,0,1100000000000001079,130
9011010000600000,9,100006000132000002,,,0,1100000000000001079,132
9011010000600000,67,100006000132000004,,,0,1100000000000001079,132
9011010000600000,45,100006000134000001,,,0,1100000000000001079,134
9011010000600000,9,100006000136000002,,,0,1100000000000001079,136
9011010000600000,43,100006000140000001,,,0,1100000000000001079,140
9011010000600000,13,100006000142000002,,,0,1100000000000001079,142
9011010000600000,13,100006000144000001,,,0,1100000000000001079,144
9011010000600000,45,100006000144000003,,,0,1100000000000001079,144
9011010000600000,67,100006000146000002,,,0,1100000000000001079,146
9011010000600000,67,100006000148000001,,,0,1100000000000001079,148
9011010000600000,45,100006000148000004,,,0,1100000000000001079,148
9011010000600000,43,100006000150000001,,,0,1100000000000001079,150
9011010000600000,9,100006000154000003,,,0,1100000000000001079,154
9011010000600000,13,100006000154000004,,,0,1100000000000001079,154
9011010000600000,9,100006000158000003,,,0,1100000000000001079,158
9011010000600000,13,100006000158000004,,,0,1100000000000001079,158
9011010000600000,13,100006000160000003,,,0,1100000000000001079,160
9011010000600000,67,100006000162000002,,,0,1100000000000001079,162
9011010000600000,13,100006000164000004,,,0,1100000000000001079,164
9011010000600000,67,100006000166000001,,,0,1100000000000001080,166
9011010000600000,13,100006000168000001,,,0,1100000000000001080,168
9011010000600000,67,100006000168000002,,,0,1100000000000001080,168
9011010000600000,9,100006000168000003,,,0,1100000000000001080,168
9011010000600000,13,100006000170000003,,,0,1100000000000001080,170
9011010000600000,13,100006000172000003,,,0,1100000000000001080,172
9011010000600000,66,100006000002000002,,,0,1100000000000001085,2
9011010000600000,81,100006000006000001,,,0,1100000000000001075,6
9011010000600000,86,100006000006000002,,,0,1100000000000001075,6
9011010000600000,26,100006000006000005,,,0,1100000000000001075,6
9011010000600000,26,100006000010000002,,,0,1100000000000001076,10
9011010000600000,87,100006000014000001,,,0,1100000000000001077,14
9011010000600000,5,100006000014000002,,,0,1100000000000001077,14
9011010000600000,57,100006000016000002,,,0,1100000000000001078,16
9011010000600000,7,100006000016000003,,,0,1100000000000001078,16
9011010000600000,81,100006000016000005,,,0,1100000000000001078,16
9011010000600000,5,100006000022000003,,,0,1100000000000001085,22
9011010000600000,86,100006000026000002,,,0,1100000000000001085,26
9011010000600000,57,100006000026000006,,,0,1100000000000001085,26
9011010000600000,7,100006000028000003,,,0,1100000000000001085,28
9011010000600000,66,100006000034000002,,,0,1100000000000001085,34
9011010000600000,28,100006000036000001,,,0,1100000000000001085,36
9011010000600000,81,100006000040000005,,,0,1100000000000001085,40
9011010000600000,23,100006000044000001,,,0,1100000000000001085,44
9011010000600000,5,100006000044000003,,,0,1100000000000001085,44
9011010000600000,86,100006000046000002,,,0,1100000000000001085,46
9011010000600000,66,100006000052000002,,,0,1100000000000001085,52
9011010000600000,57,100006000054000005,,,0,1100000000000001085,54
9011010000600000,81,100006000056000006,,,0,1100000000000001074,56
9011010000600000,26,100006000060000002,,,0,1100000000000001074,60
9011010000600000,81,100006000060000005,,,0,1100000000000001074,60
9011010000600000,66,100006000064000004,,,0,1100000000000001074,64
9011010000600000,79,100006000072000001,,,0,1100000000000001074,72
9011010000600000,66,100006000072000002,,,0,1100000000000001074,72
9011010000600000,79,100006000076000001,,,0,1100000000000001074,76
9011010000600000,7,100006000078000004,,,0,1100000000000001074,78
9011010000600000,3,100006000082000003,,,0,1100000000000001085,82
9011010000600000,26,100006000082000004,,,0,1100000000000001085,82
9011010000600000,28,100006000084000001,,,0,1100000000000001085,84
9011010000600000,26,100006000092000003,,,0,1100000000000001084,92
9011010000600000,3,100006000094000002,,,0,1100000000000001084,94
9011010000600000,66,100006000096000002,,,0,1100000000000001084,96
9011010000600000,87,100006000098000001,,,0,1100000000000001084,98
9011010000600000,81,100006000102000001,,,0,1100000000000001079,102
9011010000600000,26,100006000108000001,,,0,1100000000000001080,108
9011010000600000,26,100006000110000003,,,0,1100000000000001080,110
9011010000600000,67,100006000114000002,,,0,1100000000000001081,114
9011010000600000,9,100006000114000003,,,0,1100000000000001081,114
9011010000600000,9,100006000116000003,,,0,1100000000000001079,116
9011010000600000,45,100006000118000002,,,0,1100000000000001079,118
9011010000600000,67,100006000118000003,,,0,1100000000000001079,118
9011010000600000,9,100006000120000002,,,0,1100000000000001079,120
9011010000600000,47,100006000120000003,,,0,1100000000000001079,120
9011010000600000,13,100006000122000001,,,0,1100000000000001079,122
9011010000600000,9,100006000126000001,,,0,1100000000000001079,126
9011010000600000,45,100006000128000001,,,0,1100000000000001079,128
9011010000600000,3,100006000006000003,,,0,1100000000000001075,6
9011010000600000,20,100006000010000007,,,0,1100000000000001076,10
9011010000600000,3,100006000016000006,,,0,1100000000000001078,16
9011010000600000,28,100006000020000001,,,0,1100000000000001085,20
9011010000600000,87,100006000022000002,,,0,1100000000000001085,22
9011010000600000,7,100006000026000004,,,0,1100000000000001085,26
9011010000600000,81,100006000028000006,,,0,1100000000000001085,28
9011010000600000,20,100006000028000007,,,0,1100000000000001085,28
9011010000600000,5,100006000030000002,,,0,1100000000000001085,30
9011010000600000,26,100006000032000002,,,0,1100000000000001085,32
9011010000600000,86,100006000032000003,,,0,1100000000000001085,32
9011010000600000,79,100006000038000001,,,0,1100000000000001085,38
9011010000600000,67,100006000128000002,,,0,1100000000000001079,128
9011010000600000,45,100006000132000003,,,0,1100000000000001079,132
9011010000600000,67,100006000136000001,,,0,1100000000000001079,136
9011010000600000,13,100006000136000003,,,0,1100000000000001079,136
9011010000600000,45,100006000136000004,,,0,1100000000000001079,136
9011010000600000,67,100006000138000002,,,0,1100000000000001079,138
9011010000600000,9,100006000138000003,,,0,1100000000000001079,138
9011010000600000,13,100006000138000004,,,0,1100000000000001079,138
9011010000600000,9,100006000142000004,,,0,1100000000000001079,142
9011010000600000,45,100006000146000001,,,0,1100000000000001079,146
9011010000600000,13,100006000146000004,,,0,1100000000000001079,146
9011010000600000,9,100006000148000002,,,0,1100000000000001079,148
9011010000600000,67,100006000152000002,,,0,1100000000000001079,152
9011010000600000,45,100006000154000001,,,0,1100000000000001079,154
9011010000600000,13,100006000156000001,,,0,1100000000000001079,156
9011010000600000,9,100006000156000002,,,0,1100000000000001079,156
9011010000600000,45,100006000156000003,,,0,1100000000000001079,156
9011010000600000,67,100006000158000002,,,0,1100000000000001079,158
9011010000600000,47,100006000160000001,,,0,1100000000000001079,160
9011010000600000,9,100006000160000002,,,0,1100000000000001079,160
9011010000600000,9,100006000162000003,,,0,1100000000000001079,162
9011010000600000,67,100006000164000002,,,0,1100000000000001079,164
9011010000600000,9,100006000166000002,,,0,1100000000000001080,166
9011010000600000,13,100006000166000003,,,0,1100000000000001080,166
9011010000600000,67,100006000170000001,,,0,1100000000000001080,170
9011010000600000,9,100006000170000002,,,0,1100000000000001080,170
9011010000600000,9,100006000172000002,,,0,1100000000000001080,172
9011010000600000,16,100006000174000001,,,0,1100000000000001079,174
9011010000600000,76,100006000174000002,,,0,1100000000000001079,174
9011010000600000,52,100006000178000003,,,0,1100000000000001082,178
9011010000600000,76,100006000182000001,,,0,1100000000000001082,182
9011010000600000,16,100006000182000002,,,0,1100000000000001082,182
9011010000600000,78,100006000182000003,,,0,1100000000000001082,182
9011010000600000,16,100006000188000005,,,0,1100000000000001082,188
9011010000600000,77,100006000190000001,,,0,1100000000000001082,190
9011010000600000,19,100006000190000002,,,0,1100000000000001082,190
9011010000600000,50,100006000192000001,,,0,1100000000000001082,192
9011010000600000,84,100006000194000002,,,0,1100000000000001082,194
9011010000600000,76,100006000198000001,,,0,1100000000000001082,198
9011010000600000,51,100006000198000004,,,0,1100000000000001082,198
9011010000600000,52,100006000200000001,,,0,1100000000000001079,200
9011010000600000,76,100006000202000001,,,0,1100000000000001079,202
9011010000600000,16,100006000202000002,,,0,1100000000000001079,202
9011010000600000,52,100006000202000003,,,0,1100000000000001079,202
9011010000600000,76,100006000208000001,,,0,1100000000000001080,208
9011010000600000,16,100006000208000002,,,0,1100000000000001080,208
9011010000600000,16,100006000212000002,,,0,1100000000000001080,212
9011010000600000,87,100006000504000001,,,0,1100000000000001073,504
9011010000600000,81,100006000508000001,,,0,1100000000000001072,508
9011010000600000,79,100006000512000002,,,0,1100000000000001071,512
9011010000600000,57,100006000566000001,,,0,1100000000000001053,566
9011010000600000,20,100006000566000004,,,0,1100000000000001053,566
9011010000600000,86,100006000570000002,,,0,1100000000000001053,570
9011010000600000,3,100006000570000003,,,0,1100000000000001053,570
9011010000600000,26,100006000570000005,,,0,1100000000000001053,570
9011010000600000,57,100006000040000001,,,0,1100000000000001085,40
9011010000600000,26,100006000040000002,,,0,1100000000000001085,40
9011010000600000,3,100006000040000003,,,0,1100000000000001085,40
9011010000600000,86,100006000040000004,,,0,1100000000000001085,40
9011010000600000,7,100006000040000006,,,0,1100000000000001085,40
9011010000600000,57,100006000042000007,,,0,1100000000000001085,42
9011010000600000,87,100006000044000002,,,0,1100000000000001085,44
9011010000600000,7,100006000046000004,,,0,1100000000000001085,46
9011010000600000,57,100006000046000006,,,0,1100000000000001085,46
9011010000600000,79,100006000048000002,,,0,1100000000000001085,48
9011010000600000,86,100006000054000001,,,0,1100000000000001085,54
9011010000600000,8,100006000056000004,,,0,1100000000000001074,56
9011010000600000,86,100006000056000005,,,0,1100000000000001074,56
9011010000600000,7,100006000060000006,,,0,1100000000000001074,60
9011010000600000,26,100006000064000003,,,0,1100000000000001074,64
9011010000600000,87,100006000074000003,,,0,1100000000000001074,74
9011010000600000,57,100006000080000001,,,0,1100000000000001074,80
9011010000600000,7,100006000080000003,,,0,1100000000000001074,80
9011010000600000,81,100006000080000005,,,0,1100000000000001074,80
9011010000600000,79,100006000086000001,,,0,1100000000000001085,86
9011010000600000,66,100006000086000002,,,0,1100000000000001085,86
9011010000600000,52,100006000174000003,,,0,1100000000000001079,174
9011010000600000,16,100006000178000002,,,0,1100000000000001082,178
9011010000600000,51,100006000182000004,,,0,1100000000000001082,182
9011010000600000,50,100006000184000001,,,0,1100000000000001082,184
9011010000600000,16,100006000186000002,,,0,1100000000000001082,186
9011010000600000,53,100006000188000003,,,0,1100000000000001082,188
9011010000600000,85,100006000194000004,,,0,1100000000000001082,194
9011010000600000,78,100006000198000003,,,0,1100000000000001082,198
9011010000600000,50,100006000206000001,,,0,1100000000000001080,206
9011010000600000,23,100006000504000003,,,0,1100000000000001073,504
9011010000600000,86,100006000508000002,,,0,1100000000000001072,508
9011010000600000,32,100006000524000002,,,0,1100000000000001073,524
9011010000600000,86,100006000562000002,,,0,1100000000000001053,562
9011010000600000,57,100006000562000006,,,0,1100000000000001053,562
9011010000600000,7,100006000566000003,,,0,1100000000000001053,566
9011010000600000,81,100006000566000006,,,0,1100000000000001053,566
9011010000600000,8,100006000566000007,,,0,1100000000000001053,566
9011010000600000,81,100006000570000001,,,0,1100000000000001053,570
9011010000600000,57,100006000570000006,,,0,1100000000000001053,570
9011010000600000,23,100006000088000003,,,0,1100000000000001084,88
9011010000600000,81,100006000092000005,,,0,1100000000000001084,92
9011010000600000,26,100006000094000003,,,0,1100000000000001084,94
9011010000600000,66,100006000094000004,,,0,1100000000000001084,94
9011010000600000,79,100006000096000001,,,0,1100000000000001084,96
9011010000600000,23,100006000098000003,,,0,1100000000000001084,98
9011010000600000,20,100006000102000004,,,0,1100000000000001079,102
9011010000600000,66,100006000106000002,,,0,1100000000000001080,106
9011010000600000,81,100006000108000002,,,0,1100000000000001080,108
9011010000600000,3,100006000110000002,,,0,1100000000000001080,110
9011010000600000,3,100006000112000002,,,0,1100000000000001080,112
9011010000600000,13,100006000114000004,,,0,1100000000000001081,114
9011010000600000,45,100006000116000001,,,0,1100000000000001079,116
9011010000600000,13,100006000118000001,,,0,1100000000000001079,118
9011010000600000,9,100006000118000004,,,0,1100000000000001079,118
9011010000600000,13,100006000120000001,,,0,1100000000000001079,120
9011010000600000,45,100006000122000002,,,0,1100000000000001079,122
9011010000600000,67,100006000124000001,,,0,1100000000000001079,124
9011010000600000,45,100006000124000004,,,0,1100000000000001079,124
9011010000600000,13,100006000128000004,,,0,1100000000000001079,128
9011010000600000,9,100006000134000003,,,0,1100000000000001079,134
9011010000600000,45,100006000142000003,,,0,1100000000000001079,142
9011010000600000,67,100006000144000004,,,0,1100000000000001079,144
9011010000600000,13,100006000148000003,,,0,1100000000000001079,148
9011010000600000,45,100006000152000001,,,0,1100000000000001079,152
9011010000600000,13,100006000152000004,,,0,1100000000000001079,152
9011010000600000,13,100006000162000004,,,0,1100000000000001079,162
9011010000600000,67,100006000172000001,,,0,1100000000000001080,172
9011010000600000,76,100006000178000001,,,0,1100000000000001082,178
9011010000600000,19,100006000180000003,,,0,1100000000000001082,180
9011010000600000,52,100006000186000003,,,0,1100000000000001082,186
9011010000600000,51,100006000188000002,,,0,1100000000000001082,188
9011010000600000,76,100006000188000004,,,0,1100000000000001082,188
9011010000600000,76,100006000194000003,,,0,1100000000000001082,194
9011010000600000,16,100006000196000002,,,0,1100000000000001082,196
9011010000600000,16,100006000198000002,,,0,1100000000000001082,198
9011010000600000,16,100006000200000003,,,0,1100000000000001079,200
9011010000600000,50,100006000204000001,,,0,1100000000000001083,204
9011010000600000,5,100006000504000002,,,0,1100000000000001073,504
9011010000600000,3,100006000508000003,,,0,1100000000000001072,508
9011010000600000,7,100006000508000004,,,0,1100000000000001072,508
9011010000600000,80,100006000524000001,,,0,1100000000000001073,524
9011010000600000,81,100006000562000001,,,0,1100000000000001053,562
9011010000600000,3,100006000562000003,,,0,1100000000000001053,562
9011010000600000,7,100006000562000004,,,0,1100000000000001053,562
9011010000600000,26,100006000562000005,,,0,1100000000000001053,562
9011010000600000,26,100006000566000002,,,0,1100000000000001053,566
9011010000600000,86,100006000566000005,,,0,1100000000000001053,566
9011010000600000,7,100006000570000004,,,0,1100000000000001053,570
9011010000600000,79,100006000002000001,,,0,1100000000000001085,2
9011010000600000,7,100006000006000004,,,0,1100000000000001075,6
9011010000600000,57,100006000006000006,,,0,1100000000000001075,6
9011010000600000,57,100006000010000001,,,0,1100000000000001076,10
9011010000600000,8,100006000010000004,,,0,1100000000000001076,10
9011010000600000,86,100006000010000005,,,0,1100000000000001076,10
9011010000600000,81,100006000010000006,,,0,1100000000000001076,10
9011010000600000,79,100006000018000001,,,0,1100000000000001085,18
9011010000600000,66,100006000018000002,,,0,1100000000000001085,18
9011010000600000,81,100006000026000001,,,0,1100000000000001085,26
9011010000600000,57,100006000028000001,,,0,1100000000000001085,28
9011010000600000,8,100006000028000004,,,0,1100000000000001085,28
9011010000600000,86,100006000028000005,,,0,1100000000000001085,28
9011010000600000,57,100006000032000001,,,0,1100000000000001085,32
9011010000600000,81,100006000032000005,,,0,1100000000000001085,32
9011010000600000,7,100006000032000006,,,0,1100000000000001085,32
9011010000600000,79,100006000034000001,,,0,1100000000000001085,34
9011010000600000,8,100006000042000003,,,0,1100000000000001085,42
9011010000600000,26,100006000042000006,,,0,1100000000000001085,42
9011010000600000,3,100006000046000003,,,0,1100000000000001085,46
9011010000600000,28,100006000050000001,,,0,1100000000000001085,50
9011010000600000,3,100006000054000002,,,0,1100000000000001085,54
9011010000600000,81,100006000054000006,,,0,1100000000000001085,54
9011010000600000,57,100006000056000001,,,0,1100000000000001074,56
9011010000600000,5,100006000058000002,,,0,1100000000000001074,58
9011010000600000,86,100006000060000003,,,0,1100000000000001074,60
9011010000600000,81,100006000064000001,,,0,1100000000000001074,64
9011010000600000,5,100006000074000002,,,0,1100000000000001074,74
9011010000600000,86,100006000078000002,,,0,1100000000000001074,78
9011010000600000,86,100006000080000004,,,0,1100000000000001074,80
9011010000600000,3,100006000080000006,,,0,1100000000000001074,80
9011010000600000,81,100006000082000002,,,0,1100000000000001085,82
9011010000600000,66,100006000090000002,,,0,1100000000000001084,90
9011010000600000,57,100006000092000001,,,0,1100000000000001084,92
9011010000600000,20,100006000092000002,,,0,1100000000000001084,92
9011010000600000,7,100006000092000004,,,0,1100000000000001084,92
9011010000600000,8,100006000092000006,,,0,1100000000000001084,92
9011010000600000,81,100006000094000001,,,0,1100000000000001084,94
9011010000600000,79,100006000100000001,,,0,1100000000000001079,100
9011010000600000,26,100006000102000006,,,0,1100000000000001079,102
9011010000600000,79,100006000106000001,,,0,1100000000000001080,106
9011010000600000,26,100006000112000003,,,0,1100000000000001080,112
9011010000600000,13,100006000116000004,,,0,1100000000000001079,116
9011010000600000,9,100006000122000004,,,0,1100000000000001079,122
9011010000600000,9,100006000124000002,,,0,1100000000000001079,124
9011010000600000,45,100006000126000003,,,0,1100000000000001079,126
9011010000600000,13,100006000132000001,,,0,1100000000000001079,132
9011010000600000,67,100006000134000002,,,0,1100000000000001079,134
9011010000600000,13,100006000134000004,,,0,1100000000000001079,134
9011010000600000,45,100006000138000001,,,0,1100000000000001079,138
9011010000600000,67,100006000142000001,,,0,1100000000000001079,142
9011010000600000,9,100006000144000002,,,0,1100000000000001079,144
9011010000600000,9,100006000146000003,,,0,1100000000000001079,146
9011010000600000,9,100006000152000003,,,0,1100000000000001079,152
9011010000600000,67,100006000154000002,,,0,1100000000000001079,154
9011010000600000,67,100006000156000004,,,0,1100000000000001079,156
9011010000600000,45,100006000158000001,,,0,1100000000000001079,158
9011010000600000,45,100006000162000001,,,0,1100000000000001079,162
9011010000600000,45,100006000164000001,,,0,1100000000000001079,164
9011010000600000,9,100006000164000003,,,0,1100000000000001079,164
9011010000600000,52,100006000176000001,,,0,1100000000000001079,176
9011010000600000,50,100006000176000002,,,0,1100000000000001079,176
9011010000600000,51,100006000180000001,,,0,1100000000000001082,180
9011010000600000,77,100006000180000002,,,0,1100000000000001082,180
9011010000600000,52,100006000184000002,,,0,1100000000000001082,184
9011010000600000,76,100006000186000001,,,0,1100000000000001082,186
9011010000600000,18,100006000188000001,,,0,1100000000000001082,188
9011010000600000,51,100006000190000003,,,0,1100000000000001082,190
9011010000600000,52,100006000192000002,,,0,1100000000000001082,192
9011010000600000,16,100006000194000001,,,0,1100000000000001082,194
9011010000600000,76,100006000196000001,,,0,1100000000000001082,196
9011010000600000,52,100006000196000003,,,0,1100000000000001082,196
9011010000600000,76,100006000200000002,,,0,1100000000000001079,200
9011010000600000,52,100006000204000002,,,0,1100000000000001083,204
9011010000600000,16,100006000210000001,,,0,1100000000000001080,210
9011010000600000,76,100006000210000002,,,0,1100000000000001080,210
9011010000600000,76,100006000212000001,,,0,1100000000000001080,212
9011010000600000,57,100006000508000005,,,0,1100000000000001072,508
9011010000600000,26,100006000508000006,,,0,1100000000000001072,508
9011010000600000,66,100006000512000001,,,0,1100000000000001071,512
9011010000700000,99,100007000021000001,,,1,1100000000000001086,21
9011010000700000,80,100007000023000001,,,1,1100000000000001086,23
9011010000700000,32,100007000023000002,,,1,1100000000000001086,23
9011010000700000,6,100007000023000003,,,1,1100000000000001086,23
9011010000700000,80,100007000029000001,,,1,1100000000000001086,29
9011010000700000,80,100007000033000002,,,1,1100000000000001086,33
9011010000700000,80,100007000037000001,,,1,1100000000000001086,37
9011010000700000,99,100007000041000001,,,1,1100000000000001086,41
9011010000700000,80,100007000045000002,,,1,1100000000000001086,45
9011010000700000,80,100007000047000001,,,1,1100000000000001086,47
9011010000700000,6,100007000047000002,,,1,1100000000000001086,47
9011010000700000,80,100007000055000002,,,1,1100000000000001086,55
9011010000700000,80,100007000057000001,,,1,1100000000000001086,57
9011010000700000,99,100007000059000002,,,1,1100000000000001086,59
9011010000700000,100,100007000061000001,,,1,1100000000000001087,61
9011010000700000,100,100007000063000001,,,1,1100000000000001087,63
9011010000700000,101,100007000063000002,,,1,1100000000000001087,63
9011010000700000,13,100007000065000003,,,1,1100000000000001087,65
9011010000700000,21,100007000065000004,,,1,1100000000000001087,65
9011010000700000,101,100007000067000002,,,1,1100000000000001087,67
9011010000700000,13,100007000069000003,,,1,1100000000000001087,69
9011010000700000,100,100007000071000002,,,1,1100000000000001087,71
9011010000700000,13,100007000073000001,,,1,1100000000000001087,73
9011010000700000,100,100007000075000001,,,1,1100000000000001087,75
9011010000700000,101,100007000075000002,,,1,1100000000000001087,75
9011010000700000,21,100007000081000004,,,1,1100000000000001087,81
9011010000700000,101,100007000083000002,,,1,1100000000000001087,83
9011010000700000,32,100007000001000001,,,1,1100000000000001086,1
9011010000700000,6,100007000001000002,,,1,1100000000000001086,1
9011010000700000,99,100007000007000001,,,1,1100000000000001086,7
9011010000700000,80,100007000007000002,,,1,1100000000000001086,7
9011010000700000,99,100007000013000001,,,1,1100000000000001086,13
9011010000700000,80,100007000013000002,,,1,1100000000000001086,13
9011010000700000,32,100007000019000001,,,1,1100000000000001086,19
9011010000700000,6,100007000019000002,,,1,1100000000000001086,19
9011010000700000,80,100007000019000003,,,1,1100000000000001086,19
9011010000700000,80,100007000021000002,,,1,1100000000000001086,21
9011010000700000,47,100007000085000001,,,1,1100000000000001087,85
9011010000700000,21,100007000085000002,,,1,1100000000000001087,85
9011010000700000,13,100007000085000004,,,1,1100000000000001087,85
9011010000700000,13,100007000089000001,,,1,1100000000000001087,89
9011010000700000,47,100007000089000002,,,1,1100000000000001087,89
9011010000700000,100,100007000095000001,,,1,1100000000000001087,95
9011010000700000,101,100007000099000002,,,1,1100000000000001087,99
9011010000700000,101,100007000101000002,,,1,1100000000000001087,101
9011010000700000,15,100007000111000001,,,1,1100000000000001087,111
9011010000700000,102,100007000111000003,,,1,1100000000000001087,111
9011010000700000,103,100007000113000003,,,1,1100000000000001087,113
9011010000700000,102,100007000117000002,,,1,1100000000000001087,117
9011010000700000,15,100007000121000002,,,1,1100000000000001087,121
9011010000700000,102,100007000123000001,,,1,1100000000000001087,123
9011010000700000,102,100007000127000001,,,1,1100000000000001087,127
9011010000700000,103,100007000129000003,,,1,1100000000000001087,129
9011010000700000,103,100007000131000001,,,1,1100000000000001087,131
9011010000700000,102,100007000131000002,,,1,1100000000000001087,131
9011010000700000,16,100007000133000003,,,1,1100000000000001087,133
9011010000700000,15,100007000133000005,,,1,1100000000000001087,133
9011010000700000,84,100007000133000006,,,1,1100000000000001087,133
9011010000700000,99,100007000029000002,,,1,1100000000000001086,29
9011010000700000,32,100007000035000001,,,1,1100000000000001086,35
9011010000700000,6,100007000035000002,,,1,1100000000000001086,35
9011010000700000,99,100007000037000002,,,1,1100000000000001086,37
9011010000700000,32,100007000039000002,,,1,1100000000000001086,39
9011010000700000,32,100007000043000001,,,1,1100000000000001086,43
9011010000700000,99,100007000049000001,,,1,1100000000000001086,49
9011010000700000,32,100007000051000001,,,1,1100000000000001086,51
9011010000700000,99,100007000053000001,,,1,1100000000000001086,53
9011010000700000,80,100007000053000002,,,1,1100000000000001086,53
9011010000700000,101,100007000061000002,,,1,1100000000000001087,61
9011010000700000,100,100007000067000001,,,1,1100000000000001087,67
9011010000700000,22,100007000069000002,,,1,1100000000000001087,69
9011010000700000,47,100007000077000001,,,1,1100000000000001087,77
9011010000700000,21,100007000077000002,,,1,1100000000000001087,77
9011010000700000,22,100007000077000003,,,1,1100000000000001087,77
9011010000700000,13,100007000077000004,,,1,1100000000000001087,77
9011010000700000,22,100007000081000001,,,1,1100000000000001087,81
9011010000700000,13,100007000081000002,,,1,1100000000000001087,81
9011010000700000,47,100007000081000003,,,1,1100000000000001087,81
9011010000700000,100,100007000087000001,,,1,1100000000000001087,87
9011010000700000,13,100007000093000001,,,1,1100000000000001087,93
9011010000700000,47,100007000093000004,,,1,1100000000000001087,93
9011010000700000,101,100007000095000002,,,1,1100000000000001087,95
9011010000700000,100,100007000101000001,,,1,1100000000000001087,101
9011010000700000,101,100007000103000002,,,1,1100000000000001087,103
9011010000700000,102,100007000107000002,,,1,1100000000000001087,107
9011010000700000,15,100007000113000002,,,1,1100000000000001087,113
9011010000700000,103,100007000117000001,,,1,1100000000000001087,117
9011010000700000,15,100007000119000002,,,1,1100000000000001087,119
9011010000700000,102,100007000121000001,,,1,1100000000000001087,121
9011010000700000,15,100007000123000002,,,1,1100000000000001087,123
9011010000700000,103,100007000123000003,,,1,1100000000000001087,123
9011010000700000,102,100007000125000002,,,1,1100000000000001087,125
9011010000700000,15,100007000127000002,,,1,1100000000000001087,127
9011010000700000,15,100007000129000002,,,1,1100000000000001087,129
9011010000700000,80,100007000001000003,,,1,1100000000000001086,1
9011010000700000,99,100007000009000001,,,1,1100000000000001086,9
9011010000700000,32,100007000015000001,,,1,1100000000000001086,15
9011010000700000,6,100007000015000002,,,1,1100000000000001086,15
9011010000700000,80,100007000017000002,,,1,1100000000000001086,17
9011010000700000,32,100007000027000001,,,1,1100000000000001086,27
9011010000700000,6,100007000027000002,,,1,1100000000000001086,27
9011010000700000,80,100007000027000003,,,1,1100000000000001086,27
9011010000700000,32,100007000031000002,,,1,1100000000000001086,31
9011010000700000,6,100007000031000003,,,1,1100000000000001086,31
9011010000700000,80,100007000039000001,,,1,1100000000000001086,39
9011010000700000,80,100007000041000002,,,1,1100000000000001086,41
9011010000700000,80,100007000043000003,,,1,1100000000000001086,43
9011010000700000,99,100007000057000002,,,1,1100000000000001086,57
9011010000700000,47,100007000065000001,,,1,1100000000000001087,65
9011010000700000,22,100007000065000002,,,1,1100000000000001087,65
9011010000700000,21,100007000069000001,,,1,1100000000000001087,69
9011010000700000,47,100007000069000004,,,1,1100000000000001087,69
9011010000700000,21,100007000073000004,,,1,1100000000000001087,73
9011010000700000,100,100007000083000001,,,1,1100000000000001087,83
9011010000700000,101,100007000087000002,,,1,1100000000000001087,87
9011010000700000,21,100007000089000003,,,1,1100000000000001087,89
9011010000700000,21,100007000093000002,,,1,1100000000000001087,93
9011010000700000,22,100007000093000003,,,1,1100000000000001087,93
9011010000700000,100,100007000099000001,,,1,1100000000000001087,99
9011010000700000,100,100007000105000001,,,1,1100000000000001087,105
9011010000700000,103,100007000109000003,,,1,1100000000000001087,109
9011010000700000,102,100007000115000001,,,1,1100000000000001087,115
9011010000700000,15,100007000115000002,,,1,1100000000000001087,115
9011010000700000,103,100007000119000001,,,1,1100000000000001087,119
9011010000700000,102,100007000119000003,,,1,1100000000000001087,119
9011010000700000,15,100007000131000003,,,1,1100000000000001087,131
9011010000700000,32,100007000005000001,,,1,1100000000000001086,5
9011010000700000,6,100007000005000002,,,1,1100000000000001086,5
9011010000700000,80,100007000005000003,,,1,1100000000000001086,5
9011010000700000,80,100007000009000002,,,1,1100000000000001086,9
9011010000700000,80,100007000015000003,,,1,1100000000000001086,15
9011010000700000,99,100007000017000001,,,1,1100000000000001086,17
9011010000700000,99,100007000025000001,,,1,1100000000000001086,25
9011010000700000,80,100007000025000002,,,1,1100000000000001086,25
9011010000700000,80,100007000031000001,,,1,1100000000000001086,31
9011010000700000,99,100007000033000001,,,1,1100000000000001086,33
9011010000700000,80,100007000035000003,,,1,1100000000000001086,35
9011010000700000,6,100007000039000003,,,1,1100000000000001086,39
9011010000700000,6,100007000043000002,,,1,1100000000000001086,43
9011010000700000,99,100007000045000001,,,1,1100000000000001086,45
9011010000700000,32,100007000047000003,,,1,1100000000000001086,47
9011010000700000,80,100007000049000002,,,1,1100000000000001086,49
9011010000700000,6,100007000051000002,,,1,1100000000000001086,51
9011010000700000,80,100007000051000003,,,1,1100000000000001086,51
9011010000700000,99,100007000055000001,,,1,1100000000000001086,55
9011010000700000,80,100007000059000001,,,1,1100000000000001086,59
9011010000700000,101,100007000071000001,,,1,1100000000000001087,71
9011010000700000,22,100007000073000002,,,1,1100000000000001087,73
9011010000700000,47,100007000073000003,,,1,1100000000000001087,73
9011010000700000,100,100007000079000001,,,1,1100000000000001087,79
9011010000700000,101,100007000079000002,,,1,1100000000000001087,79
9011010000700000,22,100007000085000003,,,1,1100000000000001087,85
9011010000700000,22,100007000089000004,,,1,1100000000000001087,89
9011010000700000,100,100007000091000001,,,1,1100000000000001087,91
9011010000700000,101,100007000091000002,,,1,1100000000000001087,91
9011010000700000,100,100007000097000001,,,1,1100000000000001087,97
9011010000700000,101,100007000097000002,,,1,1100000000000001087,97
9011010000700000,100,100007000103000001,,,1,1100000000000001087,103
9011010000700000,101,100007000105000002,,,1,1100000000000001087,105
9011010000700000,103,100007000107000001,,,1,1100000000000001087,107
9011010000700000,15,100007000107000003,,,1,1100000000000001087,107
9011010000700000,102,100007000109000001,,,1,1100000000000001087,109
9011010000700000,15,100007000109000002,,,1,1100000000000001087,109
9011010000700000,103,100007000111000002,,,1,1100000000000001087,111
9011010000700000,102,100007000113000001,,,1,1100000000000001087,113
9011010000700000,103,100007000115000003,,,1,1100000000000001087,115
9011010000700000,15,100007000117000003,,,1,1100000000000001087,117
9011010000700000,103,100007000121000003,,,1,1100000000000001087,121
9011010000700000,103,100007000125000001,,,1,1100000000000001087,125
9011010000700000,15,100007000125000003,,,1,1100000000000001087,125
9011010000700000,103,100007000127000003,,,1,1100000000000001087,127
9011010000700000,102,100007000129000001,,,1,1100000000000001087,129
9011010000700000,76,100007000133000001,,,1,1100000000000001087,133
9011010000700000,85,100007000133000002,,,1,1100000000000001087,133
9011010000700000,17,100007000133000004,,,1,1100000000000001087,133
9011010000700000,6,100007000004000002,,,0,1100000000000001088,4
9011010000700000,99,100007000008000001,,,0,1100000000000001088,8
9011010000700000,99,100007000012000001,,,0,1100000000000001088,12
9011010000700000,6,100007000014000003,,,0,1100000000000001088,14
9011010000700000,99,100007000016000001,,,0,1100000000000001088,16
9011010000700000,80,100007000016000002,,,0,1100000000000001088,16
9011010000700000,99,100007000028000001,,,0,1100000000000001088,28
9011010000700000,80,100007000032000002,,,0,1100000000000001088,32
9011010000700000,32,100007000034000001,,,0,1100000000000001088,34
9011010000700000,80,100007000034000003,,,0,1100000000000001088,34
9011010000700000,32,100007000042000001,,,0,1100000000000001088,42
9011010000700000,6,100007000046000002,,,0,1100000000000001088,46
9011010000700000,80,100007000058000001,,,0,1100000000000001088,58
9011010000700000,100,100007000066000001,,,0,1100000000000001088,66
9011010000700000,13,100007000068000003,,,0,1100000000000001088,68
9011010000700000,101,100007000074000001,,,0,1100000000000001088,74
9011010000700000,100,100007000074000002,,,0,1100000000000001088,74
9011010000700000,101,100007000078000002,,,0,1100000000000001088,78
9011010000700000,47,100007000084000003,,,0,1100000000000001088,84
9011010000700000,21,100007000084000004,,,0,1100000000000001088,84
9011010000700000,80,100007000018000003,,,0,1100000000000001088,18
9011010000700000,80,100007000020000002,,,0,1100000000000001088,20
9011010000700000,80,100007000022000001,,,0,1100000000000001088,22
9011010000700000,32,100007000022000002,,,0,1100000000000001088,22
9011010000700000,100,100007000086000001,,,0,1100000000000001088,86
9011010000700000,47,100007000088000002,,,0,1100000000000001088,88
9011010000700000,22,100007000088000004,,,0,1100000000000001088,88
9011010000700000,13,100007000092000004,,,0,1100000000000001088,92
9011010000700000,100,100007000094000001,,,0,1100000000000001088,94
9011010000700000,101,100007000094000002,,,0,1100000000000001088,94
9011010000700000,21,100007000096000004,,,0,1100000000000001088,96
9011010000700000,101,100007000098000002,,,0,1100000000000001088,98
9011010000700000,101,100007000100000002,,,0,1100000000000001088,100
9011010000700000,100,100007000106000001,,,0,1100000000000001088,106
9011010000700000,103,100007000110000003,,,0,1100000000000001088,110
9011010000700000,102,100007000112000001,,,0,1100000000000001088,112
9011010000700000,102,100007000116000002,,,0,1100000000000001088,116
9011010000700000,102,100007000128000001,,,0,1100000000000001088,128
9011010000700000,102,100007000132000001,,,0,1100000000000001088,132
9011010000700000,103,100007000134000003,,,0,1100000000000001088,134
9011010000700000,15,100007000136000005,,,0,1100000000000001088,136
9011010000700000,6,100007000022000003,,,0,1100000000000001088,22
9011010000700000,80,100007000024000002,,,0,1100000000000001088,24
9011010000700000,6,100007000026000002,,,0,1100000000000001088,26
9011010000700000,32,100007000030000002,,,0,1100000000000001088,30
9011010000700000,99,100007000036000001,,,0,1100000000000001088,36
9011010000700000,80,100007000036000002,,,0,1100000000000001088,36
9011010000700000,32,100007000038000001,,,0,1100000000000001088,38
9011010000700000,6,100007000038000002,,,0,1100000000000001088,38
9011010000700000,99,100007000044000001,,,0,1100000000000001088,44
9011010000700000,80,100007000044000002,,,0,1100000000000001088,44
9011010000700000,32,100007000046000001,,,0,1100000000000001088,46
9011010000700000,80,100007000046000003,,,0,1100000000000001088,46
9011010000700000,80,100007000048000001,,,0,1100000000000001088,48
9011010000700000,99,100007000048000002,,,0,1100000000000001088,48
9011010000700000,80,100007000052000002,,,0,1100000000000001088,52
9011010000700000,80,100007000054000002,,,0,1100000000000001088,54
9011010000700000,99,100007000056000001,,,0,1100000000000001088,56
9011010000700000,101,100007000062000001,,,0,1100000000000001088,62
9011010000700000,100,100007000062000002,,,0,1100000000000001088,62
9011010000700000,100,100007000064000001,,,0,1100000000000001088,64
9011010000700000,21,100007000072000001,,,0,1100000000000001088,72
9011010000700000,47,100007000080000001,,,0,1100000000000001088,80
9011010000700000,21,100007000080000002,,,0,1100000000000001088,80
9011010000700000,100,100007000090000002,,,0,1100000000000001088,90
9011010000700000,13,100007000096000001,,,0,1100000000000001088,96
9011010000700000,100,100007000100000001,,,0,1100000000000001088,100
9011010000700000,100,100007000104000001,,,0,1100000000000001088,104
9011010000700000,101,100007000106000002,,,0,1100000000000001088,106
9011010000700000,15,100007000116000003,,,0,1100000000000001088,116
9011010000700000,15,100007000118000002,,,0,1100000000000001088,118
9011010000700000,103,100007000118000003,,,0,1100000000000001088,118
9011010000700000,103,100007000122000001,,,0,1100000000000001088,122
9011010000700000,102,100007000122000002,,,0,1100000000000001088,122
9011010000700000,102,100007000124000001,,,0,1100000000000001088,124
9011010000700000,102,100007000126000001,,,0,1100000000000001088,126
9011010000700000,103,100007000126000003,,,0,1100000000000001088,126
9011010000700000,103,100007000132000003,,,0,1100000000000001088,132
9011010000700000,15,100007000134000001,,,0,1100000000000001088,134
9011010000700000,32,100007000004000001,,,0,1100000000000001088,4
9011010000700000,80,100007000008000002,,,0,1100000000000001088,8
9011010000700000,80,100007000012000002,,,0,1100000000000001088,12
9011010000700000,80,100007000014000001,,,0,1100000000000001088,14
9011010000700000,32,100007000014000002,,,0,1100000000000001088,14
9011010000700000,6,100007000030000003,,,0,1100000000000001088,30
9011010000700000,99,100007000032000001,,,0,1100000000000001088,32
9011010000700000,80,100007000038000003,,,0,1100000000000001088,38
9011010000700000,80,100007000040000001,,,0,1100000000000001088,40
9011010000700000,6,100007000042000002,,,0,1100000000000001088,42
9011010000700000,6,100007000050000002,,,0,1100000000000001088,50
9011010000700000,99,100007000052000001,,,0,1100000000000001088,52
9011010000700000,99,100007000054000001,,,0,1100000000000001088,54
9011010000700000,80,100007000056000002,,,0,1100000000000001088,56
9011010000700000,101,100007000066000002,,,0,1100000000000001088,66
9011010000700000,47,100007000068000001,,,0,1100000000000001088,68
9011010000700000,21,100007000068000004,,,0,1100000000000001088,68
9011010000700000,13,100007000072000003,,,0,1100000000000001088,72
9011010000700000,13,100007000076000001,,,0,1100000000000001088,76
9011010000700000,22,100007000076000002,,,0,1100000000000001088,76
9011010000700000,47,100007000076000003,,,0,1100000000000001088,76
9011010000700000,21,100007000076000004,,,0,1100000000000001088,76
9011010000700000,22,100007000080000003,,,0,1100000000000001088,80
9011010000700000,13,100007000080000004,,,0,1100000000000001088,80
9011010000700000,101,100007000086000002,,,0,1100000000000001088,86
9011010000700000,13,100007000088000001,,,0,1100000000000001088,88
9011010000700000,21,100007000092000002,,,0,1100000000000001088,92
9011010000700000,22,100007000092000003,,,0,1100000000000001088,92
9011010000700000,100,100007000102000001,,,0,1100000000000001088,102
9011010000700000,101,100007000102000002,,,0,1100000000000001088,102
9011010000700000,101,100007000108000001,,,0,1100000000000001088,108
9011010000700000,100,100007000108000002,,,0,1100000000000001088,108
9011010000700000,102,100007000110000001,,,0,1100000000000001088,110
9011010000700000,15,100007000110000002,,,0,1100000000000001088,110
9011010000700000,102,100007000114000001,,,0,1100000000000001088,114
9011010000700000,102,100007000118000001,,,0,1100000000000001088,118
9011010000700000,102,100007000120000001,,,0,1100000000000001088,120
9011010000700000,15,100007000120000002,,,0,1100000000000001088,120
9011010000700000,15,100007000122000003,,,0,1100000000000001088,122
9011010000700000,103,100007000124000003,,,0,1100000000000001088,124
9011010000700000,15,100007000128000002,,,0,1100000000000001088,128
9011010000700000,102,100007000130000001,,,0,1100000000000001088,130
9011010000700000,80,100007000004000003,,,0,1100000000000001088,4
9011010000700000,32,100007000018000001,,,0,1100000000000001088,18
9011010000700000,6,100007000018000002,,,0,1100000000000001088,18
9011010000700000,99,100007000020000001,,,0,1100000000000001088,20
9011010000700000,99,100007000024000001,,,0,1100000000000001088,24
9011010000700000,32,100007000026000001,,,0,1100000000000001088,26
9011010000700000,80,100007000026000003,,,0,1100000000000001088,26
9011010000700000,80,100007000028000002,,,0,1100000000000001088,28
9011010000700000,80,100007000030000001,,,0,1100000000000001088,30
9011010000700000,6,100007000034000002,,,0,1100000000000001088,34
9011010000700000,99,100007000040000002,,,0,1100000000000001088,40
9011010000700000,80,100007000042000003,,,0,1100000000000001088,42
9011010000700000,32,100007000050000001,,,0,1100000000000001088,50
9011010000700000,80,100007000050000003,,,0,1100000000000001088,50
9011010000700000,99,100007000058000002,,,0,1100000000000001088,58
9011010000700000,101,100007000064000002,,,0,1100000000000001088,64
9011010000700000,22,100007000068000002,,,0,1100000000000001088,68
9011010000700000,100,100007000070000001,,,0,1100000000000001088,70
9011010000700000,101,100007000070000002,,,0,1100000000000001088,70
9011010000700000,22,100007000072000002,,,0,1100000000000001088,72
9011010000700000,47,100007000072000004,,,0,1100000000000001088,72
9011010000700000,100,100007000078000001,,,0,1100000000000001088,78
9011010000700000,100,100007000082000001,,,0,1100000000000001088,82
9011010000700000,101,100007000082000002,,,0,1100000000000001088,82
9011010000700000,22,100007000084000001,,,0,1100000000000001088,84
9011010000700000,13,100007000084000002,,,0,1100000000000001088,84
9011010000700000,21,100007000088000003,,,0,1100000000000001088,88
9011010000700000,101,100007000090000001,,,0,1100000000000001088,90
9011010000700000,47,100007000092000001,,,0,1100000000000001088,92
9011010000700000,22,100007000096000002,,,0,1100000000000001088,96
9011010000700000,47,100007000096000003,,,0,1100000000000001088,96
9011010000700000,100,100007000098000001,,,0,1100000000000001088,98
9011010000700000,101,100007000104000002,,,0,1100000000000001088,104
9011010000700000,15,100007000112000002,,,0,1100000000000001088,112
9011010000700000,103,100007000112000003,,,0,1100000000000001088,112
9011010000700000,15,100007000114000002,,,0,1100000000000001088,114
9011010000700000,103,100007000114000003,,,0,1100000000000001088,114
9011010000700000,103,100007000116000001,,,0,1100000000000001088,116
9011010000700000,103,100007000120000003,,,0,1100000000000001088,120
9011010000700000,15,100007000124000002,,,0,1100000000000001088,124
9011010000700000,15,100007000126000002,,,0,1100000000000001088,126
9011010000700000,103,100007000128000003,,,0,1100000000000001088,128
9011010000700000,15,100007000130000002,,,0,1100000000000001088,130
9011010000700000,103,100007000130000003,,,0,1100000000000001088,130
9011010000700000,15,100007000132000002,,,0,1100000000000001088,132
9011010000700000,102,100007000134000002,,,0,1100000000000001088,134
9011010000700000,76,100007000136000001,,,0,1100000000000001088,136
9011010000700000,17,100007000136000002,,,0,1100000000000001088,136
9011010000700000,84,100007000136000003,,,0,1100000000000001088,136
9011010000700000,85,100007000136000004,,,0,1100000000000001088,136
9011010000700000,16,100007000136000006,,,0,1100000000000001088,136
9011010000800000,80,100008000013000001,,,1,1100000000000001098,13
9011010000800000,80,100008000029000001,,,1,1100000000000001098,29
9011010000800000,80,100008000045000001,,,1,1100000000000001097,45
9011010000800000,80,100008000047000001,,,1,1100000000000001097,47
9011010000800000,80,100008000057000001,,,1,1100000000000001097,57
9011010000800000,101,100008000059000001,,,1,1100000000000001097,59
9011010000800000,101,100008000071000001,,,1,1100000000000001097,71
9011010000800000,101,100008000079000001,,,1,1100000000000001097,79
9011010000800000,13,100008000081000002,,,1,1100000000000001097,81
9011010000800000,101,100008000083000001,,,1,1100000000000001097,83
9011010000800000,13,100008000085000002,,,1,1100000000000001097,85
9011010000800000,13,100008000089000001,,,1,1100000000000001097,89
9011010000800000,13,100008000093000002,,,1,1100000000000001097,93
9011010000800000,101,100008000101000001,,,1,1100000000000001097,101
9011010000800000,103,100008000109000001,,,1,1100000000000001097,109
9011010000800000,103,100008000115000001,,,1,1100000000000001097,115
9011010000800000,80,100008000007000001,,,1,1100000000000001098,7
9011010000800000,80,100008000015000001,,,1,1100000000000001098,15
9011010000800000,80,100008000019000001,,,1,1100000000000001098,19
9011010000800000,80,100008000027000001,,,1,1100000000000001098,27
9011010000800000,80,100008000037000001,,,1,1100000000000001098,37
9011010000800000,101,100008000061000001,,,1,1100000000000001097,61
9011010000800000,22,100008000065000001,,,1,1100000000000001097,65
9011010000800000,101,100008000067000001,,,1,1100000000000001097,67
9011010000800000,13,100008000077000002,,,1,1100000000000001097,77
9011010000800000,22,100008000081000001,,,1,1100000000000001097,81
9011010000800000,22,100008000089000002,,,1,1100000000000001097,89
9011010000800000,22,100008000093000001,,,1,1100000000000001097,93
9011010000800000,101,100008000097000001,,,1,1100000000000001097,97
9011010000800000,103,100008000107000001,,,1,1100000000000001097,107
9011010000800000,103,100008000111000001,,,1,1100000000000001097,111
9011010000800000,103,100008000119000001,,,1,1100000000000001097,119
9011010000800000,103,100008000121000001,,,1,1100000000000001097,121
9011010000800000,103,100008000131000001,,,1,1100000000000001097,131
9011010000800000,80,100008000003000001,,,1,1100000000000001098,3
9011010000800000,80,100008000009000001,,,1,1100000000000001099,9
9011010000800000,80,100008000011000001,,,1,1100000000000001098,11
9011010000800000,80,100008000023000001,,,1,1100000000000001098,23
9011010000800000,80,100008000031000001,,,1,1100000000000001098,31
9011010000800000,80,100008000035000001,,,1,1100000000000001098,35
9011010000800000,80,100008000043000001,,,1,1100000000000001098,43
9011010000800000,80,100008000049000001,,,1,1100000000000001097,49
9011010000800000,101,100008000063000001,,,1,1100000000000001097,63
9011010000800000,13,100008000065000002,,,1,1100000000000001097,65
9011010000800000,13,100008000069000002,,,1,1100000000000001097,69
9011010000800000,22,100008000073000001,,,1,1100000000000001097,73
9011010000800000,101,100008000075000001,,,1,1100000000000001097,75
9011010000800000,22,100008000085000001,,,1,1100000000000001097,85
9011010000800000,101,100008000087000001,,,1,1100000000000001097,87
9011010000800000,101,100008000091000001,,,1,1100000000000001097,91
9011010000800000,101,100008000095000001,,,1,1100000000000001097,95
9011010000800000,101,100008000099000001,,,1,1100000000000001097,99
9011010000800000,101,100008000103000001,,,1,1100000000000001097,103
9011010000800000,103,100008000117000001,,,1,1100000000000001097,117
9011010000800000,103,100008000125000001,,,1,1100000000000001097,125
9011010000800000,103,100008000129000001,,,1,1100000000000001097,129
9011010000800000,16,100008000133000002,,,1,1100000000000001097,133
9011010000800000,80,100008000017000001,,,1,1100000000000001098,17
9011010000800000,80,100008000021000001,,,1,1100000000000001098,21
9011010000800000,80,100008000025000001,,,1,1100000000000001098,25
9011010000800000,80,100008000033000001,,,1,1100000000000001098,33
9011010000800000,80,100008000039000001,,,1,1100000000000001098,39
9011010000800000,80,100008000041000001,,,1,1100000000000001098,41
9011010000800000,80,100008000051000001,,,1,1100000000000001097,51
9011010000800000,80,100008000053000001,,,1,1100000000000001097,53
9011010000800000,80,100008000055000001,,,1,1100000000000001097,55
9011010000800000,22,100008000069000001,,,1,1100000000000001097,69
9011010000800000,13,100008000073000002,,,1,1100000000000001097,73
9011010000800000,22,100008000077000001,,,1,1100000000000001097,77
9011010000800000,101,100008000105000001,,,1,1100000000000001097,105
9011010000800000,103,100008000113000001,,,1,1100000000000001097,113
9011010000800000,103,100008000123000001,,,1,1100000000000001097,123
9011010000800000,103,100008000127000001,,,1,1100000000000001097,127
9011010000800000,84,100008000133000001,,,1,1100000000000001097,133
9011010000800000,80,100008000016000001,,,0,1100000000000001101,16
9011010000800000,80,100008000024000001,,,0,1100000000000001101,24
9011010000800000,80,100008000026000001,,,0,1100000000000001101,26
9011010000800000,80,100008000028000001,,,0,1100000000000001101,28
9011010000800000,80,100008000050000001,,,0,1100000000000001103,50
9011010000800000,80,100008000054000001,,,0,1100000000000001103,54
9011010000800000,20,100008000062000001,,,0,1100000000000001101,62
9011010000800000,26,100008000064000002,,,0,1100000000000001101,64
9011010000800000,101,100008000076000001,,,0,1100000000000001103,76
9011010000800000,101,100008000080000001,,,0,1100000000000001103,80
9011010000800000,13,100008000082000001,,,0,1100000000000001103,82
9011010000800000,22,100008000086000002,,,0,1100000000000001103,86
9011010000800000,13,100008000090000002,,,0,1100000000000001103,90
9011010000800000,101,100008000096000001,,,0,1100000000000001103,96
9011010000800000,22,100008000098000002,,,0,1100000000000001103,98
9011010000800000,101,100008000108000001,,,0,1100000000000001103,108
9011010000800000,22,100008000112000001,,,0,1100000000000001101,112
9011010000800000,13,100008000114000002,,,0,1100000000000001101,114
9011010000800000,103,100008000116000002,,,0,1100000000000001103,116
9011010000800000,103,100008000120000002,,,0,1100000000000001103,120
9011010000800000,80,100008000014000001,,,0,1100000000000001101,14
9011010000800000,80,100008000022000001,,,0,1100000000000001101,22
9011010000800000,80,100008000040000001,,,0,1100000000000001101,40
9011010000800000,80,100008000052000001,,,0,1100000000000001103,52
9011010000800000,26,100008000062000002,,,0,1100000000000001101,62
9011010000800000,13,100008000070000001,,,0,1100000000000001103,70
9011010000800000,13,100008000078000002,,,0,1100000000000001103,78
9011010000800000,22,100008000082000002,,,0,1100000000000001103,82
9011010000800000,101,100008000088000001,,,0,1100000000000001103,88
9011010000800000,22,100008000090000001,,,0,1100000000000001103,90
9011010000800000,13,100008000094000002,,,0,1100000000000001103,94
9011010000800000,22,100008000114000001,,,0,1100000000000001101,114
9011010000800000,102,100008000126000001,,,0,1100000000000001103,126
9011010000800000,103,100008000126000002,,,0,1100000000000001103,126
9011010000800000,103,100008000128000002,,,0,1100000000000001103,128
9011010000800000,102,100008000130000001,,,0,1100000000000001103,130
9011010000800000,102,100008000136000001,,,0,1100000000000001103,136
9011010000800000,103,100008000138000002,,,0,1100000000000001103,138
9011010000800000,102,100008000140000001,,,0,1100000000000001103,140
9011010000800000,103,100008000140000002,,,0,1100000000000001103,140
9011010000800000,102,100008000124000001,,,0,1100000000000001103,124
9011010000800000,103,100008000124000002,,,0,1100000000000001103,124
9011010000800000,102,100008000128000001,,,0,1100000000000001103,128
9011010000800000,102,100008000132000001,,,0,1100000000000001103,132
9011010000800000,102,100008000138000001,,,0,1100000000000001103,138
9011010000800000,16,100008000144000001,,,0,1100000000000001100,144
9011010000800000,76,100008000144000002,,,0,1100000000000001100,144
9011010000800000,76,100008000146000001,,,0,1100000000000001100,146
9011010000800000,80,100008000010000001,,,0,1100000000000001101,10
9011010000800000,80,100008000020000001,,,0,1100000000000001101,20
9011010000800000,80,100008000030000001,,,0,1100000000000001101,30
9011010000800000,80,100008000032000001,,,0,1100000000000001101,32
9011010000800000,80,100008000038000001,,,0,1100000000000001101,38
9011010000800000,80,100008000042000001,,,0,1100000000000001101,42
9011010000800000,80,100008000044000001,,,0,1100000000000001101,44
9011010000800000,80,100008000046000001,,,0,1100000000000001103,46
9011010000800000,20,100008000064000001,,,0,1100000000000001101,64
9011010000800000,22,100008000078000001,,,0,1100000000000001103,78
9011010000800000,101,100008000084000001,,,0,1100000000000001103,84
9011010000800000,22,100008000094000001,,,0,1100000000000001103,94
9011010000800000,101,100008000100000001,,,0,1100000000000001103,100
9011010000800000,101,100008000102000001,,,0,1100000000000001103,102
9011010000800000,101,100008000106000001,,,0,1100000000000001103,106
9011010000800000,13,100008000112000002,,,0,1100000000000001101,112
9011010000800000,102,100008000116000001,,,0,1100000000000001103,116
9011010000800000,102,100008000118000001,,,0,1100000000000001103,118
9011010000800000,103,100008000118000002,,,0,1100000000000001103,118
9011010000800000,103,100008000122000001,,,0,1100000000000001103,122
9011010000800000,102,100008000122000002,,,0,1100000000000001103,122
9011010000800000,103,100008000130000002,,,0,1100000000000001103,130
9011010000800000,103,100008000132000002,,,0,1100000000000001103,132
9011010000800000,102,100008000134000001,,,0,1100000000000001103,134
9011010000800000,16,100008000142000001,,,0,1100000000000001103,142
9011010000800000,76,100008000142000004,,,0,1100000000000001103,142
9011010000800000,85,100008000142000005,,,0,1100000000000001103,142
9011010000800000,16,100008000146000002,,,0,1100000000000001100,146
9011010000800000,80,100008000002000001,,,0,1100000000000001101,2
9011010000800000,80,100008000006000001,,,0,1100000000000001101,6
9011010000800000,80,100008000008000001,,,0,1100000000000001101,8
9011010000800000,80,100008000018000001,,,0,1100000000000001101,18
9011010000800000,80,100008000034000001,,,0,1100000000000001101,34
9011010000800000,80,100008000036000001,,,0,1100000000000001101,36
9011010000800000,80,100008000048000001,,,0,1100000000000001103,48
9011010000800000,80,100008000056000001,,,0,1100000000000001103,56
9011010000800000,80,100008000058000001,,,0,1100000000000001103,58
9011010000800000,80,100008000060000001,,,0,1100000000000001102,60
9011010000800000,101,100008000066000001,,,0,1100000000000001103,66
9011010000800000,101,100008000068000001,,,0,1100000000000001103,68
9011010000800000,22,100008000070000002,,,0,1100000000000001103,70
9011010000800000,101,100008000072000001,,,0,1100000000000001103,72
9011010000800000,22,100008000074000001,,,0,1100000000000001103,74
9011010000800000,13,100008000074000002,,,0,1100000000000001103,74
9011010000800000,13,100008000086000001,,,0,1100000000000001103,86
9011010000800000,101,100008000092000001,,,0,1100000000000001103,92
9011010000800000,13,100008000098000001,,,0,1100000000000001103,98
9011010000800000,101,100008000104000001,,,0,1100000000000001103,104
9011010000800000,101,100008000110000001,,,0,1100000000000001103,110
9011010000800000,102,100008000120000001,,,0,1100000000000001103,120
9011010000800000,103,100008000134000002,,,0,1100000000000001103,134
9011010000800000,103,100008000136000002,,,0,1100000000000001103,136
9011010000800000,17,100008000142000002,,,0,1100000000000001103,142
9011010000800000,84,100008000142000003,,,0,1100000000000001103,142
9011010000900000,104,100009000017000001,,,1,1100000000000001118,17
9011010000900000,104,100009000001000001,,,1,1100000000000001118,1
9011010000900000,104,100009000003000001,,,1,1100000000000001118,3
9011010000900000,104,100009000025000001,,,1,1100000000000001118,25
9011010000900000,104,100009000031000001,,,1,1100000000000001118,31
9011010000900000,104,100009000035000001,,,1,1100000000000001118,35
9011010000900000,104,100009000041000001,,,1,1100000000000001118,41
9011010000900000,104,100009000045000001,,,1,1100000000000001118,45
9011010000900000,104,100009000053000001,,,1,1100000000000001118,53
9011010000900000,104,100009000057000001,,,1,1100000000000001118,57
9011010000900000,104,100009000059000001,,,1,1100000000000001118,59
9011010000900000,104,100009000065000001,,,1,1100000000000001118,65
9011010000900000,104,100009000067000001,,,1,1100000000000001118,67
9011010000900000,104,100009000081000001,,,1,1100000000000001118,81
9011010000900000,104,100009000085000001,,,1,1100000000000001118,85
9011010000900000,104,100009000087000001,,,1,1100000000000001118,87
9011010000900000,104,100009000093000001,,,1,1100000000000001118,93
9011010000900000,104,100009000095000001,,,1,1100000000000001118,95
9011010000900000,104,100009000097000001,,,1,1100000000000001118,97
9011010000900000,104,100009000101000001,,,1,1100000000000001118,101
9011010000900000,104,100009000109000001,,,1,1100000000000001118,109
9011010000900000,104,100009000113000001,,,1,1100000000000001118,113
9011010000900000,104,100009000119000001,,,1,1100000000000001118,119
9011010000900000,104,100009000123000001,,,1,1100000000000001118,123
9011010000900000,104,100009000145000001,,,1,1100000000000001118,145
9011010000900000,104,100009000159000001,,,1,1100000000000001118,159
9011010000900000,104,100009000165000001,,,1,1100000000000001118,165
9011010000900000,104,100009000175000001,,,1,1100000000000001118,175
9011010000900000,104,100009000197000001,,,1,1100000000000001118,197
9011010000900000,104,100009000199000001,,,1,1100000000000001118,199
9011010000900000,104,100009000233000001,,,1,1100000000000001118,233
9011010000900000,104,100009000235000001,,,1,1100000000000001118,235
9011010000900000,104,100009000243000001,,,1,1100000000000001118,243
9011010000900000,104,100009000251000001,,,1,1100000000000001118,251
9011010000900000,104,100009000023000001,,,1,1100000000000001118,23
9011010000900000,104,100009000037000001,,,1,1100000000000001118,37
9011010000900000,104,100009000047000001,,,1,1100000000000001118,47
9011010000900000,104,100009000049000001,,,1,1100000000000001118,49
9011010000900000,104,100009000051000001,,,1,1100000000000001118,51
9011010000900000,104,100009000063000001,,,1,1100000000000001118,63
9011010000900000,104,100009000069000001,,,1,1100000000000001118,69
9011010000900000,104,100009000071000001,,,1,1100000000000001118,71
9011010000900000,104,100009000075000001,,,1,1100000000000001118,75
9011010000900000,104,100009000103000001,,,1,1100000000000001118,103
9011010000900000,104,100009000107000001,,,1,1100000000000001118,107
9011010000900000,104,100009000115000001,,,1,1100000000000001118,115
9011010000900000,104,100009000125000001,,,1,1100000000000001118,125
9011010000900000,104,100009000127000001,,,1,1100000000000001118,127
9011010000900000,104,100009000169000001,,,1,1100000000000001118,169
9011010000900000,104,100009000173000001,,,1,1100000000000001118,173
9011010000900000,104,100009000177000001,,,1,1100000000000001118,177
9011010000900000,104,100009000183000001,,,1,1100000000000001118,183
9011010000900000,104,100009000191000001,,,1,1100000000000001118,191
9011010000900000,104,100009000201000001,,,1,1100000000000001118,201
9011010000900000,104,100009000225000001,,,1,1100000000000001118,225
9011010000900000,104,100009000229000001,,,1,1100000000000001118,229
9011010000900000,104,100009000239000001,,,1,1100000000000001118,239
9011010000900000,104,100009000245000001,,,1,1100000000000001118,245
9011010000900000,104,100009000007000001,,,1,1100000000000001118,7
9011010000900000,104,100009000013000001,,,1,1100000000000001118,13
9011010000900000,104,100009000019000001,,,1,1100000000000001118,19
9011010000900000,104,100009000027000001,,,1,1100000000000001118,27
9011010000900000,104,100009000029000001,,,1,1100000000000001118,29
9011010000900000,104,100009000033000001,,,1,1100000000000001118,33
9011010000900000,104,100009000043000001,,,1,1100000000000001118,43
9011010000900000,104,100009000055000001,,,1,1100000000000001118,55
9011010000900000,104,100009000061000001,,,1,1100000000000001118,61
9011010000900000,104,100009000073000001,,,1,1100000000000001118,73
9011010000900000,104,100009000079000001,,,1,1100000000000001118,79
9011010000900000,104,100009000083000001,,,1,1100000000000001118,83
9011010000900000,104,100009000089000001,,,1,1100000000000001118,89
9011010000900000,104,100009000099000001,,,1,1100000000000001118,99
9011010000900000,104,100009000111000001,,,1,1100000000000001118,111
9011010000900000,104,100009000121000001,,,1,1100000000000001118,121
9011010000900000,104,100009000131000001,,,1,1100000000000001118,131
9011010000900000,104,100009000137000001,,,1,1100000000000001118,137
9011010000900000,104,100009000139000001,,,1,1100000000000001118,139
9011010000900000,104,100009000141000001,,,1,1100000000000001118,141
9011010000900000,104,100009000143000001,,,1,1100000000000001118,143
9011010000900000,104,100009000147000001,,,1,1100000000000001118,147
9011010000900000,104,100009000153000001,,,1,1100000000000001118,153
9011010000900000,104,100009000157000001,,,1,1100000000000001118,157
9011010000900000,104,100009000161000001,,,1,1100000000000001118,161
9011010000900000,104,100009000181000001,,,1,1100000000000001118,181
9011010000900000,104,100009000185000001,,,1,1100000000000001118,185
9011010000900000,104,100009000187000001,,,1,1100000000000001118,187
9011010000900000,104,100009000189000001,,,1,1100000000000001118,189
9011010000900000,104,100009000193000001,,,1,1100000000000001118,193
9011010000900000,104,100009000195000001,,,1,1100000000000001118,195
9011010000900000,104,100009000203000001,,,1,1100000000000001118,203
9011010000900000,104,100009000205000001,,,1,1100000000000001118,205
9011010000900000,104,100009000207000001,,,1,1100000000000001118,207
9011010000900000,104,100009000209000001,,,1,1100000000000001118,209
9011010000900000,104,100009000215000001,,,1,1100000000000001118,215
9011010000900000,104,100009000221000001,,,1,1100000000000001118,221
9011010000900000,104,100009000223000001,,,1,1100000000000001118,223
9011010000900000,104,100009000227000001,,,1,1100000000000001118,227
9011010000900000,104,100009000237000001,,,1,1100000000000001118,237
9011010000900000,104,100009000241000001,,,1,1100000000000001118,241
9011010000900000,104,100009000247000001,,,1,1100000000000001118,247
9011010000900000,104,100009000249000001,,,1,1100000000000001118,249
9011010000900000,104,100009000005000001,,,1,1100000000000001118,5
9011010000900000,104,100009000009000001,,,1,1100000000000001118,9
9011010000900000,104,100009000011000001,,,1,1100000000000001118,11
9011010000900000,104,100009000015000001,,,1,1100000000000001118,15
9011010000900000,104,100009000021000001,,,1,1100000000000001118,21
9011010000900000,104,100009000039000001,,,1,1100000000000001118,39
9011010000900000,104,100009000077000001,,,1,1100000000000001118,77
9011010000900000,104,100009000091000001,,,1,1100000000000001118,91
9011010000900000,104,100009000105000001,,,1,1100000000000001118,105
9011010000900000,104,100009000117000001,,,1,1100000000000001118,117
9011010000900000,104,100009000129000001,,,1,1100000000000001118,129
9011010000900000,104,100009000133000001,,,1,1100000000000001118,133
9011010000900000,104,100009000135000001,,,1,1100000000000001118,135
9011010000900000,104,100009000149000001,,,1,1100000000000001118,149
9011010000900000,104,100009000151000001,,,1,1100000000000001118,151
9011010000900000,104,100009000155000001,,,1,1100000000000001118,155
9011010000900000,104,100009000163000001,,,1,1100000000000001118,163
9011010000900000,104,100009000167000001,,,1,1100000000000001118,167
9011010000900000,104,100009000171000001,,,1,1100000000000001118,171
9011010000900000,104,100009000179000001,,,1,1100000000000001118,179
9011010000900000,104,100009000211000001,,,1,1100000000000001118,211
9011010000900000,104,100009000213000001,,,1,1100000000000001118,213
9011010000900000,104,100009000217000001,,,1,1100000000000001118,217
9011010000900000,104,100009000219000001,,,1,1100000000000001118,219
9011010000900000,104,100009000231000001,,,1,1100000000000001118,231
9011010000900000,104,100009000253000001,,,1,1100000000000001118,253
9011010000900000,104,100009000255000001,,,1,1100000000000001118,255
9011010001200000,34,100012000001000002,,,1,1100000000000000069,1
9011010001200000,6,100012000001000005,,,1,1100000000000000069,1
9011010001200000,35,100012000003000001,,,1,1100000000000000071,3
9011010001200000,25,100012000003000003,,,1,1100000000000000071,3
9011010001200000,6,100012000013000002,,,1,1100000000000000068,13
9011010001200000,41,100012000001000004,,,1,1100000000000000069,1
9011010001200000,6,100012000003000002,,,1,1100000000000000071,3
9011010001200000,27,100012000001000001,,,1,1100000000000000069,1
9011010001200000,62,100012000001000003,,,1,1100000000000000069,1
9011010001200000,41,100012000013000001,,,1,1100000000000000068,13
9011010001200000,27,100012000013000003,,,1,1100000000000000068,13
9011010001200000,35,100012000018000003,,,0,1100000000000000070,18
9011010001200000,34,100012000020000005,,,0,1100000000000000070,20
9011010001200000,25,100012000916000001,,,0,1100000000000000070,916
9011010001200000,41,100012000012000002,,,0,1100000000000000070,12
9011010001200000,34,100012000012000004,,,0,1100000000000000070,12
9011010001200000,6,100012000014000002,,,0,1100000000000000070,14
9011010001200000,34,100012000014000003,,,0,1100000000000000070,14
9011010001200000,6,100012000016000002,,,0,1100000000000000070,16
9011010001200000,105,100012000020000003,,,0,1100000000000000070,20
9011010001200000,106,100012000020000004,,,0,1100000000000000070,20
9011010001200000,6,100012000022000001,,,0,1100000000000000070,22
9011010001200000,25,100012000022000002,,,0,1100000000000000070,22
9011010001200000,6,100012000012000003,,,0,1100000000000000070,12
9011010001200000,62,100012000014000001,,,0,1100000000000000070,14
9011010001200000,41,100012000014000005,,,0,1100000000000000070,14
9011010001200000,65,100012000020000002,,,0,1100000000000000070,20
9011010001200000,107,100012000020000006,,,0,1100000000000000070,20
9011010001200000,35,100012000022000003,,,0,1100000000000000070,22
9011010001200000,62,100012000012000001,,,0,1100000000000000070,12
9011010001200000,27,100012000012000005,,,0,1100000000000000070,12
9011010001200000,27,100012000014000004,,,0,1100000000000000070,14
9011010001200000,35,100012000016000001,,,0,1100000000000000070,16
9011010001200000,6,100012000018000001,,,0,1100000000000000070,18
9011010001200000,25,100012000018000002,,,0,1100000000000000070,18
9011010001200000,62,100012000020000001,,,0,1100000000000000070,20
9011010002000000,108,100020000005000002,,,1,1100000000000000457,5
9011010002000000,88,100020000005000007,,,1,1100000000000000457,5
9011010002000000,69,100020000009000001,,,1,1100000000000000456,9
9011010002000000,65,100020000009000002,,,1,1100000000000000456,9
9011010002000000,25,100020000013000002,,,1,1100000000000000455,13
9011010002000000,95,100020000017000001,,,1,1100000000000000459,17
9011010002000000,93,100020000017000008,,,1,1100000000000000459,17
9011010002000000,65,100020000021000001,,,1,1100000000000000454,21
9011010002000000,37,100020000025000001,,,1,1100000000000000458,25
9011010002000000,2,100020000025000008,,,1,1100000000000000458,25
9011010002000000,64,100020000025000009,,,1,1100000000000000458,25
9011010002000000,40,100020000025000010,,,1,1100000000000000458,25
9011010002000000,95,100020000005000006,,,1,1100000000000000457,5
9011010002000000,2,100020000009000004,,,1,1100000000000000456,9
9011010002000000,4,100020000009000005,,,1,1100000000000000456,9
9011010002000000,35,100020000013000003,,,1,1100000000000000455,13
9011010002000000,96,100020000017000002,,,1,1100000000000000459,17
9011010002000000,88,100020000017000003,,,1,1100000000000000459,17
9011010002000000,89,100020000017000005,,,1,1100000000000000459,17
9011010002000000,90,100020000017000006,,,1,1100000000000000459,17
9011010002000000,105,100020000021000003,,,1,1100000000000000454,21
9011010002000000,109,100020000025000007,,,1,1100000000000000458,25
9011010002000000,83,100020000025000011,,,1,1100000000000000458,25
9011010002000000,110,100020000025000012,,,1,1100000000000000458,25
9011010002000000,90,100020000005000001,,,1,1100000000000000457,5
9011010002000000,89,100020000005000008,,,1,1100000000000000457,5
9011010002000000,68,100020000009000003,,,1,1100000000000000456,9
9011010002000000,20,100020000009000006,,,1,1100000000000000456,9
9011010002000000,26,100020000009000007,,,1,1100000000000000456,9
9011010002000000,6,100020000013000001,,,1,1100000000000000455,13
9011010002000000,111,100020000017000007,,,1,1100000000000000459,17
9011010002000000,68,100020000021000002,,,1,1100000000000000454,21
9011010002000000,26,100020000025000002,,,1,1100000000000000458,25
9011010002000000,42,100020000025000006,,,1,1100000000000000458,25
9011010002000000,111,100020000005000003,,,1,1100000000000000457,5
9011010002000000,96,100020000005000004,,,1,1100000000000000457,5
9011010002000000,93,100020000005000005,,,1,1100000000000000457,5
9011010002000000,108,100020000017000004,,,1,1100000000000000459,17
9011010002000000,112,100020000021000004,,,1,1100000000000000454,21
9011010002000000,38,100020000025000003,,,1,1100000000000000458,25
9011010002000000,63,100020000025000004,,,1,1100000000000000458,25
9011010002000000,82,100020000025000005,,,1,1100000000000000458,25
9011010002000000,95,100020000056000006,,,0,1100000000000000463,56
9011010002000000,90,100020000056000008,,,0,1100000000000000463,56
9011010002000000,41,100020000060000003,,,0,1100000000000000450,60
9011010002000000,34,100020000060000005,,,0,1100000000000000450,60
9011010002000000,37,100020000072000002,,,0,1100000000000000460,72
9011010002000000,82,100020000072000006,,,0,1100000000000000460,72
9011010002000000,108,100020000080000001,,,0,1100000000000000451,80
9011010002000000,91,100020000080000005,,,0,1100000000000000451,80
9011010002000000,6,100020000088000003,,,0,1100000000000000450,88
9011010002000000,113,100020000088000006,,,0,1100000000000000450,88
9011010002000000,111,100020000056000003,,,0,1100000000000000463,56
9011010002000000,93,100020000056000005,,,0,1100000000000000463,56
9011010002000000,88,100020000056000007,,,0,1100000000000000463,56
9011010002000000,62,100020000060000001,,,0,1100000000000000450,60
9011010002000000,27,100020000060000002,,,0,1100000000000000450,60
9011010002000000,6,100020000060000004,,,0,1100000000000000450,60
9011010002000000,25,100020000064000001,,,0,1100000000000000461,64
9011010002000000,114,100020000064000002,,,0,1100000000000000461,64
9011010002000000,42,100020000072000001,,,0,1100000000000000460,72
9011010002000000,83,100020000072000008,,,0,1100000000000000460,72
9011010002000000,40,100020000072000009,,,0,1100000000000000460,72
9011010002000000,110,100020000072000010,,,0,1100000000000000460,72
9011010002000000,34,100020000076000005,,,0,1100000000000000453,76
9011010002000000,25,100020000080000003,,,0,1100000000000000451,80
9011010002000000,6,100020000084000001,,,0,1100000000000000452,84
9011010002000000,41,100020000088000002,,,0,1100000000000000450,88
9011010002000000,34,100020000088000004,,,0,1100000000000000450,88
9011010002000000,108,100020000056000002,,,0,1100000000000000463,56
9011010002000000,96,100020000056000004,,,0,1100000000000000463,56
9011010002000000,35,100020000068000001,,,0,1100000000000000462,68
9011010002000000,25,100020000068000002,,,0,1100000000000000462,68
9011010002000000,63,100020000072000005,,,0,1100000000000000460,72
9011010002000000,2,100020000072000011,,,0,1100000000000000460,72
9011010002000000,64,100020000072000012,,,0,1100000000000000460,72
9011010002000000,62,100020000076000001,,,0,1100000000000000453,76
9011010002000000,27,100020000076000004,,,0,1100000000000000453,76
9011010002000000,94,100020000080000004,,,0,1100000000000000451,80
9011010002000000,62,100020000088000001,,,0,1100000000000000450,88
9011010002000000,23,100020000088000005,,,0,1100000000000000450,88
9011010002000000,89,100020000056000001,,,0,1100000000000000463,56
9011010002000000,6,100020000068000003,,,0,1100000000000000462,68
9011010002000000,26,100020000072000003,,,0,1100000000000000460,72
9011010002000000,38,100020000072000004,,,0,1100000000000000460,72
9011010002000000,109,100020000072000007,,,0,1100000000000000460,72
9011010002000000,41,100020000076000002,,,0,1100000000000000453,76
9011010002000000,6,100020000076000003,,,0,1100000000000000453,76
9011010002000000,111,100020000080000002,,,0,1100000000000000451,80
9011010002000000,28,100020000084000002,,,0,1100000000000000452,84
9011010002100000,115,100021000003000001,,,1,1100000000000000280,3
9011010002100000,116,100021000015000001,,,1,1100000000000000286,15
9011010002100000,115,100021000019000001,,,1,1100000000000000284,19
9011010002100000,117,100021000021000002,,,1,1100000000000000284,21
9011010002100000,115,100021000027000001,,,1,1100000000000000284,27
9011010002100000,115,100021000035000001,,,1,1100000000000000265,35
9011010002100000,118,100021000037000001,,,1,1100000000000000283,37
9011010002100000,116,100021000055000001,,,1,1100000000000000283,55
9011010002100000,115,100021000057000001,,,1,1100000000000000284,57
9011010002100000,87,100021000063000001,,,1,1100000000000000265,63
9011010002100000,87,100021000071000001,,,1,1100000000000000265,71
9011010002100000,115,100021000073000001,,,1,1100000000000000283,73
9011010002100000,37,100021000081000002,,,1,1100000000000000277,81
9011010002100000,119,100021000081000007,,,1,1100000000000000277,81
9011010002100000,116,100021000083000002,,,1,1100000000000000276,83
9011010002100000,42,100021000085000001,,,1,1100000000000000275,85
9011010002100000,26,100021000085000004,,,1,1100000000000000275,85
9011010002100000,119,100021000085000009,,,1,1100000000000000275,85
9011010002100000,118,100021000087000001,,,1,1100000000000000274,87
9011010002100000,120,100021000095000002,,,1,1100000000000000271,95
9011010002100000,120,100021000099000001,,,1,1100000000000000271,99
9011010002100000,118,100021000005000001,,,1,1100000000000000280,5
9011010002100000,115,100021000011000001,,,1,1100000000000000282,11
9011010002100000,118,100021000021000001,,,1,1100000000000000284,21
9011010002100000,121,100021000133000001,,,1,1100000000000000270,133
9011010002100000,121,100021000135000001,,,1,1100000000000000280,135
9011010002100000,45,100021000137000001,,,1,1100000000000000280,137
9011010002100000,45,100021000143000001,,,1,1100000000000000280,143
9011010002100000,120,100021000143000002,,,1,1100000000000000280,143
9011010002100000,122,100021000149000002,,,1,1100000000000000271,149
9011010002100000,50,100021000151000001,,,1,1100000000000000271,151
9011010002100000,122,100021000153000002,,,1,1100000000000000271,153
9011010002100000,122,100021000157000002,,,1,1100000000000000269,157
9011010002100000,50,100021000159000001,,,1,1100000000000000269,159
9011010002100000,122,100021000159000002,,,1,1100000000000000269,159
9011010002100000,123,100021000169000001,,,1,1100000000000000279,169
9011010002100000,123,100021000173000001,,,1,1100000000000000267,173
9011010002100000,87,100021000001000001,,,1,1100000000000000279,1
9011010002100000,116,100021000001000002,,,1,1100000000000000279,1
9011010002100000,117,100021000005000002,,,1,1100000000000000280,5
9011010002100000,87,100021000007000001,,,1,1100000000000000281,7
9011010002100000,117,100021000013000001,,,1,1100000000000000282,13
9011010002100000,115,100021000017000001,,,1,1100000000000000283,17
9011010002100000,115,100021000025000001,,,1,1100000000000000283,25
9011010002100000,87,100021000031000001,,,1,1100000000000000283,31
9011010002100000,115,100021000033000001,,,1,1100000000000000284,33
9011010002100000,87,100021000039000001,,,1,1100000000000000284,39
9011010002100000,115,100021000041000001,,,1,1100000000000000265,41
9011010002100000,115,100021000043000001,,,1,1100000000000000283,43
9011010002100000,118,100021000045000001,,,1,1100000000000000284,45
9011010002100000,115,100021000051000001,,,1,1100000000000000284,51
9011010002100000,118,100021000061000002,,,1,1100000000000000283,61
9011010002100000,118,100021000069000001,,,1,1100000000000000284,69
9011010002100000,116,100021000071000002,,,1,1100000000000000265,71
9011010002100000,115,100021000075000001,,,1,1100000000000000284,75
9011010002100000,4,100021000077000005,,,1,1100000000000000278,77
9011010002100000,116,100021000079000002,,,1,1100000000000000277,79
9011010002100000,4,100021000085000005,,,1,1100000000000000275,85
9011010002100000,2,100021000085000008,,,1,1100000000000000275,85
9011010002100000,117,100021000087000002,,,1,1100000000000000274,87
9011010002100000,118,100021000089000001,,,1,1100000000000000273,89
9011010002100000,118,100021000093000001,,,1,1100000000000000272,93
9011010002100000,45,100021000103000001,,,1,1100000000000000271,103
9011010002100000,121,100021000105000001,,,1,1100000000000000271,105
9011010002100000,121,100021000109000001,,,1,1100000000000000271,109
9011010002100000,45,100021000115000001,,,1,1100000000000000271,115
9011010002100000,121,100021000125000001,,,1,1100000000000000271,125
9011010002100000,45,100021000127000002,,,1,1100000000000000271,127
9011010002100000,121,100021000131000001,,,1,1100000000000000271,131
9011010002100000,120,100021000137000002,,,1,1100000000000000280,137
9011010002100000,45,100021000139000001,,,1,1100000000000000280,139
9011010002100000,120,100021000139000002,,,1,1100000000000000280,139
9011010002100000,50,100021000153000001,,,1,1100000000000000271,153
9011010002100000,122,100021000155000002,,,1,1100000000000000269,155
9011010002100000,123,100021000167000001,,,1,1100000000000000270,167
9011010002100000,123,100021000175000001,,,1,1100000000000000267,175
9011010002100000,50,100021000177000001,,,1,1100000000000000266,177
9011010002100000,87,100021000023000001,,,1,1100000000000000265,23
9011010002100000,116,100021000023000002,,,1,1100000000000000265,23
9011010002100000,118,100021000029000001,,,1,1100000000000000265,29
9011010002100000,117,100021000029000002,,,1,1100000000000000265,29
9011010002100000,87,100021000047000001,,,1,1100000000000000265,47
9011010002100000,116,100021000047000002,,,1,1100000000000000265,47
9011010002100000,118,100021000053000001,,,1,1100000000000000265,53
9011010002100000,117,100021000053000002,,,1,1100000000000000265,53
9011010002100000,115,100021000059000001,,,1,1100000000000000265,59
9011010002100000,117,100021000061000001,,,1,1100000000000000283,61
9011010002100000,115,100021000067000001,,,1,1100000000000000264,67
9011010002100000,42,100021000077000001,,,1,1100000000000000278,77
9011010002100000,113,100021000077000003,,,1,1100000000000000278,77
9011010002100000,119,100021000077000007,,,1,1100000000000000278,77
9011010002100000,124,100021000077000008,,,1,1100000000000000278,77
9011010002100000,34,100021000077000009,,,1,1100000000000000278,77
9011010002100000,113,100021000081000003,,,1,1100000000000000277,81
9011010002100000,26,100021000081000004,,,1,1100000000000000277,81
9011010002100000,2,100021000081000006,,,1,1100000000000000277,81
9011010002100000,34,100021000081000009,,,1,1100000000000000277,81
9011010002100000,113,100021000085000003,,,1,1100000000000000275,85
9011010002100000,124,100021000085000006,,,1,1100000000000000275,85
9011010002100000,117,100021000089000002,,,1,1100000000000000273,89
9011010002100000,117,100021000091000001,,,1,1100000000000000285,91
9011010002100000,118,100021000091000002,,,1,1100000000000000285,91
9011010002100000,45,100021000095000001,,,1,1100000000000000271,95
9011010002100000,121,100021000101000001,,,1,1100000000000000271,101
9011010002100000,120,100021000103000002,,,1,1100000000000000271,103
9011010002100000,45,100021000107000001,,,1,1100000000000000271,107
9011010002100000,45,100021000111000001,,,1,1100000000000000271,111
9011010002100000,120,100021000111000002,,,1,1100000000000000271,111
9011010002100000,45,100021000119000001,,,1,1100000000000000271,119
9011010002100000,121,100021000121000001,,,1,1100000000000000271,121
9011010002100000,120,100021000123000002,,,1,1100000000000000271,123
9011010002100000,120,100021000127000001,,,1,1100000000000000271,127
9011010002100000,45,100021000129000001,,,1,1100000000000000270,129
9011010002100000,120,100021000129000002,,,1,1100000000000000270,129
9011010002100000,45,100021000141000001,,,1,1100000000000000280,141
9011010002100000,50,100021000147000001,,,1,1100000000000000271,147
9011010002100000,122,100021000147000002,,,1,1100000000000000271,147
9011010002100000,122,100021000151000002,,,1,1100000000000000271,151
9011010002100000,50,100021000157000001,,,1,1100000000000000269,157
9011010002100000,123,100021000161000001,,,1,1100000000000000269,161
9011010002100000,116,100021000007000002,,,1,1100000000000000281,7
9011010002100000,115,100021000009000001,,,1,1100000000000000281,9
9011010002100000,118,100021000013000002,,,1,1100000000000000282,13
9011010002100000,116,100021000031000002,,,1,1100000000000000283,31
9011010002100000,117,100021000037000002,,,1,1100000000000000283,37
9011010002100000,116,100021000039000002,,,1,1100000000000000284,39
9011010002100000,117,100021000045000002,,,1,1100000000000000284,45
9011010002100000,115,100021000049000001,,,1,1100000000000000283,49
9011010002100000,87,100021000055000002,,,1,1100000000000000283,55
9011010002100000,116,100021000063000002,,,1,1100000000000000265,63
9011010002100000,115,100021000065000001,,,1,1100000000000000264,65
9011010002100000,117,100021000069000002,,,1,1100000000000000284,69
9011010002100000,26,100021000077000002,,,1,1100000000000000278,77
9011010002100000,37,100021000077000004,,,1,1100000000000000278,77
9011010002100000,2,100021000077000006,,,1,1100000000000000278,77
9011010002100000,87,100021000079000001,,,1,1100000000000000277,79
9011010002100000,42,100021000081000001,,,1,1100000000000000277,81
9011010002100000,4,100021000081000005,,,1,1100000000000000277,81
9011010002100000,124,100021000081000008,,,1,1100000000000000277,81
9011010002100000,87,100021000083000001,,,1,1100000000000000276,83
9011010002100000,37,100021000085000002,,,1,1100000000000000275,85
9011010002100000,34,100021000085000007,,,1,1100000000000000275,85
9011010002100000,45,100021000097000001,,,1,1100000000000000271,97
9011010002100000,120,100021000097000002,,,1,1100000000000000271,97
9011010002100000,45,100021000099000002,,,1,1100000000000000271,99
9011010002100000,120,100021000107000002,,,1,1100000000000000271,107
9011010002100000,121,100021000113000001,,,1,1100000000000000271,113
9011010002100000,120,100021000115000002,,,1,1100000000000000271,115
9011010002100000,121,100021000117000001,,,1,1100000000000000271,117
9011010002100000,120,100021000119000002,,,1,1100000000000000271,119
9011010002100000,45,100021000123000001,,,1,1100000000000000271,123
9011010002100000,120,100021000141000002,,,1,1100000000000000280,141
9011010002100000,50,100021000145000001,,,1,1100000000000000280,145
9011010002100000,122,100021000145000002,,,1,1100000000000000280,145
9011010002100000,50,100021000149000001,,,1,1100000000000000271,149
9011010002100000,50,100021000155000001,,,1,1100000000000000269,155
9011010002100000,123,100021000163000001,,,1,1100000000000000270,163
9011010002100000,123,100021000165000001,,,1,1100000000000000269,165
9011010002100000,123,100021000171000001,,,1,1100000000000000268,171
9011010002100000,87,100021000515000001,,,1,1100000000000000286,515
9011010002100000,87,100021000012000001,,,0,1100000000000000292,12
9011010002100000,116,100021000028000002,,,0,1100000000000000293,28
9011010002100000,117,100021000042000001,,,0,1100000000000000290,42
9011010002100000,87,100021000044000001,,,0,1100000000000000292,44
9011010002100000,116,100021000044000002,,,0,1100000000000000292,44
9011010002100000,116,100021000052000001,,,0,1100000000000000293,52
9011010002100000,115,100021000054000001,,,0,1100000000000000290,54
9011010002100000,87,100021000060000001,,,0,1100000000000000292,60
9011010002100000,117,100021000066000002,,,0,1100000000000000290,66
9011010002100000,87,100021000068000001,,,0,1100000000000000292,68
9011010002100000,115,100021000072000001,,,0,1100000000000000290,72
9011010002100000,4,100021000082000005,,,0,1100000000000000299,82
9011010002100000,119,100021000082000007,,,0,1100000000000000299,82
9011010002100000,26,100021000082000009,,,0,1100000000000000299,82
9011010002100000,124,100021000086000007,,,0,1100000000000000299,86
9011010002100000,37,100021000086000008,,,0,1100000000000000299,86
9011010002100000,87,100021000088000001,,,0,1100000000000000297,88
9011010002100000,45,100021000096000001,,,0,1100000000000000301,96
9011010002100000,45,100021000100000002,,,0,1100000000000000301,100
9011010002100000,120,100021000108000002,,,0,1100000000000000301,108
9011010002100000,116,100021000002000002,,,0,1100000000000000296,2
9011010002100000,116,100021000006000002,,,0,1100000000000000294,6
9011010002100000,117,100021000010000002,,,0,1100000000000000293,10
9011010002100000,115,100021000016000001,,,0,1100000000000000290,16
9011010002100000,87,100021000020000001,,,0,1100000000000000292,20
9011010002100000,116,100021000020000002,,,0,1100000000000000292,20
9011010002100000,120,100021000112000002,,,0,1100000000000000301,112
9011010002100000,121,100021000114000001,,,0,1100000000000000301,114
9011010002100000,120,100021000120000001,,,0,1100000000000000301,120
9011010002100000,45,100021000128000001,,,0,1100000000000000300,128
9011010002100000,121,100021000130000001,,,0,1100000000000000301,130
9011010002100000,121,100021000136000001,,,0,1100000000000000301,136
9011010002100000,45,100021000140000001,,,0,1100000000000000301,140
9011010002100000,120,100021000146000001,,,0,1100000000000000289,146
9011010002100000,122,100021000152000002,,,0,1100000000000000301,152
9011010002100000,122,100021000156000002,,,0,1100000000000000301,156
9011010002100000,123,100021000170000001,,,0,1100000000000000300,170
9011010002100000,123,100021000174000001,,,0,1100000000000000300,174
9011010002100000,123,100021000178000001,,,0,1100000000000000288,178
9011010002100000,50,100021000180000001,,,0,1100000000000000263,180
9011010002100000,117,100021000004000002,,,0,1100000000000000295,4
9011010002100000,118,100021000010000001,,,0,1100000000000000293,10
9011010002100000,116,100021000012000002,,,0,1100000000000000292,12
9011010002100000,115,100021000014000001,,,0,1100000000000000291,14
9011010002100000,117,100021000018000002,,,0,1100000000000000290,18
9011010002100000,115,100021000022000001,,,0,1100000000000000293,22
9011010002100000,118,100021000026000001,,,0,1100000000000000292,26
9011010002100000,87,100021000028000001,,,0,1100000000000000293,28
9011010002100000,115,100021000032000001,,,0,1100000000000000292,32
9011010002100000,118,100021000034000001,,,0,1100000000000000293,34
9011010002100000,87,100021000036000001,,,0,1100000000000000290,36
9011010002100000,115,100021000048000001,,,0,1100000000000000290,48
9011010002100000,118,100021000050000002,,,0,1100000000000000292,50
9011010002100000,115,100021000056000001,,,0,1100000000000000292,56
9011010002100000,118,100021000058000001,,,0,1100000000000000293,58
9011010002100000,117,100021000058000002,,,0,1100000000000000293,58
9011010002100000,115,100021000062000001,,,0,1100000000000000293,62
9011010002100000,124,100021000082000001,,,0,1100000000000000299,82
9011010002100000,113,100021000082000003,,,0,1100000000000000299,82
9011010002100000,42,100021000082000004,,,0,1100000000000000299,82
9011010002100000,2,100021000082000006,,,0,1100000000000000299,82
9011010002100000,34,100021000082000008,,,0,1100000000000000299,82
9011010002100000,34,100021000086000003,,,0,1100000000000000299,86
9011010002100000,42,100021000086000004,,,0,1100000000000000299,86
9011010002100000,116,100021000088000002,,,0,1100000000000000297,88
9011010002100000,118,100021000090000001,,,0,1100000000000000299,90
9011010002100000,118,100021000092000001,,,0,1100000000000000296,92
9011010002100000,117,100021000092000002,,,0,1100000000000000296,92
9011010002100000,120,100021000096000002,,,0,1100000000000000301,96
9011010002100000,45,100021000098000001,,,0,1100000000000000301,98
9011010002100000,120,100021000100000001,,,0,1100000000000000301,100
9011010002100000,121,100021000102000001,,,0,1100000000000000301,102
9011010002100000,45,100021000104000001,,,0,1100000000000000301,104
9011010002100000,120,100021000104000002,,,0,1100000000000000301,104
9011010002100000,121,100021000106000001,,,0,1100000000000000301,106
9011010002100000,45,100021000116000001,,,0,1100000000000000301,116
9011010002100000,120,100021000124000001,,,0,1100000000000000301,124
9011010002100000,45,100021000124000002,,,0,1100000000000000301,124
9011010002100000,120,100021000128000002,,,0,1100000000000000300,128
9011010002100000,45,100021000138000001,,,0,1100000000000000301,138
9011010002100000,120,100021000140000002,,,0,1100000000000000301,140
9011010002100000,50,100021000150000001,,,0,1100000000000000301,150
9011010002100000,122,100021000154000002,,,0,1100000000000000301,154
9011010002100000,50,100021000158000002,,,0,1100000000000000298,158
9011010002100000,122,100021000160000001,,,0,1100000000000000298,160
9011010002100000,117,100021000026000002,,,0,1100000000000000292,26
9011010002100000,115,100021000030000001,,,0,1100000000000000290,30
9011010002100000,117,100021000034000002,,,0,1100000000000000293,34
9011010002100000,115,100021000040000001,,,0,1100000000000000293,40
9011010002100000,115,100021000046000001,,,0,1100000000000000293,46
9011010002100000,117,100021000050000001,,,0,1100000000000000292,50
9011010002100000,116,100021000060000002,,,0,1100000000000000292,60
9011010002100000,118,100021000066000001,,,0,1100000000000000290,66
9011010002100000,116,100021000068000002,,,0,1100000000000000292,68
9011010002100000,118,100021000074000001,,,0,1100000000000000292,74
9011010002100000,117,100021000074000002,,,0,1100000000000000292,74
9011010002100000,26,100021000076000001,,,0,1100000000000000290,76
9011010002100000,42,100021000076000004,,,0,1100000000000000290,76
9011010002100000,2,100021000076000005,,,0,1100000000000000290,76
9011010002100000,37,100021000076000008,,,0,1100000000000000290,76
9011010002100000,119,100021000076000009,,,0,1100000000000000290,76
9011010002100000,26,100021000086000001,,,0,1100000000000000299,86
9011010002100000,4,100021000086000006,,,0,1100000000000000299,86
9011010002100000,121,100021000110000001,,,0,1100000000000000301,110
9011010002100000,45,100021000112000001,,,0,1100000000000000301,112
9011010002100000,45,100021000120000002,,,0,1100000000000000301,120
9011010002100000,121,100021000126000001,,,0,1100000000000000301,126
9011010002100000,120,100021000142000002,,,0,1100000000000000301,142
9011010002100000,122,100021000150000002,,,0,1100000000000000301,150
9011010002100000,50,100021000154000001,,,0,1100000000000000301,154
9011010002100000,50,100021000160000002,,,0,1100000000000000298,160
9011010002100000,122,100021000162000002,,,0,1100000000000000298,162
9011010002100000,123,100021000164000001,,,0,1100000000000000298,164
9011010002100000,123,100021000166000001,,,0,1100000000000000300,166
9011010002100000,123,100021000172000001,,,0,1100000000000000298,172
9011010002100000,123,100021000176000001,,,0,1100000000000000298,176
9011010002100000,50,100021000182000001,,,0,1100000000000000287,182
9011010002100000,87,100021000002000001,,,0,1100000000000000296,2
9011010002100000,118,100021000004000001,,,0,1100000000000000295,4
9011010002100000,87,100021000006000001,,,0,1100000000000000294,6
9011010002100000,115,100021000008000001,,,0,1100000000000000293,8
9011010002100000,118,100021000018000001,,,0,1100000000000000290,18
9011010002100000,115,100021000024000001,,,0,1100000000000000290,24
9011010002100000,116,100021000036000002,,,0,1100000000000000290,36
9011010002100000,115,100021000038000001,,,0,1100000000000000292,38
9011010002100000,118,100021000042000002,,,0,1100000000000000290,42
9011010002100000,87,100021000052000002,,,0,1100000000000000293,52
9011010002100000,115,100021000064000001,,,0,1100000000000000293,64
9011010002100000,115,100021000070000001,,,0,1100000000000000293,70
9011010002100000,113,100021000076000002,,,0,1100000000000000290,76
9011010002100000,34,100021000076000003,,,0,1100000000000000290,76
9011010002100000,4,100021000076000006,,,0,1100000000000000290,76
9011010002100000,124,100021000076000007,,,0,1100000000000000290,76
9011010002100000,115,100021000078000001,,,0,1100000000000000290,78
9011010002100000,115,100021000080000001,,,0,1100000000000000297,80
9011010002100000,37,100021000082000002,,,0,1100000000000000299,82
9011010002100000,87,100021000084000001,,,0,1100000000000000297,84
9011010002100000,116,100021000084000002,,,0,1100000000000000297,84
9011010002100000,113,100021000086000002,,,0,1100000000000000299,86
9011010002100000,2,100021000086000005,,,0,1100000000000000299,86
9011010002100000,119,100021000086000009,,,0,1100000000000000299,86
9011010002100000,117,100021000090000002,,,0,1100000000000000299,90
9011010002100000,118,100021000094000001,,,0,1100000000000000295,94
9011010002100000,120,100021000098000002,,,0,1100000000000000301,98
9011010002100000,45,100021000108000001,,,0,1100000000000000301,108
9011010002100000,120,100021000116000002,,,0,1100000000000000301,116
9011010002100000,121,100021000118000001,,,0,1100000000000000301,118
9011010002100000,121,100021000122000001,,,0,1100000000000000301,122
9011010002100000,121,100021000132000001,,,0,1100000000000000300,132
9011010002100000,121,100021000134000001,,,0,1100000000000000301,134
9011010002100000,120,100021000138000002,,,0,1100000000000000301,138
9011010002100000,45,100021000142000001,,,0,1100000000000000301,142
9011010002100000,120,100021000144000001,,,0,1100000000000000301,144
9011010002100000,50,100021000148000001,,,0,1100000000000000301,148
9011010002100000,122,100021000148000002,,,0,1100000000000000301,148
9011010002100000,50,100021000152000001,,,0,1100000000000000301,152
9011010002100000,50,100021000156000001,,,0,1100000000000000301,156
9011010002100000,122,100021000158000001,,,0,1100000000000000298,158
9011010002100000,50,100021000162000001,,,0,1100000000000000298,162
9011010002100000,123,100021000168000001,,,0,1100000000000000298,168
9011010002200000,71,100022000001000001,,,1,1100000000000000500,1
9011010002200000,23,100022000001000002,,,1,1100000000000000500,1
9011010002200000,6,100022000001000003,,,1,1100000000000000500,1
9011010002200000,2,100022000003000002,,,1,1100000000000000501,3
9011010002200000,125,100022000005000001,,,1,1100000000000000501,5
9011010002200000,126,100022000005000002,,,1,1100000000000000501,5
9011010002200000,126,100022000007000001,,,1,1100000000000000499,7
9011010002200000,127,100022000017000001,,,1,1100000000000000499,17
9011010002200000,128,100022000017000003,,,1,1100000000000000499,17
9011010002200000,129,100022000019000001,,,1,1100000000000000499,19
9011010002200000,130,100022000019000002,,,1,1100000000000000499,19
9011010002200000,6,100022000021000001,,,1,1100000000000000502,21
9011010002200000,128,100022000819000002,,,1,1100000000000000499,819
9011010002200000,4,100022000003000003,,,1,1100000000000000501,3
9011010002200000,26,100022000003000006,,,1,1100000000000000501,3
9011010002200000,37,100022000003000007,,,1,1100000000000000501,3
9011010002200000,119,100022000003000009,,,1,1100000000000000501,3
9011010002200000,125,100022000007000002,,,1,1100000000000000499,7
9011010002200000,125,100022000009000002,,,1,1100000000000000499,9
9011010002200000,126,100022000011000001,,,1,1100000000000000499,11
9011010002200000,125,100022000013000002,,,1,1100000000000000499,13
9011010002200000,131,100022000015000001,,,1,1100000000000000499,15
9011010002200000,23,100022000015000004,,,1,1100000000000000499,15
9011010002200000,130,100022000017000004,,,1,1100000000000000499,17
9011010002200000,23,100022000021000002,,,1,1100000000000000502,21
9011010002200000,71,100022000021000003,,,1,1100000000000000502,21
9011010002200000,2,100022000023000002,,,1,1100000000000000502,23
9011010002200000,42,100022000023000003,,,1,1100000000000000502,23
9011010002200000,37,100022000023000004,,,1,1100000000000000502,23
9011010002200000,113,100022000023000009,,,1,1100000000000000502,23
9011010002200000,127,100022000819000001,,,1,1100000000000000499,819
9011010002200000,124,100022000003000001,,,1,1100000000000000501,3
9011010002200000,34,100022000003000004,,,1,1100000000000000501,3
9011010002200000,42,100022000003000008,,,1,1100000000000000501,3
9011010002200000,126,100022000009000001,,,1,1100000000000000499,9
9011010002200000,126,100022000013000001,,,1,1100000000000000499,13
9011010002200000,126,100022000015000002,,,1,1100000000000000499,15
9011010002200000,129,100022000017000002,,,1,1100000000000000499,17
9011010002200000,26,100022000023000005,,,1,1100000000000000502,23
9011010002200000,119,100022000023000006,,,1,1100000000000000502,23
9011010002200000,4,100022000023000008,,,1,1100000000000000502,23
9011010002200000,113,100022000003000005,,,1,1100000000000000501,3
9011010002200000,125,100022000011000002,,,1,1100000000000000499,11
9011010002200000,6,100022000015000003,,,1,1100000000000000499,15
9011010002200000,124,100022000023000001,,,1,1100000000000000502,23
9011010002200000,34,100022000023000007,,,1,1100000000000000502,23
9011010002200000,126,100022000008000001,,,0,1100000000000000506,8
9011010002200000,126,100022000014000001,,,0,1100000000000000507,14
9011010002200000,126,100022000016000001,,,0,1100000000000000507,16
9011010002200000,131,100022000016000002,,,0,1100000000000000507,16
9011010002200000,71,100022000022000003,,,0,1100000000000000508,22
9011010002200000,42,100022000024000002,,,0,1100000000000000509,24
9011010002200000,34,100022000024000006,,,0,1100000000000000509,24
9011010002200000,23,100022000002000002,,,0,1100000000000000503,2
9011010002200000,71,100022000002000003,,,0,1100000000000000503,2
9011010002200000,37,100022000004000002,,,0,1100000000000000504,4
9011010002200000,113,100022000004000004,,,0,1100000000000000504,4
9011010002200000,2,100022000004000007,,,0,1100000000000000504,4
9011010002200000,126,100022000006000001,,,0,1100000000000000505,6
9011010002200000,125,100022000006000002,,,0,1100000000000000505,6
9011010002200000,126,100022000012000001,,,0,1100000000000000507,12
9011010002200000,125,100022000014000002,,,0,1100000000000000507,14
9011010002200000,23,100022000016000004,,,0,1100000000000000507,16
9011010002200000,124,100022000024000001,,,0,1100000000000000509,24
9011010002200000,6,100022000002000001,,,0,1100000000000000503,2
9011010002200000,42,100022000004000001,,,0,1100000000000000504,4
9011010002200000,26,100022000004000003,,,0,1100000000000000504,4
9011010002200000,124,100022000004000005,,,0,1100000000000000504,4
9011010002200000,4,100022000004000006,,,0,1100000000000000504,4
9011010002200000,119,100022000004000008,,,0,1100000000000000504,4
9011010002200000,34,100022000004000009,,,0,1100000000000000504,4
9011010002200000,125,100022000010000002,,,0,1100000000000000506,10
9011010002200000,125,100022000012000002,,,0,1100000000000000507,12
9011010002200000,6,100022000016000003,,,0,1100000000000000507,16
9011010002200000,128,100022000018000003,,,0,1100000000000000507,18
9011010002200000,130,100022000018000004,,,0,1100000000000000507,18
9011010002200000,130,100022000020000002,,,0,1100000000000000507,20
9011010002200000,23,100022000022000002,,,0,1100000000000000508,22
9011010002200000,26,100022000024000004,,,0,1100000000000000509,24
9011010002200000,4,100022000024000007,,,0,1100000000000000509,24
9011010002200000,127,100022000820000001,,,0,1100000000000000507,820
9011010002200000,128,100022000820000002,,,0,1100000000000000507,820
9011010002200000,125,100022000008000002,,,0,1100000000000000506,8
9011010002200000,126,100022000010000001,,,0,1100000000000000506,10
9011010002200000,127,100022000018000001,,,0,1100000000000000507,18
9011010002200000,129,100022000018000002,,,0,1100000000000000507,18
9011010002200000,129,100022000020000001,,,0,1100000000000000507,20
9011010002200000,6,100022000022000001,,,0,1100000000000000508,22
9011010002200000,37,100022000024000003,,,0,1100000000000000509,24
9011010002200000,119,100022000024000005,,,0,1100000000000000509,24
9011010002200000,2,100022000024000008,,,0,1100000000000000509,24
9011010002200000,113,100022000024000009,,,0,1100000000000000509,24
9011010002600000,126,100026000007000001,,,1,1100000000000000750,7
9011010002600000,128,100026000009000004,,,1,1100000000000000750,9
9011010002600000,132,100026000001000001,,,1,1100000000000000751,1
9011010002600000,42,100026000001000002,,,1,1100000000000000751,1
9011010002600000,126,100026000003000001,,,1,1100000000000000750,3
9011010002600000,126,100026000005000001,,,1,1100000000000000750,5
9011010002600000,125,100026000005000002,,,1,1100000000000000750,5
9011010002600000,127,100026000009000001,,,1,1100000000000000750,9
9011010002600000,129,100026000011000001,,,1,1100000000000000750,11
9011010002600000,130,100026000011000002,,,1,1100000000000000750,11
9011010002600000,128,100026000811000002,,,1,1100000000000000750,811
9011010002600000,127,100026000001000003,,,1,1100000000000000751,1
9011010002600000,125,100026000007000002,,,1,1100000000000000750,7
9011010002600000,129,100026000009000002,,,1,1100000000000000750,9
9011010002600000,127,100026000811000001,,,1,1100000000000000750,811
9011010002600000,125,100026000003000002,,,1,1100000000000000750,3
9011010002600000,130,100026000009000003,,,1,1100000000000000750,9
9011010002600000,126,100026000901000001,,,1,1100000000000000751,901
9011010003000000,25,100030000007000005,,,1,1100000000000000694,7
9011010003000000,65,100030000011000001,,,1,1100000000000000694,11
9011010003000000,2,100030000011000003,,,1,1100000000000000694,11
9011010003000000,109,100030000015000002,,,1,1100000000000000694,15
9011010003000000,6,100030000023000001,,,1,1100000000000000695,23
9011010003000000,6,100030000027000001,,,1,1100000000000000696,27
9011010003000000,4,100030000007000003,,,1,1100000000000000694,7
9011010003000000,4,100030000011000004,,,1,1100000000000000694,11
9011010003000000,133,100030000011000006,,,1,1100000000000000694,11
9011010003000000,134,100030000015000003,,,1,1100000000000000694,15
9011010003000000,74,100030000015000004,,,1,1100000000000000694,15
9011010003000000,6,100030000019000001,,,1,1100000000000000693,19
9011010003000000,28,100030000019000002,,,1,1100000000000000693,19
9011010003000000,68,100030000011000002,,,1,1100000000000000694,11
9011010003000000,97,100030000011000005,,,1,1100000000000000694,11
9011010003000000,25,100030000927000001,,,1,1100000000000000696,927
9011010003000000,55,100030000007000001,,,1,1100000000000000694,7
9011010003000000,33,100030000007000002,,,1,1100000000000000694,7
9011010003000000,2,100030000007000004,,,1,1100000000000000694,7
9011010003000000,58,100030000015000001,,,1,1100000000000000694,15
9011010003000000,28,100030000023000002,,,1,1100000000000000695,23
9011010003000000,27,100030000027000002,,,1,1100000000000000696,27
9011010003000000,41,100030000027000003,,,1,1100000000000000696,27
9011010003000000,6,100030000058000006,,,0,1100000000000000691,58
9011010003000000,25,100030000062000003,,,0,1100000000000000691,62
9011010003000000,111,100030000070000002,,,0,1100000000000000690,70
9011010003000000,65,100030000074000002,,,0,1100000000000000692,74
9011010003000000,6,100030000086000001,,,0,1100000000000000691,86
9011010003000000,105,100030000090000003,,,0,1100000000000000691,90
9011010003000000,41,100030000058000004,,,0,1100000000000000691,58
9011010003000000,62,100030000058000005,,,0,1100000000000000691,58
9011010003000000,108,100030000062000001,,,0,1100000000000000691,62
9011010003000000,91,100030000062000005,,,0,1100000000000000691,62
9011010003000000,108,100030000070000001,,,0,1100000000000000690,70
9011010003000000,91,100030000070000005,,,0,1100000000000000690,70
9011010003000000,105,100030000074000004,,,0,1100000000000000692,74
9011010003000000,114,100030000078000002,,,0,1100000000000000692,78
9011010003000000,62,100030000090000001,,,0,1100000000000000691,90
9011010003000000,107,100030000090000002,,,0,1100000000000000691,90
9011010003000000,113,100030000058000001,,,0,1100000000000000691,58
9011010003000000,23,100030000058000002,,,0,1100000000000000691,58
9011010003000000,34,100030000058000003,,,0,1100000000000000691,58
9011010003000000,25,100030000070000003,,,0,1100000000000000690,70
9011010003000000,112,100030000074000001,,,0,1100000000000000692,74
9011010003000000,68,100030000074000003,,,0,1100000000000000692,74
9011010003000000,25,100030000078000001,,,0,1100000000000000692,78
9011010003000000,23,100030000082000004,,,0,1100000000000000690,82
9011010003000000,28,100030000086000002,,,0,1100000000000000691,86
9011010003000000,34,100030000090000005,,,0,1100000000000000691,90
9011010003000000,65,100030000090000006,,,0,1100000000000000691,90
9011010003000000,111,100030000062000002,,,0,1100000000000000691,62
9011010003000000,94,100030000062000004,,,0,1100000000000000691,62
9011010003000000,6,100030000066000001,,,0,1100000000000000690,66
9011010003000000,28,100030000066000002,,,0,1100000000000000690,66
9011010003000000,94,100030000070000004,,,0,1100000000000000690,70
9011010003000000,6,100030000082000001,,,0,1100000000000000690,82
9011010003000000,25,100030000082000002,,,0,1100000000000000690,82
9011010003000000,60,100030000082000003,,,0,1100000000000000690,82
9011010003000000,106,100030000090000004,,,0,1100000000000000691,90
9011010003100000,135,100031000001000002,,,1,1100000000000000323,1
9011010003100000,118,100031000001000003,,,1,1100000000000000323,1
9011010003100000,136,100031000005000001,,,1,1100000000000000324,5
9011010003100000,137,100031000009000001,,,1,1100000000000000325,9
9011010003100000,138,100031000009000003,,,1,1100000000000000325,9
9011010003100000,115,100031000019000001,,,1,1100000000000000324,19
9011010003100000,139,100031000021000001,,,1,1100000000000000324,21
9011010003100000,69,100031000023000001,,,1,1100000000000000324,23
9011010003100000,137,100031000023000004,,,1,1100000000000000324,23
9011010003100000,140,100031000009000002,,,1,1100000000000000325,9
9011010003100000,115,100031000013000001,,,1,1100000000000000324,13
9011010003100000,135,100031000017000001,,,1,1100000000000000327,17
9011010003100000,118,100031000017000002,,,1,1100000000000000327,17
9011010003100000,139,100031000017000003,,,1,1100000000000000327,17
9011010003100000,115,100031000027000001,,,1,1100000000000000324,27
9011010003100000,140,100031000029000002,,,1,1100000000000000324,29
9011010003100000,138,100031000029000003,,,1,1100000000000000324,29
9011010003100000,115,100031000035000001,,,1,1100000000000000324,35
9011010003100000,87,100031000039000001,,,1,1100000000000000324,39
9011010003100000,115,100031000041000001,,,1,1100000000000000324,41
9011010003100000,118,100031000067000002,,,1,1100000000000000335,67
9011010003100000,138,100031000069000003,,,1,1100000000000000330,69
9011010003100000,137,100031000071000001,,,1,1100000000000000331,71
9011010003100000,87,100031000025000001,,,1,1100000000000000324,25
9011010003100000,116,100031000025000002,,,1,1100000000000000324,25
9011010003100000,137,100031000029000001,,,1,1100000000000000324,29
9011010003100000,140,100031000043000002,,,1,1100000000000000324,43
9011010003100000,117,100031000045000001,,,1,1100000000000000324,45
9011010003100000,115,100031000051000001,,,1,1100000000000000324,51
9011010003100000,118,100031000053000002,,,1,1100000000000000335,53
9011010003100000,115,100031000057000001,,,1,1100000000000000335,57
9011010003100000,115,100031000059000001,,,1,1100000000000000335,59
9011010003100000,118,100031000061000001,,,1,1100000000000000335,61
9011010003100000,137,100031000069000001,,,1,1100000000000000330,69
9011010003100000,121,100031000075000001,,,1,1100000000000000334,75
9011010003100000,121,100031000079000001,,,1,1100000000000000334,79
9011010003100000,121,100031000113000001,,,1,1100000000000000334,113
9011010003100000,45,100031000117000001,,,1,1100000000000000334,117
9011010003100000,45,100031000121000002,,,1,1100000000000000331,121
9011010003100000,50,100031000125000001,,,1,1100000000000000333,125
9011010003100000,50,100031000129000002,,,1,1100000000000000334,129
9011010003100000,122,100031000133000002,,,1,1100000000000000334,133
9011010003100000,123,100031000135000001,,,1,1100000000000000334,135
9011010003100000,122,100031000137000002,,,1,1100000000000000334,137
9011010003100000,123,100031000139000001,,,1,1100000000000000334,139
9011010003100000,50,100031000141000001,,,1,1100000000000000334,141
9011010003100000,50,100031000145000002,,,1,1100000000000000334,145
9011010003100000,50,100031000151000002,,,1,1100000000000000334,151
9011010003100000,50,100031000153000001,,,1,1100000000000000334,153
9011010003100000,122,100031000155000001,,,1,1100000000000000334,155
9011010003100000,50,100031000163000001,,,1,1100000000000000334,163
9011010003100000,115,100031000501000001,,,1,1100000000000000320,501
9011010003100000,87,100031000511000001,,,1,1100000000000000320,511
9011010003100000,115,100031000515000001,,,1,1100000000000000320,515
9011010003100000,118,100031000517000001,,,1,1100000000000000320,517
9011010003100000,120,100031000073000002,,,1,1100000000000000333,73
9011010003100000,120,100031000077000001,,,1,1100000000000000334,77
9011010003100000,120,100031000083000002,,,1,1100000000000000334,83
9011010003100000,45,100031000085000001,,,1,1100000000000000334,85
9011010003100000,121,100031000087000001,,,1,1100000000000000334,87
9011010003100000,121,100031000089000001,,,1,1100000000000000334,89
9011010003100000,120,100031000091000001,,,1,1100000000000000334,91
9011010003100000,121,100031000095000001,,,1,1100000000000000334,95
9011010003100000,121,100031000097000001,,,1,1100000000000000334,97
9011010003100000,121,100031000099000001,,,1,1100000000000000334,99
9011010003100000,121,100031000105000001,,,1,1100000000000000334,105
9011010003100000,121,100031000111000001,,,1,1100000000000000334,111
9011010003100000,101,100031000117000003,,,1,1100000000000000334,117
9011010003100000,122,100031000125000002,,,1,1100000000000000333,125
9011010003100000,123,100031000127000001,,,1,1100000000000000334,127
9011010003100000,122,100031000129000001,,,1,1100000000000000334,129
9011010003100000,50,100031000137000001,,,1,1100000000000000334,137
9011010003100000,122,100031000143000001,,,1,1100000000000000334,143
9011010003100000,50,100031000147000002,,,1,1100000000000000334,147
9011010003100000,122,100031000151000001,,,1,1100000000000000334,151
9011010003100000,50,100031000155000002,,,1,1100000000000000334,155
9011010003100000,122,100031000157000001,,,1,1100000000000000321,157
9011010003100000,135,100031000503000003,,,1,1100000000000000320,503
9011010003100000,115,100031000505000001,,,1,1100000000000000320,505
9011010003100000,140,100031000509000003,,,1,1100000000000000320,509
9011010003100000,116,100031000511000002,,,1,1100000000000000320,511
9011010003100000,135,100031000517000003,,,1,1100000000000000320,517
9011010003100000,139,100031000521000001,,,1,1100000000000000320,521
9011010003100000,69,100031000523000001,,,1,1100000000000000320,523
9011010003100000,137,100031000523000003,,,1,1100000000000000320,523
9011010003100000,115,100031000527000001,,,1,1100000000000000320,527
9011010003100000,137,100031000529000001,,,1,1100000000000000320,529
9011010003100000,140,100031000529000002,,,1,1100000000000000320,529
9011010003100000,138,100031000529000003,,,1,1100000000000000320,529
9011010003100000,80,100031000531000001,,,1,1100000000000000320,531
9011010003100000,115,100031000537000001,,,1,1100000000000000320,537
9011010003100000,87,100031000539000001,,,1,1100000000000000320,539
9011010003100000,141,100031000713000001,,,1,1100000000000000328,713
9011010003100000,34,100031000913000002,,,1,1100000000000000328,913
9011010003100000,136,100031000521000002,,,1,1100000000000000320,521
9011010003100000,138,100031000523000002,,,1,1100000000000000320,523
9011010003100000,87,100031000525000001,,,1,1100000000000000320,525
9011010003100000,115,100031000535000001,,,1,1100000000000000320,535
9011010003100000,116,100031000701000001,,,1,1100000000000000328,701
9011010003100000,81,100031000713000003,,,1,1100000000000000328,713
9011010003100000,115,100031000003000001,,,1,1100000000000000324,3
9011010003100000,87,100031000011000002,,,1,1100000000000000324,11
9011010003100000,115,100031000015000001,,,1,1100000000000000324,15
9011010003100000,80,100031000031000001,,,1,1100000000000000324,31
9011010003100000,115,100031000037000001,,,1,1100000000000000324,37
9011010003100000,116,100031000039000002,,,1,1100000000000000324,39
9011010003100000,137,100031000043000001,,,1,1100000000000000324,43
9011010003100000,138,100031000043000003,,,1,1100000000000000324,43
9011010003100000,118,100031000045000002,,,1,1100000000000000324,45
9011010003100000,117,100031000053000001,,,1,1100000000000000335,53
9011010003100000,115,100031000055000001,,,1,1100000000000000335,55
9011010003100000,117,100031000067000001,,,1,1100000000000000335,67
9011010003100000,69,100031000069000004,,,1,1100000000000000330,69
9011010003100000,138,100031000071000002,,,1,1100000000000000331,71
9011010003100000,45,100031000073000001,,,1,1100000000000000333,73
9011010003100000,45,100031000077000002,,,1,1100000000000000334,77
9011010003100000,45,100031000083000001,,,1,1100000000000000334,83
9011010003100000,120,100031000085000002,,,1,1100000000000000334,85
9011010003100000,45,100031000091000002,,,1,1100000000000000334,91
9011010003100000,139,100031000001000001,,,1,1100000000000000323,1
9011010003100000,139,100031000005000002,,,1,1100000000000000324,5
9011010003100000,69,100031000009000004,,,1,1100000000000000325,9
9011010003100000,116,100031000011000001,,,1,1100000000000000324,11
9011010003100000,136,100031000021000002,,,1,1100000000000000324,21
9011010003100000,140,100031000023000002,,,1,1100000000000000324,23
9011010003100000,138,100031000023000003,,,1,1100000000000000324,23
9011010003100000,69,100031000029000004,,,1,1100000000000000324,29
9011010003100000,99,100031000031000002,,,1,1100000000000000324,31
9011010003100000,115,100031000033000001,,,1,1100000000000000324,33
9011010003100000,69,100031000043000004,,,1,1100000000000000324,43
9011010003100000,115,100031000047000001,,,1,1100000000000000324,47
9011010003100000,115,100031000049000001,,,1,1100000000000000324,49
9011010003100000,117,100031000061000002,,,1,1100000000000000335,61
9011010003100000,115,100031000065000001,,,1,1100000000000000329,65
9011010003100000,140,100031000069000002,,,1,1100000000000000330,69
9011010003100000,121,100031000081000001,,,1,1100000000000000334,81
9011010003100000,45,100031000093000001,,,1,1100000000000000334,93
9011010003100000,120,100031000093000002,,,1,1100000000000000334,93
9011010003100000,121,100031000109000001,,,1,1100000000000000334,109
9011010003100000,45,100031000115000001,,,1,1100000000000000334,115
9011010003100000,142,100031000117000002,,,1,1100000000000000334,117
9011010003100000,45,100031000119000001,,,1,1100000000000000334,119
9011010003100000,101,100031000121000001,,,1,1100000000000000331,121
9011010003100000,142,100031000121000003,,,1,1100000000000000331,121
9011010003100000,122,100031000149000002,,,1,1100000000000000332,149
9011010003100000,118,100031000503000001,,,1,1100000000000000320,503
9011010003100000,139,100031000507000001,,,1,1100000000000000320,507
9011010003100000,136,100031000507000002,,,1,1100000000000000320,507
9011010003100000,138,100031000509000004,,,1,1100000000000000320,509
9011010003100000,139,100031000517000002,,,1,1100000000000000320,517
9011010003100000,140,100031000523000004,,,1,1100000000000000320,523
9011010003100000,116,100031000525000002,,,1,1100000000000000320,525
9011010003100000,69,100031000529000004,,,1,1100000000000000320,529
9011010003100000,99,100031000531000002,,,1,1100000000000000320,531
9011010003100000,115,100031000533000001,,,1,1100000000000000320,533
9011010003100000,116,100031000539000002,,,1,1100000000000000320,539
9011010003100000,115,100031000705000001,,,1,1100000000000000326,705
9011010003100000,143,100031000713000002,,,1,1100000000000000328,713
9011010003100000,144,100031000713000004,,,1,1100000000000000328,713
9011010003100000,45,100031000101000001,,,1,1100000000000000334,101
9011010003100000,120,100031000101000002,,,1,1100000000000000334,101
9011010003100000,121,100031000103000001,,,1,1100000000000000334,103
9011010003100000,121,100031000107000001,,,1,1100000000000000334,107
9011010003100000,120,100031000115000002,,,1,1100000000000000334,115
9011010003100000,120,100031000119000002,,,1,1100000000000000334,119
9011010003100000,120,100031000123000001,,,1,1100000000000000331,123
9011010003100000,123,100031000131000001,,,1,1100000000000000334,131
9011010003100000,50,100031000133000001,,,1,1100000000000000334,133
9011010003100000,122,100031000141000002,,,1,1100000000000000334,141
9011010003100000,50,100031000143000002,,,1,1100000000000000334,143
9011010003100000,122,100031000145000001,,,1,1100000000000000334,145
9011010003100000,122,100031000147000001,,,1,1100000000000000334,147
9011010003100000,50,100031000149000001,,,1,1100000000000000332,149
9011010003100000,122,100031000153000002,,,1,1100000000000000334,153
9011010003100000,50,100031000159000001,,,1,1100000000000000322,159
9011010003100000,50,100031000161000001,,,1,1100000000000000322,161
9011010003100000,139,100031000503000002,,,1,1100000000000000320,503
9011010003100000,69,100031000509000001,,,1,1100000000000000320,509
9011010003100000,137,100031000509000002,,,1,1100000000000000320,509
9011010003100000,115,100031000513000001,,,1,1100000000000000320,513
9011010003100000,115,100031000519000001,,,1,1100000000000000320,519
9011010003100000,87,100031000703000001,,,1,1100000000000000328,703
9011010003100000,124,100031000913000001,,,1,1100000000000000328,913
9011010003100000,87,100031000008000001,,,0,1100000000000000337,8
9011010003100000,116,100031000008000002,,,0,1100000000000000337,8
9011010003100000,115,100031000012000001,,,0,1100000000000000338,12
9011010003100000,139,100031000020000002,,,0,1100000000000000338,20
9011010003100000,69,100031000006000002,,,0,1100000000000000349,6
9011010003100000,137,100031000006000003,,,0,1100000000000000349,6
9011010003100000,140,100031000006000004,,,0,1100000000000000349,6
9011010003100000,87,100031000010000001,,,0,1100000000000000351,10
9011010003100000,115,100031000016000001,,,0,1100000000000000338,16
9011010003100000,118,100031000020000001,,,0,1100000000000000338,20
9011010003100000,135,100031000020000003,,,0,1100000000000000338,20
9011010003100000,139,100031000028000001,,,0,1100000000000000338,28
9011010003100000,136,100031000028000002,,,0,1100000000000000338,28
9011010003100000,138,100031000032000001,,,0,1100000000000000338,32
9011010003100000,140,100031000032000003,,,0,1100000000000000338,32
9011010003100000,87,100031000036000001,,,0,1100000000000000338,36
9011010003100000,140,100031000044000002,,,0,1100000000000000338,44
9011010003100000,69,100031000044000004,,,0,1100000000000000338,44
9011010003100000,115,100031000060000001,,,0,1100000000000000338,60
9011010003100000,87,100031000064000001,,,0,1100000000000000338,64
9011010003100000,69,100031000032000002,,,0,1100000000000000338,32
9011010003100000,137,100031000032000004,,,0,1100000000000000338,32
9011010003100000,116,100031000036000002,,,0,1100000000000000338,36
9011010003100000,138,100031000044000003,,,0,1100000000000000338,44
9011010003100000,99,100031000048000001,,,0,1100000000000000338,48
9011010003100000,80,100031000048000002,,,0,1100000000000000338,48
9011010003100000,115,100031000056000001,,,0,1100000000000000338,56
9011010003100000,115,100031000068000001,,,0,1100000000000000338,68
9011010003100000,138,100031000072000003,,,0,1100000000000000338,72
9011010003100000,115,100031000088000001,,,0,1100000000000000338,88
9011010003100000,118,100031000092000002,,,0,1100000000000000342,92
9011010003100000,115,100031000098000001,,,0,1100000000000000342,98
9011010003100000,137,100031000100000001,,,0,1100000000000000341,100
9011010003100000,140,100031000100000002,,,0,1100000000000000341,100
9011010003100000,117,100031000118000002,,,0,1100000000000000350,118
9011010003100000,140,100031000122000003,,,0,1100000000000000350,122
9011010003100000,118,100031000124000001,,,0,1100000000000000344,124
9011010003100000,138,100031000126000002,,,0,1100000000000000345,126
9011010003100000,121,100031000136000001,,,0,1100000000000000347,136
9011010003100000,121,100031000158000001,,,0,1100000000000000347,158
9011010003100000,121,100031000166000001,,,0,1100000000000000347,166
9011010003100000,45,100031000170000001,,,0,1100000000000000347,170
9011010003100000,120,100031000170000002,,,0,1100000000000000347,170
9011010003100000,45,100031000172000001,,,0,1100000000000000347,172
9011010003100000,101,100031000176000003,,,0,1100000000000000347,176
9011010003100000,122,100031000184000002,,,0,1100000000000000347,184
9011010003100000,123,100031000186000001,,,0,1100000000000000347,186
9011010003100000,123,100031000190000001,,,0,1100000000000000347,190
9011010003100000,122,100031000196000001,,,0,1100000000000000347,196
9011010003100000,122,100031000198000001,,,0,1100000000000000347,198
9011010003100000,50,100031000200000001,,,0,1100000000000000347,200
9011010003100000,122,100031000202000001,,,0,1100000000000000347,202
9011010003100000,50,100031000204000001,,,0,1100000000000000347,204
9011010003100000,50,100031000218000001,,,0,1100000000000000346,218
9011010003100000,115,100031000502000001,,,0,1100000000000000336,502
9011010003100000,139,100031000504000001,,,0,1100000000000000336,504
9011010003100000,137,100031000510000001,,,0,1100000000000000336,510
9011010003100000,69,100031000510000004,,,0,1100000000000000336,510
9011010003100000,116,100031000512000002,,,0,1100000000000000336,512
9011010003100000,115,100031000514000001,,,0,1100000000000000336,514
9011010003100000,118,100031000518000002,,,0,1100000000000000336,518
9011010003100000,139,100031000518000003,,,0,1100000000000000336,518
9011010003100000,140,100031000072000002,,,0,1100000000000000338,72
9011010003100000,69,100031000072000004,,,0,1100000000000000338,72
9011010003100000,118,100031000076000002,,,0,1100000000000000338,76
9011010003100000,115,100031000106000001,,,0,1100000000000000342,106
9011010003100000,115,100031000116000001,,,0,1100000000000000343,116
9011010003100000,118,100031000118000001,,,0,1100000000000000350,118
9011010003100000,137,100031000122000002,,,0,1100000000000000350,122
9011010003100000,138,100031000122000004,,,0,1100000000000000350,122
9011010003100000,137,100031000128000002,,,0,1100000000000000352,128
9011010003100000,120,100031000140000002,,,0,1100000000000000347,140
9011010003100000,121,100031000142000001,,,0,1100000000000000347,142
9011010003100000,121,100031000144000001,,,0,1100000000000000347,144
9011010003100000,120,100031000146000002,,,0,1100000000000000347,146
9011010003100000,121,100031000152000001,,,0,1100000000000000347,152
9011010003100000,45,100031000156000001,,,0,1100000000000000347,156
9011010003100000,121,100031000162000001,,,0,1100000000000000347,162
9011010003100000,142,100031000172000002,,,0,1100000000000000347,172
9011010003100000,120,100031000180000001,,,0,1100000000000000346,180
9011010003100000,50,100031000188000001,,,0,1100000000000000347,188
9011010003100000,122,100031000192000002,,,0,1100000000000000347,192
9011010003100000,122,100031000210000001,,,0,1100000000000000347,210
9011010003100000,87,100031000512000001,,,0,1100000000000000336,512
9011010003100000,135,100031000518000001,,,0,1100000000000000336,518
9011010003100000,115,100031000520000001,,,0,1100000000000000336,520
9011010003100000,139,100031000522000001,,,0,1100000000000000336,522
9011010003100000,140,100031000524000002,,,0,1100000000000000336,524
9011010003100000,138,100031000524000003,,,0,1100000000000000336,524
9011010003100000,87,100031000526000002,,,0,1100000000000000336,526
9011010003100000,80,100031000532000002,,,0,1100000000000000336,532
9011010003100000,115,100031000534000001,,,0,1100000000000000336,534
9011010003100000,139,100031000702000001,,,0,1100000000000000339,702
9011010003100000,138,100031000708000002,,,0,1100000000000000339,708
9011010003100000,69,100031000708000003,,,0,1100000000000000339,708
9011010003100000,115,100031000710000001,,,0,1100000000000000339,710
9011010003100000,136,100031000522000002,,,0,1100000000000000336,522
9011010003100000,116,100031000540000002,,,0,1100000000000000336,540
9011010003100000,136,100031000702000002,,,0,1100000000000000339,702
9011010003100000,139,100031000704000001,,,0,1100000000000000340,704
9011010003100000,116,100031000002000001,,,0,1100000000000000351,2
9011010003100000,138,100031000006000001,,,0,1100000000000000349,6
9011010003100000,137,100031000072000001,,,0,1100000000000000338,72
9011010003100000,117,100031000076000001,,,0,1100000000000000338,76
9011010003100000,115,100031000084000001,,,0,1100000000000000338,84
9011010003100000,136,100031000004000001,,,0,1100000000000000351,4
9011010003100000,139,100031000004000002,,,0,1100000000000000351,4
9011010003100000,115,100031000024000001,,,0,1100000000000000338,24
9011010003100000,115,100031000040000001,,,0,1100000000000000338,40
9011010003100000,137,100031000044000001,,,0,1100000000000000338,44
9011010003100000,115,100031000052000001,,,0,1100000000000000338,52
9011010003100000,116,100031000064000002,,,0,1100000000000000338,64
9011010003100000,115,100031000080000001,,,0,1100000000000000338,80
9011010003100000,117,100031000092000001,,,0,1100000000000000342,92
9011010003100000,138,100031000100000003,,,0,1100000000000000341,100
9011010003100000,69,100031000100000004,,,0,1100000000000000341,100
9011010003100000,115,100031000108000001,,,0,1100000000000000342,108
9011010003100000,117,100031000110000001,,,0,1100000000000000342,110
9011010003100000,115,100031000112000001,,,0,1100000000000000343,112
9011010003100000,115,100031000114000001,,,0,1100000000000000342,114
9011010003100000,137,100031000126000001,,,0,1100000000000000345,126
9011010003100000,121,100031000130000001,,,0,1100000000000000347,130
9011010003100000,120,100031000132000001,,,0,1100000000000000347,132
9011010003100000,45,100031000132000002,,,0,1100000000000000347,132
9011010003100000,120,100031000138000002,,,0,1100000000000000347,138
9011010003100000,120,100031000148000001,,,0,1100000000000000347,148
9011010003100000,45,100031000148000002,,,0,1100000000000000347,148
9011010003100000,121,100031000150000001,,,0,1100000000000000347,150
9011010003100000,121,100031000164000001,,,0,1100000000000000347,164
9011010003100000,101,100031000172000003,,,0,1100000000000000347,172
9011010003100000,45,100031000174000001,,,0,1100000000000000347,174
9011010003100000,120,100031000174000002,,,0,1100000000000000347,174
9011010003100000,142,100031000176000001,,,0,1100000000000000347,176
9011010003100000,45,100031000176000002,,,0,1100000000000000347,176
9011010003100000,120,100031000178000001,,,0,1100000000000000348,178
9011010003100000,50,100031000192000001,,,0,1100000000000000347,192
9011010003100000,50,100031000198000002,,,0,1100000000000000347,198
9011010003100000,122,100031000204000002,,,0,1100000000000000347,204
9011010003100000,122,100031000206000002,,,0,1100000000000000347,206
9011010003100000,122,100031000208000001,,,0,1100000000000000347,208
9011010003100000,50,100031000208000002,,,0,1100000000000000347,208
9011010003100000,50,100031000212000001,,,0,1100000000000000347,212
9011010003100000,122,100031000212000002,,,0,1100000000000000347,212
9011010003100000,50,100031000216000001,,,0,1100000000000000348,216
9011010003100000,115,100031000506000001,,,0,1100000000000000336,506
9011010003100000,139,100031000508000001,,,0,1100000000000000336,508
9011010003100000,136,100031000508000002,,,0,1100000000000000336,508
9011010003100000,140,100031000510000002,,,0,1100000000000000336,510
9011010003100000,138,100031000510000003,,,0,1100000000000000336,510
9011010003100000,116,100031000526000001,,,0,1100000000000000336,526
9011010003100000,137,100031000530000002,,,0,1100000000000000336,530
9011010003100000,140,100031000530000003,,,0,1100000000000000336,530
9011010003100000,115,100031000542000001,,,0,1100000000000000336,542
9011010003100000,115,100031000706000001,,,0,1100000000000000340,706
9011010003100000,140,100031000708000001,,,0,1100000000000000339,708
9011010003100000,137,100031000708000004,,,0,1100000000000000339,708
9011010003100000,118,100031000110000002,,,0,1100000000000000342,110
9011010003100000,69,100031000122000001,,,0,1100000000000000350,122
9011010003100000,138,100031000128000001,,,0,1100000000000000352,128
9011010003100000,121,100031000134000001,,,0,1100000000000000347,134
9011010003100000,45,100031000138000001,,,0,1100000000000000347,138
9011010003100000,45,100031000140000001,,,0,1100000000000000347,140
9011010003100000,45,100031000146000001,,,0,1100000000000000347,146
9011010003100000,121,100031000154000001,,,0,1100000000000000347,154
9011010003100000,120,100031000156000002,,,0,1100000000000000347,156
9011010003100000,121,100031000160000001,,,0,1100000000000000347,160
9011010003100000,121,100031000168000001,,,0,1100000000000000347,168
9011010003100000,123,100031000182000001,,,0,1100000000000000347,182
9011010003100000,50,100031000184000001,,,0,1100000000000000347,184
9011010003100000,122,100031000188000002,,,0,1100000000000000347,188
9011010003100000,123,100031000194000001,,,0,1100000000000000347,194
9011010003100000,50,100031000196000002,,,0,1100000000000000347,196
9011010003100000,122,100031000200000002,,,0,1100000000000000347,200
9011010003100000,50,100031000202000002,,,0,1100000000000000347,202
9011010003100000,50,100031000206000001,,,0,1100000000000000347,206
9011010003100000,50,100031000210000002,,,0,1100000000000000347,210
9011010003100000,50,100031000214000001,,,0,1100000000000000347,214
9011010003100000,118,100031000504000002,,,0,1100000000000000336,504
9011010003100000,135,100031000504000003,,,0,1100000000000000336,504
9011010003100000,115,100031000516000001,,,0,1100000000000000336,516
9011010003100000,137,100031000524000001,,,0,1100000000000000336,524
9011010003100000,69,100031000524000004,,,0,1100000000000000336,524
9011010003100000,115,100031000528000001,,,0,1100000000000000336,528
9011010003100000,69,100031000530000001,,,0,1100000000000000336,530
9011010003100000,138,100031000530000004,,,0,1100000000000000336,530
9011010003100000,99,100031000532000001,,,0,1100000000000000336,532
9011010003100000,115,100031000536000001,,,0,1100000000000000336,536
9011010003100000,115,100031000538000001,,,0,1100000000000000336,538
9011010003100000,87,100031000540000001,,,0,1100000000000000336,540
9011010003100000,136,100031000704000002,,,0,1100000000000000340,704
9011010003200000,138,100032000001000003,,,1,1100000000000000522,1
9011010003200000,135,100032000007000001,,,1,1100000000000000519,7
9011010003200000,115,100032000011000001,,,1,1100000000000000510,11
9011010003200000,136,100032000019000002,,,1,1100000000000000521,19
9011010003200000,118,100032000021000001,,,1,1100000000000000512,21
9011010003200000,139,100032000021000002,,,1,1100000000000000512,21
9011010003200000,135,100032000021000003,,,1,1100000000000000512,21
9011010003200000,137,100032000023000002,,,1,1100000000000000521,23
9011010003200000,140,100032000023000003,,,1,1100000000000000521,23
9011010003200000,115,100032000031000001,,,1,1100000000000000521,31
9011010003200000,87,100032000039000001,,,1,1100000000000000510,39
9011010003200000,69,100032000053000001,,,1,1100000000000000521,53
9011010003200000,140,100032000053000003,,,1,1100000000000000521,53
9011010003200000,137,100032000053000004,,,1,1100000000000000521,53
9011010003200000,115,100032000061000001,,,1,1100000000000000521,61
9011010003200000,69,100032000065000001,,,1,1100000000000000521,65
9011010003200000,140,100032000065000003,,,1,1100000000000000521,65
9011010003200000,116,100032000067000002,,,1,1100000000000000510,67
9011010003200000,99,100032000069000001,,,1,1100000000000000521,69
9011010003200000,80,100032000069000002,,,1,1100000000000000521,69
9011010003200000,69,100032000075000004,,,1,1100000000000000510,75
9011010003200000,115,100032000083000001,,,1,1100000000000000510,83
9011010003200000,115,100032000087000001,,,1,1100000000000000510,87
9011010003200000,117,100032000095000001,,,1,1100000000000000521,95
9011010003200000,115,100032000099000001,,,1,1100000000000000521,99
9011010003200000,115,100032000101000001,,,1,1100000000000000521,101
9011010003200000,137,100032000113000003,,,1,1100000000000000516,113
9011010003200000,138,100032000113000004,,,1,1100000000000000516,113
9011010003200000,117,100032000115000001,,,1,1100000000000000523,115
9011010003200000,118,100032000117000001,,,1,1100000000000000514,117
9011010003200000,45,100032000123000001,,,1,1100000000000000521,123
9011010003200000,120,100032000129000001,,,1,1100000000000000521,129
9011010003200000,45,100032000129000002,,,1,1100000000000000521,129
9011010003200000,45,100032000135000001,,,1,1100000000000000521,135
9011010003200000,121,100032000157000001,,,1,1100000000000000513,157
9011010003200000,45,100032000167000002,,,1,1100000000000000521,167
9011010003200000,69,100032000001000001,,,1,1100000000000000522,1
9011010003200000,137,100032000001000004,,,1,1100000000000000522,1
9011010003200000,139,100032000007000002,,,1,1100000000000000519,7
9011010003200000,118,100032000007000003,,,1,1100000000000000519,7
9011010003200000,115,100032000025000001,,,1,1100000000000000510,25
9011010003200000,116,100032000027000001,,,1,1100000000000000521,27
9011010003200000,87,100032000027000002,,,1,1100000000000000521,27
9011010003200000,139,100032000029000001,,,1,1100000000000000510,29
9011010003200000,138,100032000035000002,,,1,1100000000000000510,35
9011010003200000,140,100032000035000004,,,1,1100000000000000510,35
9011010003200000,115,100032000037000001,,,1,1100000000000000521,37
9011010003200000,118,100032000041000001,,,1,1100000000000000521,41
9011010003200000,115,100032000045000001,,,1,1100000000000000521,45
9011010003200000,101,100032000169000002,,,1,1100000000000000521,169
9011010003200000,142,100032000169000003,,,1,1100000000000000521,169
9011010003200000,45,100032000171000001,,,1,1100000000000000515,171
9011010003200000,120,100032000171000002,,,1,1100000000000000515,171
9011010003200000,50,100032000177000001,,,1,1100000000000000521,177
9011010003200000,50,100032000193000001,,,1,1100000000000000521,193
9011010003200000,122,100032000195000001,,,1,1100000000000000521,195
9011010003200000,122,100032000199000001,,,1,1100000000000000521,199
9011010003200000,122,100032000207000001,,,1,1100000000000000513,207
9011010003200000,50,100032000211000001,,,1,1100000000000000515,211
9011010003200000,69,100032000047000004,,,1,1100000000000000510,47
9011010003200000,136,100032000049000001,,,1,1100000000000000521,49
9011010003200000,99,100032000051000002,,,1,1100000000000000510,51
9011010003200000,87,100032000067000001,,,1,1100000000000000510,67
9011010003200000,115,100032000071000001,,,1,1100000000000000510,71
9011010003200000,137,100032000075000001,,,1,1100000000000000510,75
9011010003200000,117,100032000103000002,,,1,1100000000000000516,103
9011010003200000,115,100032000109000001,,,1,1100000000000000516,109
9011010003200000,117,100032000111000001,,,1,1100000000000000516,111
9011010003200000,69,100032000113000001,,,1,1100000000000000516,113
9011010003200000,120,100032000137000002,,,1,1100000000000000521,137
9011010003200000,120,100032000145000001,,,1,1100000000000000521,145
9011010003200000,45,100032000145000002,,,1,1100000000000000521,145
9011010003200000,121,100032000149000001,,,1,1100000000000000521,149
9011010003200000,121,100032000151000001,,,1,1100000000000000521,151
9011010003200000,120,100032000153000002,,,1,1100000000000000513,153
9011010003200000,121,100032000161000001,,,1,1100000000000000521,161
9011010003200000,142,100032000165000001,,,1,1100000000000000521,165
9011010003200000,123,100032000179000001,,,1,1100000000000000521,179
9011010003200000,50,100032000181000001,,,1,1100000000000000521,181
9011010003200000,50,100032000185000001,,,1,1100000000000000521,185
9011010003200000,122,100032000185000002,,,1,1100000000000000521,185
9011010003200000,122,100032000189000001,,,1,1100000000000000521,189
9011010003200000,50,100032000197000002,,,1,1100000000000000521,197
9011010003200000,122,100032000203000002,,,1,1100000000000000521,203
9011010003200000,50,100032000213000001,,,1,1100000000000000523,213
9011010003200000,140,100032000703000001,,,1,1100000000000000518,703
9011010003200000,115,100032000013000001,,,1,1100000000000000521,13
9011010003200000,115,100032000017000001,,,1,1100000000000000510,17
9011010003200000,139,100032000019000001,,,1,1100000000000000521,19
9011010003200000,69,100032000023000001,,,1,1100000000000000521,23
9011010003200000,136,100032000029000002,,,1,1100000000000000510,29
9011010003200000,116,100032000039000002,,,1,1100000000000000510,39
9011010003200000,139,100032000041000002,,,1,1100000000000000521,41
9011010003200000,140,100032000047000002,,,1,1100000000000000510,47
9011010003200000,138,100032000047000003,,,1,1100000000000000510,47
9011010003200000,139,100032000049000002,,,1,1100000000000000521,49
9011010003200000,138,100032000053000002,,,1,1100000000000000521,53
9011010003200000,115,100032000055000001,,,1,1100000000000000510,55
9011010003200000,87,100032000057000001,,,1,1100000000000000521,57
9011010003200000,116,100032000057000002,,,1,1100000000000000521,57
9011010003200000,115,100032000063000001,,,1,1100000000000000510,63
9011010003200000,137,100032000065000002,,,1,1100000000000000521,65
9011010003200000,115,100032000073000001,,,1,1100000000000000521,73
9011010003200000,138,100032000075000003,,,1,1100000000000000510,75
9011010003200000,115,100032000077000001,,,1,1100000000000000521,77
9011010003200000,117,100032000079000001,,,1,1100000000000000510,79
9011010003200000,115,100032000081000001,,,1,1100000000000000521,81
9011010003200000,115,100032000089000001,,,1,1100000000000000521,89
9011010003200000,115,100032000091000001,,,1,1100000000000000510,91
9011010003200000,140,100032000093000002,,,1,1100000000000000521,93
9011010003200000,138,100032000093000003,,,1,1100000000000000521,93
9011010003200000,118,100032000095000002,,,1,1100000000000000521,95
9011010003200000,118,100032000103000001,,,1,1100000000000000516,103
9011010003200000,115,100032000105000001,,,1,1100000000000000516,105
9011010003200000,115,100032000107000001,,,1,1100000000000000516,107
9011010003200000,118,100032000111000002,,,1,1100000000000000516,111
9011010003200000,121,100032000121000001,,,1,1100000000000000521,121
9011010003200000,45,100032000127000002,,,1,1100000000000000521,127
9011010003200000,121,100032000133000001,,,1,1100000000000000521,133
9011010003200000,120,100032000135000002,,,1,1100000000000000521,135
9011010003200000,45,100032000137000001,,,1,1100000000000000521,137
9011010003200000,121,100032000143000001,,,1,1100000000000000521,143
9011010003200000,121,100032000155000001,,,1,1100000000000000521,155
9011010003200000,121,100032000159000001,,,1,1100000000000000521,159
9011010003200000,45,100032000169000001,,,1,1100000000000000521,169
9011010003200000,120,100032000173000001,,,1,1100000000000000523,173
9011010003200000,122,100032000177000002,,,1,1100000000000000521,177
9011010003200000,123,100032000183000001,,,1,1100000000000000521,183
9011010003200000,123,100032000187000001,,,1,1100000000000000521,187
9011010003200000,50,100032000195000002,,,1,1100000000000000521,195
9011010003200000,50,100032000199000002,,,1,1100000000000000521,199
9011010003200000,50,100032000205000001,,,1,1100000000000000521,205
9011010003200000,122,100032000205000002,,,1,1100000000000000521,205
9011010003200000,50,100032000209000001,,,1,1100000000000000521,209
9011010003200000,138,100032000703000002,,,1,1100000000000000518,703
9011010003200000,137,100032000705000001,,,1,1100000000000000517,705
9011010003200000,140,100032000705000002,,,1,1100000000000000517,705
9011010003200000,138,100032000705000003,,,1,1100000000000000517,705
9011010003200000,69,100032000705000004,,,1,1100000000000000517,705
9011010003200000,140,100032000001000002,,,1,1100000000000000522,1
9011010003200000,115,100032000003000001,,,1,1100000000000000521,3
9011010003200000,138,100032000023000004,,,1,1100000000000000521,23
9011010003200000,69,100032000035000001,,,1,1100000000000000510,35
9011010003200000,137,100032000035000003,,,1,1100000000000000510,35
9011010003200000,135,100032000041000003,,,1,1100000000000000521,41
9011010003200000,115,100032000043000001,,,1,1100000000000000510,43
9011010003200000,137,100032000047000001,,,1,1100000000000000510,47
9011010003200000,80,100032000051000001,,,1,1100000000000000510,51
9011010003200000,115,100032000059000001,,,1,1100000000000000510,59
9011010003200000,138,100032000065000004,,,1,1100000000000000521,65
9011010003200000,140,100032000075000002,,,1,1100000000000000510,75
9011010003200000,118,100032000079000002,,,1,1100000000000000510,79
9011010003200000,87,100032000085000001,,,1,1100000000000000521,85
9011010003200000,116,100032000085000002,,,1,1100000000000000521,85
9011010003200000,137,100032000093000001,,,1,1100000000000000521,93
9011010003200000,69,100032000093000004,,,1,1100000000000000521,93
9011010003200000,115,100032000097000001,,,1,1100000000000000521,97
9011010003200000,140,100032000113000002,,,1,1100000000000000516,113
9011010003200000,137,100032000119000001,,,1,1100000000000000523,119
9011010003200000,138,100032000119000002,,,1,1100000000000000523,119
9011010003200000,120,100032000123000002,,,1,1100000000000000521,123
9011010003200000,121,100032000125000001,,,1,1100000000000000521,125
9011010003200000,120,100032000127000001,,,1,1100000000000000521,127
9011010003200000,121,100032000131000001,,,1,1100000000000000521,131
9011010003200000,121,100032000139000001,,,1,1100000000000000521,139
9011010003200000,121,100032000141000001,,,1,1100000000000000521,141
9011010003200000,121,100032000147000001,,,1,1100000000000000521,147
9011010003200000,45,100032000153000001,,,1,1100000000000000513,153
9011010003200000,45,100032000163000001,,,1,1100000000000000521,163
9011010003200000,120,100032000163000002,,,1,1100000000000000521,163
9011010003200000,45,100032000165000002,,,1,1100000000000000521,165
9011010003200000,101,100032000165000003,,,1,1100000000000000521,165
9011010003200000,120,100032000167000001,,,1,1100000000000000521,167
9011010003200000,123,100032000175000001,,,1,1100000000000000521,175
9011010003200000,122,100032000181000002,,,1,1100000000000000521,181
9011010003200000,50,100032000189000002,,,1,1100000000000000521,189
9011010003200000,122,100032000191000001,,,1,1100000000000000521,191
9011010003200000,50,100032000191000002,,,1,1100000000000000521,191
9011010003200000,122,100032000193000002,,,1,1100000000000000521,193
9011010003200000,122,100032000197000001,,,1,1100000000000000521,197
9011010003200000,122,100032000201000001,,,1,1100000000000000521,201
9011010003200000,50,100032000201000002,,,1,1100000000000000521,201
9011010003200000,50,100032000203000001,,,1,1100000000000000521,203
9011010003200000,115,100032000701000001,,,1,1100000000000000520,701
9011010003200000,69,100032000703000003,,,1,1100000000000000518,703
9011010003200000,137,100032000703000004,,,1,1100000000000000518,703
9011010003200000,118,100032000002000003,,,0,1100000000000000524,2
9011010003200000,115,100032000004000001,,,0,1100000000000000524,4
9011010003200000,138,100032000010000002,,,0,1100000000000000524,10
9011010003200000,115,100032000016000001,,,0,1100000000000000511,16
9011010003200000,115,100032000022000001,,,0,1100000000000000524,22
9011010003200000,138,100032000024000004,,,0,1100000000000000511,24
9011010003200000,118,100032000026000001,,,0,1100000000000000524,26
9011010003200000,139,100032000026000002,,,0,1100000000000000524,26
9011010003200000,87,100032000028000001,,,0,1100000000000000511,28
9011010003200000,136,100032000034000001,,,0,1100000000000000524,34
9011010003200000,138,100032000038000003,,,0,1100000000000000524,38
9011010003200000,69,100032000038000004,,,0,1100000000000000524,38
9011010003200000,115,100032000044000001,,,0,1100000000000000511,44
9011010003200000,137,100032000050000003,,,0,1100000000000000524,50
9011010003200000,138,100032000050000004,,,0,1100000000000000524,50
9011010003200000,137,100032000052000001,,,0,1100000000000000511,52
9011010003200000,138,100032000052000003,,,0,1100000000000000511,52
9011010003200000,80,100032000054000002,,,0,1100000000000000524,54
9011010003200000,116,100032000056000002,,,0,1100000000000000511,56
9011010003200000,69,100032000064000001,,,0,1100000000000000511,64
9011010003200000,140,100032000064000003,,,0,1100000000000000511,64
9011010003200000,138,100032000064000004,,,0,1100000000000000511,64
9011010003200000,115,100032000066000001,,,0,1100000000000000524,66
9011010003200000,69,100032000084000002,,,0,1100000000000000524,84
9011010003200000,137,100032000084000003,,,0,1100000000000000524,84
9011010003200000,118,100032000090000001,,,0,1100000000000000530,90
9011010003200000,87,100032000092000001,,,0,1100000000000000511,92
9011010003200000,115,100032000106000001,,,0,1100000000000000527,106
9011010003200000,138,100032000110000001,,,0,1100000000000000527,110
9011010003200000,120,100032000124000002,,,0,1100000000000000526,124
9011010003200000,120,100032000130000001,,,0,1100000000000000526,130
9011010003200000,45,100032000130000002,,,0,1100000000000000526,130
9011010003200000,121,100032000136000001,,,0,1100000000000000526,136
9011010003200000,121,100032000138000001,,,0,1100000000000000526,138
9011010003200000,120,100032000148000001,,,0,1100000000000000526,148
9011010003200000,121,100032000150000001,,,0,1100000000000000526,150
9011010003200000,120,100032000158000002,,,0,1100000000000000526,158
9011010003200000,120,100032000162000002,,,0,1100000000000000526,162
9011010003200000,120,100032000168000001,,,0,1100000000000000529,168
9011010003200000,139,100032000002000001,,,0,1100000000000000524,2
9011010003200000,115,100032000008000001,,,0,1100000000000000511,8
9011010003200000,69,100032000010000001,,,0,1100000000000000524,10
9011010003200000,140,100032000010000003,,,0,1100000000000000524,10
9011010003200000,118,100032000012000001,,,0,1100000000000000511,12
9011010003200000,115,100032000030000001,,,0,1100000000000000524,30
9011010003200000,115,100032000032000001,,,0,1100000000000000511,32
9011010003200000,137,100032000038000001,,,0,1100000000000000524,38
9011010003200000,140,100032000038000002,,,0,1100000000000000524,38
9011010003200000,118,100032000040000001,,,0,1100000000000000511,40
9011010003200000,139,100032000040000002,,,0,1100000000000000511,40
9011010003200000,135,100032000040000003,,,0,1100000000000000511,40
9011010003200000,87,100032000042000001,,,0,1100000000000000524,42
9011010003200000,116,100032000042000002,,,0,1100000000000000524,42
9011010003200000,50,100032000176000002,,,0,1100000000000000526,176
9011010003200000,122,100032000180000002,,,0,1100000000000000526,180
9011010003200000,50,100032000184000001,,,0,1100000000000000526,184
9011010003200000,122,100032000186000001,,,0,1100000000000000526,186
9011010003200000,50,100032000188000001,,,0,1100000000000000526,188
9011010003200000,122,100032000192000002,,,0,1100000000000000526,192
9011010003200000,50,100032000194000002,,,0,1100000000000000526,194
9011010003200000,122,100032000196000002,,,0,1100000000000000526,196
9011010003200000,50,100032000202000001,,,0,1100000000000000526,202
9011010003200000,50,100032000206000001,,,0,1100000000000000529,206
9011010003200000,140,100032000700000002,,,0,1100000000000000525,700
9011010003200000,138,100032000700000003,,,0,1100000000000000525,700
9011010003200000,99,100032000776000002,,,0,1100000000000000525,776
9011010003200000,137,100032000782000002,,,0,1100000000000000525,782
9011010003200000,115,100032000046000001,,,0,1100000000000000524,46
9011010003200000,136,100032000048000001,,,0,1100000000000000511,48
9011010003200000,115,100032000060000001,,,0,1100000000000000511,60
9011010003200000,99,100032000068000002,,,0,1100000000000000511,68
9011010003200000,115,100032000080000001,,,0,1100000000000000511,80
9011010003200000,140,100032000084000004,,,0,1100000000000000524,84
9011010003200000,115,100032000086000001,,,0,1100000000000000511,86
9011010003200000,115,100032000096000001,,,0,1100000000000000530,96
9011010003200000,115,100032000102000001,,,0,1100000000000000527,102
9011010003200000,115,100032000104000001,,,0,1100000000000000527,104
9011010003200000,45,100032000118000001,,,0,1100000000000000526,118
9011010003200000,45,100032000122000001,,,0,1100000000000000526,122
9011010003200000,45,100032000124000001,,,0,1100000000000000526,124
9011010003200000,121,100032000126000001,,,0,1100000000000000526,126
9011010003200000,120,100032000132000002,,,0,1100000000000000526,132
9011010003200000,45,100032000140000001,,,0,1100000000000000526,140
9011010003200000,120,100032000140000002,,,0,1100000000000000526,140
9011010003200000,45,100032000148000002,,,0,1100000000000000526,148
9011010003200000,121,100032000154000001,,,0,1100000000000000526,154
9011010003200000,121,100032000156000001,,,0,1100000000000000526,156
9011010003200000,45,100032000158000001,,,0,1100000000000000526,158
9011010003200000,142,100032000160000002,,,0,1100000000000000526,160
9011010003200000,45,100032000166000001,,,0,1100000000000000526,166
9011010003200000,123,100032000174000001,,,0,1100000000000000526,174
9011010003200000,123,100032000182000001,,,0,1100000000000000526,182
9011010003200000,122,100032000184000002,,,0,1100000000000000526,184
9011010003200000,50,100032000190000001,,,0,1100000000000000526,190
9011010003200000,50,100032000196000001,,,0,1100000000000000526,196
9011010003200000,122,100032000202000002,,,0,1100000000000000526,202
9011010003200000,50,100032000204000001,,,0,1100000000000000526,204
9011010003200000,140,100032000782000003,,,0,1100000000000000525,782
9011010003200000,138,100032000782000004,,,0,1100000000000000525,782
9011010003200000,135,100032000002000002,,,0,1100000000000000524,2
9011010003200000,139,100032000006000001,,,0,1100000000000000524,6
9011010003200000,135,100032000012000003,,,0,1100000000000000511,12
9011010003200000,87,100032000014000001,,,0,1100000000000000524,14
9011010003200000,139,100032000020000002,,,0,1100000000000000511,20
9011010003200000,140,100032000024000002,,,0,1100000000000000511,24
9011010003200000,137,100032000024000003,,,0,1100000000000000511,24
9011010003200000,116,100032000028000002,,,0,1100000000000000511,28
9011010003200000,115,100032000036000001,,,0,1100000000000000511,36
9011010003200000,140,100032000050000002,,,0,1100000000000000524,50
9011010003200000,115,100032000062000001,,,0,1100000000000000524,62
9011010003200000,80,100032000068000001,,,0,1100000000000000511,68
9011010003200000,116,100032000072000002,,,0,1100000000000000524,72
9011010003200000,138,100032000084000001,,,0,1100000000000000524,84
9011010003200000,117,100032000090000002,,,0,1100000000000000530,90
9011010003200000,116,100032000092000002,,,0,1100000000000000511,92
9011010003200000,115,100032000094000001,,,0,1100000000000000530,94
9011010003200000,117,100032000100000002,,,0,1100000000000000527,100
9011010003200000,117,100032000108000001,,,0,1100000000000000527,108
9011010003200000,137,100032000110000003,,,0,1100000000000000527,110
9011010003200000,140,100032000110000004,,,0,1100000000000000527,110
9011010003200000,117,100032000112000002,,,0,1100000000000000527,112
9011010003200000,137,100032000114000002,,,0,1100000000000000526,114
9011010003200000,137,100032000116000001,,,0,1100000000000000528,116
9011010003200000,120,100032000122000002,,,0,1100000000000000526,122
9011010003200000,121,100032000128000001,,,0,1100000000000000526,128
9011010003200000,45,100032000132000001,,,0,1100000000000000526,132
9011010003200000,121,100032000142000001,,,0,1100000000000000526,142
9011010003200000,121,100032000144000001,,,0,1100000000000000526,144
9011010003200000,121,100032000152000001,,,0,1100000000000000526,152
9011010003200000,101,100032000160000001,,,0,1100000000000000526,160
9011010003200000,45,100032000162000001,,,0,1100000000000000526,162
9011010003200000,142,100032000164000002,,,0,1100000000000000526,164
9011010003200000,101,100032000164000003,,,0,1100000000000000526,164
9011010003200000,120,100032000166000002,,,0,1100000000000000526,166
9011010003200000,50,100032000172000001,,,0,1100000000000000526,172
9011010003200000,122,100032000172000002,,,0,1100000000000000526,172
9011010003200000,50,100032000180000001,,,0,1100000000000000526,180
9011010003200000,122,100032000194000001,,,0,1100000000000000526,194
9011010003200000,122,100032000198000001,,,0,1100000000000000526,198
9011010003200000,50,100032000198000002,,,0,1100000000000000526,198
9011010003200000,137,100032000700000001,,,0,1100000000000000525,700
9011010003200000,80,100032000776000001,,,0,1100000000000000525,776
9011010003200000,69,100032000782000001,,,0,1100000000000000525,782
9011010003200000,136,100032000006000002,,,0,1100000000000000524,6
9011010003200000,137,100032000010000004,,,0,1100000000000000524,10
9011010003200000,139,100032000012000002,,,0,1100000000000000511,12
9011010003200000,116,100032000014000002,,,0,1100000000000000524,14
9011010003200000,115,100032000018000001,,,0,1100000000000000524,18
9011010003200000,136,100032000020000001,,,0,1100000000000000511,20
9011010003200000,69,100032000024000001,,,0,1100000000000000511,24
9011010003200000,135,100032000026000003,,,0,1100000000000000524,26
9011010003200000,139,100032000034000002,,,0,1100000000000000524,34
9011010003200000,139,100032000048000002,,,0,1100000000000000511,48
9011010003200000,69,100032000050000001,,,0,1100000000000000524,50
9011010003200000,140,100032000052000002,,,0,1100000000000000511,52
9011010003200000,69,100032000052000004,,,0,1100000000000000511,52
9011010003200000,99,100032000054000001,,,0,1100000000000000524,54
9011010003200000,87,100032000056000001,,,0,1100000000000000511,56
9011010003200000,115,100032000058000001,,,0,1100000000000000524,58
9011010003200000,137,100032000064000002,,,0,1100000000000000511,64
9011010003200000,87,100032000072000001,,,0,1100000000000000524,72
9011010003200000,115,100032000074000001,,,0,1100000000000000511,74
9011010003200000,115,100032000078000001,,,0,1100000000000000524,78
9011010003200000,115,100032000098000001,,,0,1100000000000000530,98
9011010003200000,118,100032000100000001,,,0,1100000000000000527,100
9011010003200000,118,100032000108000002,,,0,1100000000000000527,108
9011010003200000,69,100032000110000002,,,0,1100000000000000527,110
9011010003200000,118,100032000112000001,,,0,1100000000000000527,112
9011010003200000,138,100032000114000001,,,0,1100000000000000526,114
9011010003200000,138,100032000116000002,,,0,1100000000000000528,116
9011010003200000,120,100032000118000002,,,0,1100000000000000526,118
9011010003200000,121,100032000120000001,,,0,1100000000000000526,120
9011010003200000,121,100032000134000001,,,0,1100000000000000526,134
9011010003200000,121,100032000146000001,,,0,1100000000000000526,146
9011010003200000,45,100032000160000003,,,0,1100000000000000526,160
9011010003200000,45,100032000164000001,,,0,1100000000000000526,164
9011010003200000,120,100032000170000001,,,0,1100000000000000528,170
9011010003200000,122,100032000176000001,,,0,1100000000000000526,176
9011010003200000,123,100032000178000001,,,0,1100000000000000526,178
9011010003200000,50,100032000186000002,,,0,1100000000000000526,186
9011010003200000,122,100032000188000002,,,0,1100000000000000526,188
9011010003200000,122,100032000190000002,,,0,1100000000000000526,190
9011010003200000,50,100032000192000001,,,0,1100000000000000526,192
9011010003200000,50,100032000200000001,,,0,1100000000000000526,200
9011010003200000,122,100032000200000002,,,0,1100000000000000526,200
9011010003200000,50,100032000208000001,,,0,1100000000000000528,208
9011010003200000,69,100032000700000004,,,0,1100000000000000525,700
9011010003500000,121,100035000005000001,,,1,1100000000000000839,5
9011010003500000,50,100035000007000001,,,1,1100000000000000839,7
9011010003500000,77,100035000011000001,,,1,1100000000000000839,11
9011010003500000,87,100035000013000001,,,1,1100000000000000839,13
9011010003500000,115,100035000001000001,,,1,1100000000000000839,1
9011010003500000,122,100035000007000002,,,1,1100000000000000839,7
9011010003500000,136,100035000009000001,,,1,1100000000000000839,9
9011010003500000,139,100035000003000001,,,1,1100000000000000839,3
9011010003500000,140,100035000002000001,,,0,1100000000000000840,2
9011010003500000,80,100035000004000002,,,0,1100000000000000840,4
9011010003500000,45,100035000006000001,,,0,1100000000000000840,6
9011010003500000,50,100035000008000001,,,0,1100000000000000840,8
9011010003500000,99,100035000004000001,,,0,1100000000000000840,4
9011010003500000,142,100035000006000002,,,0,1100000000000000840,6
9011010003500000,122,100035000008000002,,,0,1100000000000000840,8
9011010003500000,145,100035000012000001,,,0,1100000000000000840,12
9011010003500000,69,100035000002000002,,,0,1100000000000000840,2
9011010003500000,145,100035000010000001,,,0,1100000000000000840,10
9011010003500000,101,100035000006000003,,,0,1100000000000000840,6
9011010003500000,47,100035000014000001,,,0,1100000000000000840,14
9011010004000000,105,100040000009000003,,,1,1100000000000000777,9
9011010004000000,55,100040000017000005,,,1,1100000000000000779,17
9011010004000000,33,100040000017000006,,,1,1100000000000000779,17
9011010004000000,55,100040000021000003,,,1,1100000000000000779,21
9011010004000000,25,100040000027000003,,,1,1100000000000000778,27
9011010004000000,112,100040000009000004,,,1,1100000000000000777,9
9011010004000000,28,100040000005000002,,,1,1100000000000000777,5
9011010004000000,65,100040000009000001,,,1,1100000000000000777,9
9011010004000000,28,100040000013000001,,,1,1100000000000000780,13
9011010004000000,62,100040000017000001,,,1,1100000000000000779,17
9011010004000000,6,100040000017000002,,,1,1100000000000000779,17
9011010004000000,54,100040000017000004,,,1,1100000000000000779,17
9011010004000000,2,100040000021000001,,,1,1100000000000000779,21
9011010004000000,111,100040000027000002,,,1,1100000000000000778,27
9011010004000000,94,100040000027000005,,,1,1100000000000000778,27
9011010004000000,6,100040000005000001,,,1,1100000000000000777,5
9011010004000000,68,100040000009000002,,,1,1100000000000000777,9
9011010004000000,6,100040000013000002,,,1,1100000000000000780,13
9011010004000000,61,100040000017000003,,,1,1100000000000000779,17
9011010004000000,4,100040000021000002,,,1,1100000000000000779,21
9011010004000000,56,100040000021000004,,,1,1100000000000000779,21
9011010004000000,108,100040000027000001,,,1,1100000000000000778,27
9011010004000000,91,100040000027000004,,,1,1100000000000000778,27
9011010004000000,134,100040000054000002,,,0,1100000000000000776,54
9011010004000000,133,100040000058000006,,,0,1100000000000000775,58
9011010004000000,6,100040000070000002,,,0,1100000000000000775,70
9011010004000000,80,100040000078000003,,,0,1100000000000000774,78
9011010004000000,28,100040000082000002,,,0,1100000000000000773,82
9011010004000000,97,100040000058000005,,,0,1100000000000000775,58
9011010004000000,2,100040000062000004,,,0,1100000000000000775,62
9011010004000000,65,100040000062000006,,,0,1100000000000000775,62
9011010004000000,25,100040000066000003,,,0,1100000000000000774,66
9011010004000000,72,100040000066000004,,,0,1100000000000000774,66
9011010004000000,28,100040000070000001,,,0,1100000000000000775,70
9011010004000000,28,100040000074000002,,,0,1100000000000000775,74
9011010004000000,32,100040000078000001,,,0,1100000000000000774,78
9011010004000000,6,100040000078000002,,,0,1100000000000000774,78
9011010004000000,6,100040000082000001,,,0,1100000000000000773,82
9011010004000000,74,100040000054000003,,,0,1100000000000000776,54
9011010004000000,65,100040000058000001,,,0,1100000000000000775,58
9011010004000000,2,100040000058000003,,,0,1100000000000000775,58
9011010004000000,26,100040000062000001,,,0,1100000000000000775,62
9011010004000000,20,100040000062000002,,,0,1100000000000000775,62
9011010004000000,68,100040000062000005,,,0,1100000000000000775,62
9011010004000000,2,100040000066000001,,,0,1100000000000000774,66
9011010004000000,4,100040000066000002,,,0,1100000000000000774,66
9011010004000000,73,100040000066000005,,,0,1100000000000000774,66
9011010004000000,26,100040000066000006,,,0,1100000000000000774,66
9011010004000000,6,100040000074000001,,,0,1100000000000000775,74
9011010004000000,109,100040000054000001,,,0,1100000000000000776,54
9011010004000000,58,100040000054000004,,,0,1100000000000000776,54
9011010004000000,68,100040000058000002,,,0,1100000000000000775,58
9011010004000000,4,100040000058000004,,,0,1100000000000000775,58
9011010004000000,69,100040000062000003,,,0,1100000000000000775,62
9011010004000000,4,100040000062000007,,,0,1100000000000000775,62
9011010004000000,57,100040000066000007,,,0,1100000000000000774,66
9011010005000000,65,100050000005000003,,,1,1100000000000000877,5
9011010005000000,40,100050000005000004,,,1,1100000000000000877,5
9011010005000000,63,100050000005000010,,,1,1100000000000000877,5
9011010005000000,38,100050000005000011,,,1,1100000000000000877,5
9011010005000000,26,100050000005000012,,,1,1100000000000000877,5
9011010005000000,32,100050000009000001,,,1,1100000000000000877,9
9011010005000000,41,100050000013000003,,,1,1100000000000000878,13
9011010005000000,26,100050000021000001,,,1,1100000000000000879,21
9011010005000000,20,100050000021000002,,,1,1100000000000000879,21
9011010005000000,69,100050000021000003,,,1,1100000000000000879,21
9011010005000000,4,100050000021000006,,,1,1100000000000000879,21
9011010005000000,65,100050000025000001,,,1,1100000000000000880,25
9011010005000000,68,100050000025000002,,,1,1100000000000000880,25
9011010005000000,133,100050000025000006,,,1,1100000000000000880,25
9011010005000000,6,100050000009000002,,,1,1100000000000000877,9
9011010005000000,34,100050000013000002,,,1,1100000000000000878,13
9011010005000000,6,100050000013000005,,,1,1100000000000000878,13
9011010005000000,40,100050000017000005,,,1,1100000000000000878,17
9011010005000000,134,100050000017000006,,,1,1100000000000000878,17
9011010005000000,2,100050000021000004,,,1,1100000000000000879,21
9011010005000000,68,100050000021000005,,,1,1100000000000000879,21
9011010005000000,97,100050000025000005,,,1,1100000000000000880,25
9011010005000000,110,100050000005000001,,,1,1100000000000000877,5
9011010005000000,62,100050000005000002,,,1,1100000000000000877,5
9011010005000000,64,100050000005000005,,,1,1100000000000000877,5
9011010005000000,109,100050000005000007,,,1,1100000000000000877,5
9011010005000000,37,100050000005000013,,,1,1100000000000000877,5
9011010005000000,42,100050000005000014,,,1,1100000000000000877,5
9011010005000000,54,100050000005000015,,,1,1100000000000000877,5
9011010005000000,59,100050000017000001,,,1,1100000000000000878,17
9011010005000000,109,100050000017000004,,,1,1100000000000000878,17
9011010005000000,2,100050000025000003,,,1,1100000000000000880,25
9011010005000000,4,100050000025000004,,,1,1100000000000000880,25
9011010005000000,2,100050000005000006,,,1,1100000000000000877,5
9011010005000000,61,100050000005000008,,,1,1100000000000000877,5
9011010005000000,39,100050000005000009,,,1,1100000000000000877,5
9011010005000000,23,100050000009000003,,,1,1100000000000000877,9
9011010005000000,24,100050000009000004,,,1,1100000000000000877,9
9011010005000000,27,100050000013000001,,,1,1100000000000000878,13
9011010005000000,62,100050000013000004,,,1,1100000000000000878,13
9011010005000000,75,100050000017000002,,,1,1100000000000000878,17
9011010005000000,29,100050000017000003,,,1,1100000000000000878,17
9011010005000000,65,100050000021000007,,,1,1100000000000000879,21
9011010005000000,68,100050000060000002,,,0,1100000000000000881,60
9011010005000000,105,100050000060000003,,,0,1100000000000000881,60
9011010005000000,80,100050000064000003,,,0,1100000000000000874,64
9011010005000000,23,100050000068000003,,,0,1100000000000000882,68
9011010005000000,34,100050000068000006,,,0,1100000000000000882,68
9011010005000000,6,100050000072000002,,,0,1100000000000000874,72
9011010005000000,68,100050000084000002,,,0,1100000000000000874,84
9011010005000000,105,100050000084000003,,,0,1100000000000000874,84
9011010005000000,112,100050000084000004,,,0,1100000000000000874,84
9011010005000000,26,100050000088000002,,,0,1100000000000000875,88
9011010005000000,63,100050000088000004,,,0,1100000000000000875,88
9011010005000000,82,100050000088000005,,,0,1100000000000000875,88
9011010005000000,2,100050000088000008,,,0,1100000000000000875,88
9011010005000000,64,100050000088000009,,,0,1100000000000000875,88
9011010005000000,40,100050000088000010,,,0,1100000000000000875,88
9011010005000000,6,100050000092000003,,,0,1100000000000000876,92
9011010005000000,41,100050000092000004,,,0,1100000000000000876,92
9011010005000000,62,100050000092000005,,,0,1100000000000000876,92
9011010005000000,65,100050000060000001,,,0,1100000000000000881,60
9011010005000000,32,100050000064000001,,,0,1100000000000000874,64
9011010005000000,6,100050000064000002,,,0,1100000000000000874,64
9011010005000000,113,100050000068000002,,,0,1100000000000000882,68
9011010005000000,6,100050000068000005,,,0,1100000000000000882,68
9011010005000000,62,100050000076000001,,,0,1100000000000000874,76
9011010005000000,107,100050000076000003,,,0,1100000000000000874,76
9011010005000000,106,100050000076000005,,,0,1100000000000000874,76
9011010005000000,62,100050000080000004,,,0,1100000000000000874,80
9011010005000000,6,100050000080000005,,,0,1100000000000000874,80
9011010005000000,65,100050000084000001,,,0,1100000000000000874,84
9011010005000000,83,100050000088000011,,,0,1100000000000000875,88
9011010005000000,65,100050000076000002,,,0,1100000000000000874,76
9011010005000000,105,100050000076000004,,,0,1100000000000000874,76
9011010005000000,34,100050000076000006,,,0,1100000000000000874,76
9011010005000000,34,100050000080000001,,,0,1100000000000000874,80
9011010005000000,27,100050000080000002,,,0,1100000000000000874,80
9011010005000000,37,100050000088000001,,,0,1100000000000000875,88
9011010005000000,38,100050000088000003,,,0,1100000000000000875,88
9011010005000000,42,100050000088000006,,,0,1100000000000000875,88
9011010005000000,27,100050000092000002,,,0,1100000000000000876,92
9011010005000000,25,100050000972000001,,,0,1100000000000000874,972
9011010005000000,112,100050000060000004,,,0,1100000000000000881,60
9011010005000000,62,100050000068000001,,,0,1100000000000000882,68
9011010005000000,41,100050000068000004,,,0,1100000000000000882,68
9011010005000000,41,100050000072000001,,,0,1100000000000000874,72
9011010005000000,27,100050000072000003,,,0,1100000000000000874,72
9011010005000000,41,100050000080000003,,,0,1100000000000000874,80
9011010005000000,109,100050000088000007,,,0,1100000000000000875,88
9011010005000000,110,100050000088000012,,,0,1100000000000000875,88
9011010005000000,34,100050000092000001,,,0,1100000000000000876,92
9011010009800000,116,100098000001000001,,,1,1100000000000001119,1
9011010009900000,146,100099000004000001,,,1,1100000000000001120,4
9011010009900000,116,100099000002000001,,,1,1100000000000001120,2
9011010012000000,25,100120000001000002,,,1,1100000000000000004,1
9011010012000000,107,100120000005000003,,,1,1100000000000000002,5
9011010012000000,35,100120000001000001,,,1,1100000000000000004,1
9011010012000000,25,100120000003000002,,,1,1100000000000000001,3
9011010012000000,6,100120000003000003,,,1,1100000000000000001,3
9011010012000000,106,100120000005000001,,,1,1100000000000000002,5
9011010012000000,105,100120000005000002,,,1,1100000000000000002,5
9011010012000000,25,100120000105000001,,,1,1100000000000000003,105
9011010012000000,6,100120000001000003,,,1,1100000000000000004,1
9011010012000000,35,100120000003000001,,,1,1100000000000000001,3
9011010012000000,65,100120000005000004,,,1,1100000000000000002,5
9011010012000000,23,100120000002000001,,,0,1100000000000000005,2
9011010012000000,6,100120000002000003,,,0,1100000000000000005,2
9011010012000000,71,100120000002000002,,,0,1100000000000000005,2
9011010012100000,26,100121000003000002,,,1,1100000000000000007,3
9011010012100000,35,100121000001000001,,,1,1100000000000000008,1
9011010012100000,57,100121000003000001,,,1,1100000000000000007,3
9011010012100000,6,100121000001000002,,,1,1100000000000000008,1
9011010012100000,73,100121000003000003,,,1,1100000000000000007,3
9011010012100000,72,100121000003000004,,,1,1100000000000000007,3
9011010012100000,4,100121000003000005,,,1,1100000000000000007,3
9011010012100000,2,100121000003000006,,,1,1100000000000000007,3
9011010012100000,6,100121000002000002,,,0,1100000000000000006,2
9011010012100000,6,100121000004000002,,,0,1100000000000000009,4
9011010012100000,35,100121000004000001,,,0,1100000000000000009,4
9011010012100000,35,100121000002000001,,,0,1100000000000000006,2
9011010012200000,89,100122000001000002,,,1,1100000000000000019,1
9011010012200000,111,100122000001000004,,,1,1100000000000000019,1
9011010012200000,96,100122000001000008,,,1,1100000000000000019,1
9011010012200000,6,100122000003000001,,,1,1100000000000000013,3
9011010012200000,55,100122000005000003,,,1,1100000000000000014,5
9011010012200000,134,100122000009000002,,,1,1100000000000000010,9
9011010012200000,58,100122000009000004,,,1,1100000000000000010,9
9011010012200000,90,100122000011000001,,,1,1100000000000000011,11
9011010012200000,111,100122000011000004,,,1,1100000000000000011,11
9011010012200000,93,100122000011000006,,,1,1100000000000000011,11
9011010012200000,108,100122000001000003,,,1,1100000000000000019,1
9011010012200000,58,100122000007000001,,,1,1100000000000000012,7
9011010012200000,109,100122000009000001,,,1,1100000000000000010,9
9011010012200000,74,100122000009000003,,,1,1100000000000000010,9
9011010012200000,95,100122000011000007,,,1,1100000000000000011,11
9011010012200000,88,100122000011000008,,,1,1100000000000000011,11
9011010012200000,25,100122000013000004,,,1,1100000000000000018,13
9011010012200000,94,100122000013000005,,,1,1100000000000000018,13
9011010012200000,93,100122000001000005,,,1,1100000000000000019,1
9011010012200000,71,100122000003000002,,,1,1100000000000000013,3
9011010012200000,2,100122000005000001,,,1,1100000000000000014,5
9011010012200000,4,100122000005000002,,,1,1100000000000000014,5
9011010012200000,74,100122000007000004,,,1,1100000000000000012,7
9011010012200000,89,100122000011000002,,,1,1100000000000000011,11
9011010012200000,108,100122000011000003,,,1,1100000000000000011,11
9011010012200000,96,100122000011000005,,,1,1100000000000000011,11
9011010012200000,108,100122000013000002,,,1,1100000000000000018,13
9011010012200000,111,100122000013000003,,,1,1100000000000000018,13
9011010012200000,90,100122000001000001,,,1,1100000000000000019,1
9011010012200000,95,100122000001000006,,,1,1100000000000000019,1
9011010012200000,88,100122000001000007,,,1,1100000000000000019,1
9011010012200000,23,100122000003000003,,,1,1100000000000000013,3
9011010012200000,33,100122000005000004,,,1,1100000000000000014,5
9011010012200000,109,100122000007000002,,,1,1100000000000000012,7
9011010012200000,134,100122000007000003,,,1,1100000000000000012,7
9011010012200000,91,100122000013000001,,,1,1100000000000000018,13
9011010012200000,109,100122000006000003,,,0,1100000000000000015,6
9011010012200000,134,100122000006000004,,,0,1100000000000000015,6
9011010012200000,89,100122000010000008,,,0,1100000000000000020,10
9011010012200000,25,100122000014000003,,,0,1100000000000000021,14
9011010012200000,91,100122000014000005,,,0,1100000000000000021,14
9011010012200000,71,100122000002000003,,,0,1100000000000000017,2
9011010012200000,2,100122000004000001,,,0,1100000000000000016,4
9011010012200000,4,100122000004000002,,,0,1100000000000000016,4
9011010012200000,55,100122000004000003,,,0,1100000000000000016,4
9011010012200000,33,100122000004000004,,,0,1100000000000000016,4
9011010012200000,134,100122000008000002,,,0,1100000000000000021,8
9011010012200000,111,100122000010000005,,,0,1100000000000000020,10
9011010012200000,111,100122000014000002,,,0,1100000000000000021,14
9011010012200000,94,100122000014000004,,,0,1100000000000000021,14
9011010012200000,23,100122000002000002,,,0,1100000000000000017,2
9011010012200000,74,100122000006000001,,,0,1100000000000000015,6
9011010012200000,88,100122000010000001,,,0,1100000000000000020,10
9011010012200000,96,100122000010000002,,,0,1100000000000000020,10
9011010012200000,95,100122000010000003,,,0,1100000000000000020,10
9011010012200000,108,100122000010000004,,,0,1100000000000000020,10
9011010012200000,25,100122000012000002,,,0,1100000000000000022,12
9011010012200000,6,100122000002000001,,,0,1100000000000000017,2
9011010012200000,58,100122000006000002,,,0,1100000000000000015,6
9011010012200000,109,100122000008000001,,,0,1100000000000000021,8
9011010012200000,74,100122000008000003,,,0,1100000000000000021,8
9011010012200000,58,100122000008000004,,,0,1100000000000000021,8
9011010012200000,90,100122000010000006,,,0,1100000000000000020,10
9011010012200000,93,100122000010000007,,,0,1100000000000000020,10
9011010012200000,6,100122000012000001,,,0,1100000000000000022,12
9011010012200000,35,100122000012000003,,,0,1100000000000000022,12
9011010012200000,108,100122000014000001,,,0,1100000000000000021,14
9011010012300000,23,100123000003000003,,,1,1100000000000000025,3
9011010012300000,28,100123000005000001,,,1,1100000000000000039,5
9011010012300000,41,100123000011000002,,,1,1100000000000000032,11
9011010012300000,25,100123000013000001,,,1,1100000000000000032,13
9011010012300000,91,100123000013000003,,,1,1100000000000000032,13
9011010012300000,68,100123000017000002,,,1,1100000000000000024,17
9011010012300000,97,100123000017000003,,,1,1100000000000000024,17
9011010012300000,65,100123000021000003,,,1,1100000000000000023,21
9011010012300000,48,100123000027000004,,,1,1100000000000000031,27
9011010012300000,46,100123000033000001,,,1,1100000000000000023,33
9011010012300000,50,100123000035000001,,,1,1100000000000000032,35
9011010012300000,51,100123000039000003,,,1,1100000000000000032,39
9011010012300000,60,100123000003000002,,,1,1100000000000000025,3
9011010012300000,34,100123000007000004,,,1,1100000000000000037,7
9011010012300000,34,100123000011000003,,,1,1100000000000000032,11
9011010012300000,26,100123000019000004,,,1,1100000000000000032,19
9011010012300000,69,100123000019000005,,,1,1100000000000000032,19
9011010012300000,26,100123000021000002,,,1,1100000000000000023,21
9011010012300000,43,100123000023000001,,,1,1100000000000000032,23
9011010012300000,47,100123000025000001,,,1,1100000000000000031,25
9011010012300000,9,100123000025000002,,,1,1100000000000000031,25
9011010012300000,13,100123000025000003,,,1,1100000000000000031,25
9011010012300000,9,100123000029000002,,,1,1100000000000000032,29
9011010012300000,9,100123000031000002,,,1,1100000000000000031,31
9011010012300000,52,100123000037000002,,,1,1100000000000000031,37
9011010012300000,28,100123000115000001,,,1,1100000000000000033,115
9011010012300000,66,100123000001000001,,,1,1100000000000000038,1
9011010012300000,79,100123000001000002,,,1,1100000000000000038,1
9011010012300000,25,100123000003000001,,,1,1100000000000000025,3
9011010012300000,41,100123000007000002,,,1,1100000000000000037,7
9011010012300000,27,100123000007000003,,,1,1100000000000000037,7
9011010012300000,79,100123000009000001,,,1,1100000000000000036,9
9011010012300000,23,100123000011000004,,,1,1100000000000000032,11
9011010012300000,113,100123000011000005,,,1,1100000000000000032,11
9011010012300000,94,100123000013000002,,,1,1100000000000000032,13
9011010012300000,27,100123000015000001,,,1,1100000000000000034,15
9011010012300000,65,100123000017000001,,,1,1100000000000000024,17
9011010012300000,47,100123000029000003,,,1,1100000000000000032,29
9011010012300000,47,100123000031000001,,,1,1100000000000000031,31
9011010012300000,13,100123000031000003,,,1,1100000000000000031,31
9011010012300000,50,100123000037000001,,,1,1100000000000000031,37
9011010012300000,19,100123000039000002,,,1,1100000000000000032,39
9011010012300000,50,100123000041000001,,,1,1100000000000000032,41
9011010012300000,52,100123000041000002,,,1,1100000000000000032,41
9011010012300000,62,100123000007000001,,,1,1100000000000000037,7
9011010012300000,66,100123000009000002,,,1,1100000000000000036,9
9011010012300000,62,100123000011000001,,,1,1100000000000000032,11
9011010012300000,41,100123000015000002,,,1,1100000000000000034,15
9011010012300000,133,100123000017000004,,,1,1100000000000000024,17
9011010012300000,65,100123000019000001,,,1,1100000000000000032,19
9011010012300000,68,100123000019000002,,,1,1100000000000000032,19
9011010012300000,20,100123000019000003,,,1,1100000000000000032,19
9011010012300000,39,100123000021000001,,,1,1100000000000000023,21
9011010012300000,61,100123000021000004,,,1,1100000000000000023,21
9011010012300000,22,100123000027000001,,,1,1100000000000000031,27
9011010012300000,13,100123000027000002,,,1,1100000000000000031,27
9011010012300000,45,100123000027000003,,,1,1100000000000000031,27
9011010012300000,13,100123000029000001,,,1,1100000000000000032,29
9011010012300000,52,100123000035000002,,,1,1100000000000000032,35
9011010012300000,77,100123000039000001,,,1,1100000000000000032,39
9011010012300000,41,100123000002000002,,,0,1100000000000000029,2
9011010012300000,34,100123000002000004,,,0,1100000000000000029,2
9011010012300000,66,100123000004000002,,,0,1100000000000000030,4
9011010012300000,25,100123000008000001,,,0,1100000000000000028,8
9011010012300000,133,100123000012000004,,,0,1100000000000000041,12
9011010012300000,28,100123000014000001,,,0,1100000000000000042,14
9011010012300000,27,100123000016000002,,,0,1100000000000000044,16
9011010012300000,34,100123000016000004,,,0,1100000000000000044,16
9011010012300000,68,100123000018000002,,,0,1100000000000000028,18
9011010012300000,26,100123000018000004,,,0,1100000000000000028,18
9011010012300000,55,100123000022000001,,,0,1100000000000000026,22
9011010012300000,61,100123000024000004,,,0,1100000000000000027,24
9011010012300000,65,100123000026000001,,,0,1100000000000000043,26
9011010012300000,13,100123000030000003,,,0,1100000000000000035,30
9011010012300000,48,100123000032000001,,,0,1100000000000000035,32
9011010012300000,13,100123000034000001,,,0,1100000000000000028,34
9011010012300000,50,100123000042000001,,,0,1100000000000000028,42
9011010012300000,50,100123000044000001,,,0,1100000000000000026,44
9011010012300000,19,100123000046000002,,,0,1100000000000000028,46
9011010012300000,50,100123000048000001,,,0,1100000000000000028,48
9011010012300000,55,100123000922000004,,,0,1100000000000000026,922
9011010012300000,62,100123000002000001,,,0,1100000000000000029,2
9011010012300000,27,100123000002000003,,,0,1100000000000000029,2
9011010012300000,34,100123000006000003,,,0,1100000000000000028,6
9011010012300000,97,100123000012000003,,,0,1100000000000000041,12
9011010012300000,62,100123000016000001,,,0,1100000000000000044,16
9011010012300000,41,100123000016000003,,,0,1100000000000000044,16
9011010012300000,25,100123000020000002,,,0,1100000000000000026,20
9011010012300000,33,100123000022000002,,,0,1100000000000000026,22
9011010012300000,39,100123000024000001,,,0,1100000000000000027,24
9011010012300000,9,100123000034000002,,,0,1100000000000000028,34
9011010012300000,47,100123000034000003,,,0,1100000000000000028,34
9011010012300000,46,100123000038000002,,,0,1100000000000000026,38
9011010012300000,52,100123000044000002,,,0,1100000000000000026,44
9011010012300000,77,100123000046000001,,,0,1100000000000000028,46
9011010012300000,50,100123000050000001,,,0,1100000000000000043,50
9011010012300000,79,100123000004000001,,,0,1100000000000000030,4
9011010012300000,113,100123000006000004,,,0,1100000000000000028,6
9011010012300000,23,100123000006000005,,,0,1100000000000000028,6
9011010012300000,91,100123000008000003,,,0,1100000000000000028,8
9011010012300000,28,100123000010000001,,,0,1100000000000000040,10
9011010012300000,65,100123000012000001,,,0,1100000000000000041,12
9011010012300000,65,100123000018000001,,,0,1100000000000000028,18
9011010012300000,69,100123000018000005,,,0,1100000000000000028,18
9011010012300000,26,100123000026000003,,,0,1100000000000000043,26
9011010012300000,22,100123000032000002,,,0,1100000000000000035,32
9011010012300000,45,100123000032000004,,,0,1100000000000000035,32
9011010012300000,9,100123000036000002,,,0,1100000000000000026,36
9011010012300000,13,100123000036000003,,,0,1100000000000000026,36
9011010012300000,45,100123000038000001,,,0,1100000000000000026,38
9011010012300000,51,100123000046000003,,,0,1100000000000000028,46
9011010012300000,52,100123000048000002,,,0,1100000000000000028,48
9011010012300000,33,100123000102000002,,,0,1100000000000000029,102
9011010012300000,54,100123000922000003,,,0,1100000000000000026,922
9011010012300000,62,100123000006000001,,,0,1100000000000000028,6
9011010012300000,41,100123000006000002,,,0,1100000000000000028,6
9011010012300000,94,100123000008000002,,,0,1100000000000000028,8
9011010012300000,68,100123000012000002,,,0,1100000000000000041,12
9011010012300000,20,100123000018000003,,,0,1100000000000000028,18
9011010012300000,35,100123000020000001,,,0,1100000000000000026,20
9011010012300000,26,100123000024000002,,,0,1100000000000000027,24
9011010012300000,65,100123000024000003,,,0,1100000000000000027,24
9011010012300000,20,100123000026000002,,,0,1100000000000000043,26
9011010012300000,43,100123000028000001,,,0,1100000000000000028,28
9011010012300000,47,100123000030000001,,,0,1100000000000000035,30
9011010012300000,9,100123000030000002,,,0,1100000000000000035,30
9011010012300000,13,100123000032000003,,,0,1100000000000000035,32
9011010012300000,47,100123000036000001,,,0,1100000000000000026,36
9011010012300000,49,100123000040000001,,,0,1100000000000000043,40
9011010012300000,13,100123000040000002,,,0,1100000000000000043,40
9011010012300000,52,100123000042000002,,,0,1100000000000000028,42
9011010012300000,55,100123000102000001,,,0,1100000000000000029,102
9011010012300000,62,100123000922000001,,,0,1100000000000000026,922
9011010012300000,61,100123000922000002,,,0,1100000000000000026,922
9011010012300000,33,100123000922000005,,,0,1100000000000000026,922
9011010012900000,27,100129000001000001,,,1,1100000000000000066,1
9011010012900000,6,100129000001000003,,,1,1100000000000000066,1
9011010012900000,62,100129000001000005,,,1,1100000000000000066,1
9011010012900000,34,100129000001000002,,,1,1100000000000000066,1
9011010012900000,41,100129000001000004,,,1,1100000000000000066,1
9011010012900000,35,100129000002000001,,,0,1100000000000000067,2
9011010012900000,25,100129000002000002,,,0,1100000000000000067,2
9011010012900000,6,100129000002000003,,,0,1100000000000000067,2
9011010015000000,23,100150000005000001,,,1,1100000000000000103,5
9011010015000000,23,100150000009000001,,,1,1100000000000000104,9
9011010015000000,23,100150000015000001,,,1,1100000000000000104,15
9011010015000000,23,100150000027000001,,,1,1100000000000000106,27
9011010015000000,23,100150000033000001,,,1,1100000000000000105,33
9011010015000000,13,100150000039000001,,,1,1100000000000000107,39
9011010015000000,51,100150000061000001,,,1,1100000000000000107,61
9011010015000000,51,100150000063000001,,,1,1100000000000000107,63
9011010015000000,51,100150000071000001,,,1,1100000000000000108,71
9011010015000000,51,100150000073000001,,,1,1100000000000000107,73
9011010015000000,76,100150000079000001,,,1,1100000000000000109,79
9011010015000000,16,100150000079000002,,,1,1100000000000000109,79
9011010015000000,23,100150000001000001,,,1,1100000000000000101,1
9011010015000000,37,100150000007000003,,,1,1100000000000000104,7
9011010015000000,23,100150000013000001,,,1,1100000000000000104,13
9011010015000000,23,100150000023000001,,,1,1100000000000000103,23
9011010015000000,23,100150000025000001,,,1,1100000000000000106,25
9011010015000000,13,100150000043000001,,,1,1100000000000000107,43
9011010015000000,13,100150000051000001,,,1,1100000000000000107,51
9011010015000000,51,100150000065000001,,,1,1100000000000000107,65
9011010015000000,51,100150000069000001,,,1,1100000000000000107,69
9011010015000000,77,100150000561000001,,,1,1100000000000000107,561
9011010015000000,42,100150000007000001,,,1,1100000000000000104,7
9011010015000000,26,100150000007000002,,,1,1100000000000000104,7
9011010015000000,23,100150000011000001,,,1,1100000000000000104,11
9011010015000000,23,100150000017000001,,,1,1100000000000000104,17
9011010015000000,23,100150000019000001,,,1,1100000000000000103,19
9011010015000000,23,100150000029000001,,,1,1100000000000000106,29
9011010015000000,23,100150000031000001,,,1,1100000000000000105,31
9011010015000000,13,100150000041000001,,,1,1100000000000000107,41
9011010015000000,13,100150000049000001,,,1,1100000000000000108,49
9011010015000000,13,100150000057000001,,,1,1100000000000000109,57
9011010015000000,51,100150000075000001,,,1,1100000000000000100,75
9011010015000000,51,100150000077000001,,,1,1100000000000000099,77
9011010015000000,47,100150000539000001,,,1,1100000000000000107,539
9011010015000000,23,100150000003000001,,,1,1100000000000000102,3
9011010015000000,23,100150000021000001,,,1,1100000000000000103,21
9011010015000000,26,100150000035000001,,,1,1100000000000000105,35
9011010015000000,13,100150000037000001,,,1,1100000000000000110,37
9011010015000000,13,100150000045000001,,,1,1100000000000000108,45
9011010015000000,13,100150000047000001,,,1,1100000000000000107,47
9011010015000000,13,100150000053000001,,,1,1100000000000000100,53
9011010015000000,13,100150000055000001,,,1,1100000000000000100,55
9011010015000000,51,100150000059000001,,,1,1100000000000000110,59
9011010015000000,51,100150000067000001,,,1,1100000000000000108,67
9011010015000000,23,100150000002000001,,,0,1100000000000000125,2
9011010015000000,23,100150000004000001,,,0,1100000000000000123,4
9011010015000000,37,100150000010000002,,,0,1100000000000000122,10
9011010015000000,23,100150000012000001,,,0,1100000000000000122,12
9011010015000000,23,100150000014000001,,,0,1100000000000000124,14
9011010015000000,23,100150000016000001,,,0,1100000000000000124,16
9011010015000000,23,100150000018000001,,,0,1100000000000000122,18
9011010015000000,23,100150000020000001,,,0,1100000000000000124,20
9011010015000000,23,100150000022000001,,,0,1100000000000000124,22
9011010015000000,23,100150000030000001,,,0,1100000000000000124,30
9011010015000000,13,100150000062000001,,,0,1100000000000000114,62
9011010015000000,13,100150000064000001,,,0,1100000000000000113,64
9011010015000000,51,100150000066000001,,,0,1100000000000000118,66
9011010015000000,51,100150000068000001,,,0,1100000000000000117,68
9011010015000000,51,100150000078000001,,,0,1100000000000000116,78
9011010015000000,51,100150000080000001,,,0,1100000000000000115,80
9011010015000000,51,100150000082000001,,,0,1100000000000000112,82
9011010015000000,76,100150000086000001,,,0,1100000000000000114,86
9011010015000000,16,100150000086000002,,,0,1100000000000000114,86
9011010015000000,23,100150000008000001,,,0,1100000000000000124,8
9011010015000000,26,100150000010000001,,,0,1100000000000000122,10
9011010015000000,42,100150000010000003,,,0,1100000000000000122,10
9011010015000000,23,100150000024000001,,,0,1100000000000000122,24
9011010015000000,23,100150000028000001,,,0,1100000000000000124,28
9011010015000000,23,100150000032000001,,,0,1100000000000000121,32
9011010015000000,26,100150000038000001,,,0,1100000000000000120,38
9011010015000000,26,100150000040000001,,,0,1100000000000000119,40
9011010015000000,13,100150000050000001,,,0,1100000000000000116,50
9011010015000000,51,100150000070000001,,,0,1100000000000000116,70
9011010015000000,50,100150000084000001,,,0,1100000000000000111,84
9011010015000000,26,100150000006000001,,,0,1100000000000000124,6
9011010015000000,23,100150000026000001,,,0,1100000000000000124,26
9011010015000000,13,100150000042000001,,,0,1100000000000000118,42
9011010015000000,13,100150000048000001,,,0,1100000000000000118,48
9011010015000000,13,100150000052000001,,,0,1100000000000000118,52
9011010015000000,13,100150000056000001,,,0,1100000000000000115,56
9011010015000000,13,100150000058000001,,,0,1100000000000000114,58
9011010015000000,13,100150000060000001,,,0,1100000000000000114,60
9011010015000000,37,100150000006000002,,,0,1100000000000000124,6
9011010015000000,42,100150000006000003,,,0,1100000000000000124,6
9011010015000000,23,100150000034000001,,,0,1100000000000000120,34
9011010015000000,26,100150000036000001,,,0,1100000000000000120,36
9011010015000000,13,100150000044000001,,,0,1100000000000000117,44
9011010015000000,13,100150000046000001,,,0,1100000000000000116,46
9011010015000000,13,100150000054000001,,,0,1100000000000000116,54
9011010015000000,51,100150000072000001,,,0,1100000000000000118,72
9011010015000000,51,100150000074000001,,,0,1100000000000000116,74
9011010015000000,51,100150000076000001,,,0,1100000000000000118,76
9011010015000000,50,100150000088000001,,,0,1100000000000000111,88
9011010015300000,25,100153000001000002,,,1,1100000000000000173,1
9011010015300000,35,100153000003000001,,,1,1100000000000000174,3
9011010015300000,6,100153000003000003,,,1,1100000000000000174,3
9011010015300000,35,100153000001000001,,,1,1100000000000000173,1
9011010015300000,6,100153000001000003,,,1,1100000000000000173,1
9011010015300000,25,100153000003000002,,,1,1100000000000000174,3
9011010015300000,6,100153000002000002,,,0,1100000000000000175,2
9011010015300000,27,100153000002000001,,,0,1100000000000000175,2
9011010015300000,41,100153000002000003,,,0,1100000000000000175,2
9011010015300000,25,100153000902000001,,,0,1100000000000000175,902
9011010015400000,26,100154000001000001,,,1,1100000000000000190,1
9011010015400000,42,100154000001000003,,,1,1100000000000000190,1
9011010015400000,23,100154000007000001,,,1,1100000000000000201,7
9011010015400000,23,100154000011000001,,,1,1100000000000000194,11
9011010015400000,23,100154000013000001,,,1,1100000000000000191,13
9011010015400000,23,100154000015000001,,,1,1100000000000000194,15
9011010015400000,37,100154000017000002,,,1,1100000000000000195,17
9011010015400000,26,100154000017000003,,,1,1100000000000000195,17
9011010015400000,51,100154000033000001,,,1,1100000000000000196,33
9011010015400000,37,100154000001000002,,,1,1100000000000000190,1
9011010015400000,23,100154000003000001,,,1,1100000000000000190,3
9011010015400000,23,100154000005000001,,,1,1100000000000000200,5
9011010015400000,26,100154000009000001,,,1,1100000000000000195,9
9011010015400000,57,100154000009000002,,,1,1100000000000000195,9
9011010015400000,13,100154000027000001,,,1,1100000000000000196,27
9011010015400000,13,100154000031000001,,,1,1100000000000000196,31
9011010015400000,51,100154000035000001,,,1,1100000000000000196,35
9011010015400000,51,100154000037000001,,,1,1100000000000000196,37
9011010015400000,42,100154000019000003,,,1,1100000000000000195,19
9011010015400000,13,100154000025000001,,,1,1100000000000000196,25
9011010015400000,42,100154000017000001,,,1,1100000000000000195,17
9011010015400000,26,100154000019000001,,,1,1100000000000000195,19
9011010015400000,37,100154000019000002,,,1,1100000000000000195,19
9011010015400000,26,100154000021000001,,,1,1100000000000000202,21
9011010015400000,13,100154000023000001,,,1,1100000000000000196,23
9011010015400000,13,100154000029000001,,,1,1100000000000000196,29
9011010015400000,23,100154000006000001,,,0,1100000000000000192,6
9011010015400000,26,100154000010000001,,,0,1100000000000000199,10
9011010015400000,23,100154000012000001,,,0,1100000000000000203,12
9011010015400000,23,100154000014000001,,,0,1100000000000000198,14
9011010015400000,23,100154000016000001,,,0,1100000000000000203,16
9011010015400000,37,100154000020000002,,,0,1100000000000000199,20
9011010015400000,42,100154000020000003,,,0,1100000000000000199,20
9011010015400000,26,100154000024000001,,,0,1100000000000000199,24
9011010015400000,13,100154000034000001,,,0,1100000000000000199,34
9011010015400000,51,100154000044000001,,,0,1100000000000000199,44
9011010015400000,16,100154000046000002,,,0,1100000000000000197,46
9011010015400000,23,100154000004000001,,,0,1100000000000000193,4
9011010015400000,57,100154000010000002,,,0,1100000000000000199,10
9011010015400000,26,100154000018000001,,,0,1100000000000000198,18
9011010015400000,42,100154000018000003,,,0,1100000000000000198,18
9011010015400000,26,100154000020000001,,,0,1100000000000000199,20
9011010015400000,13,100154000032000001,,,0,1100000000000000199,32
9011010015400000,51,100154000042000001,,,0,1100000000000000199,42
9011010015400000,37,100154000022000002,,,0,1100000000000000199,22
9011010015400000,26,100154000026000001,,,0,1100000000000000197,26
9011010015400000,13,100154000028000001,,,0,1100000000000000199,28
9011010015400000,13,100154000030000001,,,0,1100000000000000199,30
9011010015400000,13,100154000036000001,,,0,1100000000000000199,36
9011010015400000,51,100154000040000001,,,0,1100000000000000199,40
9011010015400000,76,100154000046000001,,,0,1100000000000000197,46
9011010015400000,23,100154000008000001,,,0,1100000000000000192,8
9011010015400000,37,100154000018000002,,,0,1100000000000000198,18
9011010015400000,42,100154000022000001,,,0,1100000000000000199,22
9011010015400000,13,100154000038000001,,,0,1100000000000000197,38
9011010017100000,36,100171000001000001,,,1,1100000000000000218,1
9011010017100000,74,100171000001000002,,,1,1100000000000000218,1
9011010017100000,26,100171000001000003,,,1,1100000000000000218,1
9011010017100000,110,100171000001000005,,,1,1100000000000000218,1
9011010017100000,2,100171000001000007,,,1,1100000000000000218,1
9011010017100000,25,100171000001000004,,,1,1100000000000000218,1
9011010017100000,109,100171000001000006,,,1,1100000000000000218,1
9011010017100000,72,100171000002000004,,,0,1100000000000000219,2
9011010017100000,25,100171000002000005,,,0,1100000000000000219,2
9011010017100000,57,100171000002000001,,,0,1100000000000000219,2
9011010017100000,26,100171000002000002,,,0,1100000000000000219,2
9011010017100000,73,100171000002000003,,,0,1100000000000000219,2
9011010017100000,4,100171000002000006,,,0,1100000000000000219,2
9011010017100000,2,100171000002000007,,,0,1100000000000000219,2
9011010017200000,86,100172000001000002,,,1,1100000000000000220,1
9011010017200000,20,100172000001000006,,,1,1100000000000000220,1
9011010017200000,25,100172000003000001,,,1,1100000000000000221,3
9011010017200000,37,100172000007000002,,,1,1100000000000000223,7
9011010017200000,38,100172000007000004,,,1,1100000000000000223,7
9011010017200000,110,100172000007000006,,,1,1100000000000000223,7
9011010017200000,65,100172000007000011,,,1,1100000000000000223,7
9011010017200000,4,100172000011000002,,,1,1100000000000000225,11
9011010017200000,26,100172000011000006,,,1,1100000000000000225,11
9011010017200000,70,100172000013000004,,,1,1100000000000000225,13
9011010017200000,26,100172000015000001,,,1,1100000000000000226,15
9011010017200000,65,100172000015000002,,,1,1100000000000000226,15
9011010017200000,2,100172000015000004,,,1,1100000000000000226,15
9011010017200000,4,100172000015000005,,,1,1100000000000000226,15
9011010017200000,54,100172000107000003,,,1,1100000000000000224,107
9011010017200000,2,100172000001000004,,,1,1100000000000000220,1
9011010017200000,26,100172000001000008,,,1,1100000000000000220,1
9011010017200000,6,100172000005000001,,,1,1100000000000000222,5
9011010017200000,26,100172000007000003,,,1,1100000000000000223,7
9011010017200000,39,100172000007000012,,,1,1100000000000000223,7
9011010017200000,25,100172000011000003,,,1,1100000000000000225,11
9011010017200000,72,100172000011000004,,,1,1100000000000000225,11
9011010017200000,73,100172000011000005,,,1,1100000000000000225,11
9011010017200000,69,100172000015000007,,,1,1100000000000000226,15
9011010017200000,81,100172000001000001,,,1,1100000000000000220,1
9011010017200000,8,100172000001000003,,,1,1100000000000000220,1
9011010017200000,4,100172000001000005,,,1,1100000000000000220,1
9011010017200000,35,100172000003000003,,,1,1100000000000000221,3
9011010017200000,42,100172000007000001,,,1,1100000000000000223,7
9011010017200000,109,100172000007000007,,,1,1100000000000000223,7
9011010017200000,2,100172000007000008,,,1,1100000000000000223,7
9011010017200000,64,100172000007000009,,,1,1100000000000000223,7
9011010017200000,40,100172000007000010,,,1,1100000000000000223,7
9011010017200000,28,100172000009000001,,,1,1100000000000000225,9
9011010017200000,57,100172000011000007,,,1,1100000000000000225,11
9011010017200000,110,100172000013000001,,,1,1100000000000000225,13
9011010017200000,30,100172000013000002,,,1,1100000000000000225,13
9011010017200000,147,100172000013000003,,,1,1100000000000000225,13
9011010017200000,68,100172000015000003,,,1,1100000000000000226,15
9011010017200000,20,100172000015000006,,,1,1100000000000000226,15
9011010017200000,62,100172000107000001,,,1,1100000000000000224,107
9011010017200000,61,100172000107000002,,,1,1100000000000000224,107
9011010017200000,7,100172000001000007,,,1,1100000000000000220,1
9011010017200000,57,100172000001000009,,,1,1100000000000000220,1
9011010017200000,6,100172000003000002,,,1,1100000000000000221,3
9011010017200000,28,100172000005000002,,,1,1100000000000000222,5
9011010017200000,63,100172000007000005,,,1,1100000000000000223,7
9011010017200000,6,100172000009000002,,,1,1100000000000000225,9
9011010017200000,2,100172000011000001,,,1,1100000000000000225,11
9011010017200000,36,100172000002000002,,,0,1100000000000000232,2
9011010017200000,74,100172000002000003,,,0,1100000000000000232,2
9011010017200000,4,100172000006000002,,,0,1100000000000000231,6
9011010017200000,73,100172000006000005,,,0,1100000000000000231,6
9011010017200000,57,100172000006000007,,,0,1100000000000000231,6
9011010017200000,110,100172000008000002,,,0,1100000000000000231,8
9011010017200000,65,100172000010000004,,,0,1100000000000000229,10
9011010017200000,28,100172000012000002,,,0,1100000000000000228,12
9011010017200000,70,100172000014000002,,,0,1100000000000000227,14
9011010017200000,30,100172000014000003,,,0,1100000000000000227,14
9011010017200000,32,100172000016000004,,,0,1100000000000000230,16
9011010017200000,109,100172000002000004,,,0,1100000000000000232,2
9011010017200000,25,100172000006000003,,,0,1100000000000000231,6
9011010017200000,26,100172000006000006,,,0,1100000000000000231,6
9011010017200000,70,100172000008000003,,,0,1100000000000000231,8
9011010017200000,30,100172000008000004,,,0,1100000000000000231,8
9011010017200000,26,100172000010000002,,,0,1100000000000000229,10
9011010017200000,68,100172000010000006,,,0,1100000000000000229,10
9011010017200000,23,100172000016000001,,,0,1100000000000000230,16
9011010017200000,24,100172000016000002,,,0,1100000000000000230,16
9011010017200000,2,100172000002000001,,,0,1100000000000000232,2
9011010017200000,26,100172000002000006,,,0,1100000000000000232,2
9011010017200000,6,100172000004000001,,,0,1100000000000000231,4
9011010017200000,2,100172000010000005,,,0,1100000000000000229,10
9011010017200000,4,100172000010000007,,,0,1100000000000000229,10
9011010017200000,6,100172000012000001,,,0,1100000000000000228,12
9011010017200000,110,100172000014000001,,,0,1100000000000000227,14
9011010017200000,147,100172000014000004,,,0,1100000000000000227,14
9011010017200000,6,100172000016000003,,,0,1100000000000000230,16
9011010017200000,110,100172000002000005,,,0,1100000000000000232,2
9011010017200000,28,100172000004000002,,,0,1100000000000000231,4
9011010017200000,2,100172000006000001,,,0,1100000000000000231,6
9011010017200000,72,100172000006000004,,,0,1100000000000000231,6
9011010017200000,147,100172000008000001,,,0,1100000000000000231,8
9011010017200000,69,100172000010000001,,,0,1100000000000000229,10
9011010017200000,20,100172000010000003,,,0,1100000000000000229,10
9011010017300000,62,100173000003000001,,,1,1100000000000000237,3
9011010017300000,61,100173000003000003,,,1,1100000000000000237,3
9011010017300000,55,100173000003000005,,,1,1100000000000000237,3
9011010017300000,111,100173000005000004,,,1,1100000000000000238,5
9011010017300000,4,100173000007000001,,,1,1100000000000000240,7
9011010017300000,33,100173000007000002,,,1,1100000000000000240,7
9011010017300000,26,100173000011000003,,,1,1100000000000000240,11
9011010017300000,4,100173000011000005,,,1,1100000000000000240,11
9011010017300000,61,100173000107000001,,,1,1100000000000000240,107
9011010017300000,54,100173000107000002,,,1,1100000000000000240,107
9011010017300000,2,100173000507000002,,,1,1100000000000000240,507
9011010017300000,39,100173000507000003,,,1,1100000000000000240,507
9011010017300000,26,100173000507000004,,,1,1100000000000000240,507
9011010017300000,6,100173000001000001,,,1,1100000000000000236,1
9011010017300000,6,100173000003000002,,,1,1100000000000000237,3
9011010017300000,94,100173000005000002,,,1,1100000000000000238,5
9011010017300000,23,100173000009000003,,,1,1100000000000000235,9
9011010017300000,73,100173000011000004,,,1,1100000000000000240,11
9011010017300000,54,100173000003000004,,,1,1100000000000000237,3
9011010017300000,33,100173000003000006,,,1,1100000000000000237,3
9011010017300000,6,100173000009000001,,,1,1100000000000000235,9
9011010017300000,71,100173000009000002,,,1,1100000000000000235,9
9011010017300000,57,100173000011000001,,,1,1100000000000000240,11
9011010017300000,72,100173000011000002,,,1,1100000000000000240,11
9011010017300000,25,100173000011000007,,,1,1100000000000000240,11
9011010017300000,25,100173000105000001,,,1,1100000000000000239,105
9011010017300000,62,100173000107000003,,,1,1100000000000000240,107
9011010017300000,28,100173000001000002,,,1,1100000000000000236,1
9011010017300000,91,100173000005000001,,,1,1100000000000000238,5
9011010017300000,108,100173000005000003,,,1,1100000000000000238,5
9011010017300000,2,100173000011000006,,,1,1100000000000000240,11
9011010017300000,65,100173000507000001,,,1,1100000000000000240,507
9011010017300000,108,100173000002000001,,,0,1100000000000000233,2
9011010017300000,94,100173000002000004,,,0,1100000000000000233,2
9011010017300000,91,100173000002000005,,,0,1100000000000000233,2
9011010017300000,4,100173000004000001,,,0,1100000000000000234,4
9011010017300000,33,100173000004000002,,,0,1100000000000000234,4
9011010017300000,2,100173000010000001,,,0,1100000000000000233,10
9011010017300000,4,100173000010000002,,,0,1100000000000000233,10
9011010017300000,26,100173000010000006,,,0,1100000000000000233,10
9011010017300000,57,100173000010000007,,,0,1100000000000000233,10
9011010017300000,25,100173000014000003,,,0,1100000000000000234,14
9011010017300000,54,100173000104000002,,,0,1100000000000000234,104
9011010017300000,39,100173000504000003,,,0,1100000000000000234,504
9011010017300000,74,100173000008000003,,,0,1100000000000000234,8
9011010017300000,72,100173000010000004,,,0,1100000000000000233,10
9011010017300000,32,100173000012000002,,,0,1100000000000000233,12
9011010017300000,111,100173000014000002,,,0,1100000000000000234,14
9011010017300000,91,100173000014000005,,,0,1100000000000000234,14
9011010017300000,2,100173000504000002,,,0,1100000000000000234,504
9011010017300000,25,100173000002000003,,,0,1100000000000000233,2
9011010017300000,6,100173000006000002,,,0,1100000000000000233,6
9011010017300000,73,100173000010000005,,,0,1100000000000000233,10
9011010017300000,108,100173000014000001,,,0,1100000000000000234,14
9011010017300000,65,100173000504000001,,,0,1100000000000000234,504
9011010017300000,111,100173000002000002,,,0,1100000000000000233,2
9011010017300000,23,100173000006000001,,,0,1100000000000000233,6
9011010017300000,71,100173000006000003,,,0,1100000000000000233,6
9011010017300000,109,100173000008000001,,,0,1100000000000000234,8
9011010017300000,134,100173000008000002,,,0,1100000000000000234,8
9011010017300000,58,100173000008000004,,,0,1100000000000000234,8
9011010017300000,25,100173000010000003,,,0,1100000000000000233,10
9011010017300000,80,100173000012000001,,,0,1100000000000000233,12
9011010017300000,6,100173000012000003,,,0,1100000000000000233,12
9011010017300000,94,100173000014000004,,,0,1100000000000000234,14
9011010017300000,62,100173000104000001,,,0,1100000000000000234,104
9011010017300000,26,100173000504000004,,,0,1100000000000000234,504
9011010017400000,27,100174000001000001,,,1,1100000000000000241,1
9011010017400000,6,100174000001000003,,,1,1100000000000000241,1
9011010017400000,62,100174000001000005,,,1,1100000000000000241,1
9011010017400000,34,100174000001000002,,,1,1100000000000000241,1
9011010017400000,41,100174000001000004,,,1,1100000000000000241,1
9011010017400000,25,100174000902000001,,,0,1100000000000000242,902
9011010017400000,35,100174000002000001,,,0,1100000000000000242,2
9011010017400000,6,100174000002000002,,,0,1100000000000000242,2
9011010017500000,6,100175000001000003,,,1,1100000000000000243,1
9011010017500000,41,100175000001000004,,,1,1100000000000000243,1
9011010017500000,27,100175000001000001,,,1,1100000000000000243,1
9011010017500000,34,100175000001000002,,,1,1100000000000000243,1
9011010017500000,62,100175000001000005,,,1,1100000000000000243,1
9011010017500000,129,100175000002000002,,,0,1100000000000000244,2
9011010017500000,127,100175000002000003,,,0,1100000000000000244,2
9011010017500000,126,100175000002000001,,,0,1100000000000000244,2
9011010021100000,148,100211000001000002,,,1,1100000000000000373,1
9011010021100000,149,100211000001000003,,,1,1100000000000000373,1
9011010021100000,42,100211000001000001,,,1,1100000000000000373,1
9011010021100000,131,100211000004000001,,,0,1100000000000000374,4
9011010021100000,23,100211000004000002,,,0,1100000000000000374,4
9011010021100000,6,100211000004000003,,,0,1100000000000000374,4
9011010024100000,131,100241000001000001,,,1,1100000000000000375,1
9011010024100000,6,100241000001000003,,,1,1100000000000000375,1
9011010024100000,23,100241000001000002,,,1,1100000000000000375,1
9011010024100000,129,100241000004000001,,,0,1100000000000000377,4
9011010024100000,127,100241000006000001,,,0,1100000000000000378,6
9011010024100000,127,100241000002000001,,,0,1100000000000000376,2
9011010024200000,148,100242000001000002,,,1,1100000000000000381,1
9011010024200000,127,100242000001000004,,,1,1100000000000000381,1
9011010024200000,42,100242000001000001,,,1,1100000000000000381,1
9011010024200000,150,100242000001000003,,,1,1100000000000000381,1
9011010024200000,127,100242000002000001,,,0,1100000000000000379,2
9011010024200000,125,100242000004000001,,,0,1100000000000000380,4
9011010024300000,23,100243000001000002,,,1,1100000000000000384,1
9011010024300000,6,100243000001000003,,,1,1100000000000000384,1
9011010024300000,131,100243000001000001,,,1,1100000000000000384,1
9011010024300000,129,100243000004000001,,,0,1100000000000000383,4
9011010024300000,127,100243000004000002,,,0,1100000000000000383,4
9011010024300000,127,100243000002000001,,,0,1100000000000000382,2
9011010025000000,2,100250000005000003,,,1,1100000000000000393,5
9011010025000000,148,100250000007000001,,,1,1100000000000000392,7
9011010025000000,127,100250000007000002,,,1,1100000000000000392,7
9011010025000000,132,100250000003000001,,,1,1100000000000000394,3
9011010025000000,127,100250000003000002,,,1,1100000000000000394,3
9011010025000000,42,100250000003000003,,,1,1100000000000000387,3
9011010025000000,124,100250000005000001,,,1,1100000000000000393,5
9011010025000000,119,100250000005000002,,,1,1100000000000000393,5
9011010025000000,4,100250000005000004,,,1,1100000000000000393,5
9011010025000000,37,100250000005000008,,,1,1100000000000000393,5
9011010025000000,150,100250000007000003,,,1,1100000000000000392,7
9011010025000000,34,100250000005000005,,,1,1100000000000000393,5
9011010025000000,26,100250000005000007,,,1,1100000000000000393,5
9011010025000000,42,100250000005000009,,,1,1100000000000000386,5
9011010025000000,113,100250000005000006,,,1,1100000000000000393,5
9011010025000000,42,100250000007000004,,,1,1100000000000000385,7
9011010025000000,126,100250000907000001,,,1,1100000000000000392,907
9011010025000000,37,100250000008000001,,,0,1100000000000000396,8
9011010025000000,113,100250000008000003,,,0,1100000000000000396,8
9011010025000000,42,100250000008000009,,,0,1100000000000000388,8
9011010025000000,148,100250000012000003,,,0,1100000000000000395,12
9011010025000000,126,100250000912000001,,,0,1100000000000000395,912
9011010025000000,149,100250000002000002,,,0,1100000000000000397,2
9011010025000000,42,100250000002000004,,,0,1100000000000000390,2
9011010025000000,37,100250000006000002,,,0,1100000000000000398,6
9011010025000000,4,100250000006000006,,,0,1100000000000000398,6
9011010025000000,34,100250000006000008,,,0,1100000000000000398,6
9011010025000000,124,100250000008000008,,,0,1100000000000000396,8
9011010025000000,126,100250000002000001,,,0,1100000000000000397,2
9011010025000000,26,100250000006000003,,,0,1100000000000000398,6
9011010025000000,113,100250000006000004,,,0,1100000000000000398,6
9011010025000000,119,100250000006000005,,,0,1100000000000000398,6
9011010025000000,2,100250000006000007,,,0,1100000000000000398,6
9011010025000000,26,100250000008000002,,,0,1100000000000000396,8
9011010025000000,2,100250000008000005,,,0,1100000000000000396,8
9011010025000000,119,100250000008000006,,,0,1100000000000000396,8
9011010025000000,34,100250000008000007,,,0,1100000000000000396,8
9011010025000000,148,100250000002000003,,,0,1100000000000000397,2
9011010025000000,124,100250000006000001,,,0,1100000000000000398,6
9011010025000000,42,100250000006000009,,,0,1100000000000000389,6
9011010025000000,4,100250000008000004,,,0,1100000000000000396,8
9011010025000000,150,100250000012000001,,,0,1100000000000000395,12
9011010025000000,127,100250000012000002,,,0,1100000000000000395,12
9011010025000000,42,100250000012000004,,,0,1100000000000000391,12
9011010025500000,127,100255000001000001,,,1,1100000000000000403,1
9011010025500000,131,100255000017000003,,,1,1100000000000000404,17
9011010025500000,150,100255000029000002,,,1,1100000000000000401,29
9011010025500000,42,100255000029000004,,,1,1100000000000000401,29
9011010025500000,150,100255000115000001,,,1,1100000000000000399,115
9011010025500000,127,100255000007000002,,,1,1100000000000000406,7
9011010025500000,23,100255000017000002,,,1,1100000000000000404,17
9011010025500000,42,100255000025000002,,,1,1100000000000000400,25
9011010025500000,127,100255000003000001,,,1,1100000000000000405,3
9011010025500000,129,100255000003000002,,,1,1100000000000000405,3
9011010025500000,127,100255000029000001,,,1,1100000000000000401,29
9011010025500000,148,100255000029000003,,,1,1100000000000000401,29
9011010025500000,129,100255000001000002,,,1,1100000000000000403,1
9011010025500000,126,100255000001000003,,,1,1100000000000000403,1
9011010025500000,129,100255000007000001,,,1,1100000000000000406,7
9011010025500000,6,100255000017000001,,,1,1100000000000000404,17
9011010025500000,149,100255000019000001,,,1,1100000000000000402,19
9011010025500000,148,100255000025000001,,,1,1100000000000000400,25
9011010025500000,127,100255000031000001,,,1,1100000000000000407,31
9011010025500000,126,100255000917000001,,,1,1100000000000000404,917
9011010025600000,125,100256000103000001,,,1,1100000000000000408,103
9011010025600000,129,100256000001000001,,,1,1100000000000000409,1
9011010025600000,126,100256000103000002,,,1,1100000000000000408,103
9011010025600000,127,100256000001000002,,,1,1100000000000000409,1
9011010025600000,127,100256000002000001,,,0,1100000000000000413,2
9011010025600000,42,100256000006000001,,,0,1100000000000000410,6
9011010025600000,126,100256000006000004,,,0,1100000000000000410,6
9011010025600000,148,100256000014000002,,,0,1100000000000000414,14
9011010025600000,149,100256000014000003,,,0,1100000000000000414,14
9011010025600000,148,100256000006000002,,,0,1100000000000000410,6
9011010025600000,149,100256000006000003,,,0,1100000000000000410,6
9011010025600000,42,100256000014000001,,,0,1100000000000000414,14
9011010025600000,126,100256000014000004,,,0,1100000000000000414,14
9011010025600000,132,100256000016000002,,,0,1100000000000000411,16
9011010025600000,42,100256000016000001,,,0,1100000000000000411,16
9011010025600000,149,100256000018000001,,,0,1100000000000000412,18
9011010032000000,140,100320000003000002,,,1,1100000000000000572,3
9011010032000000,151,100320000007000002,,,1,1100000000000000577,7
9011010032000000,69,100320000101000002,,,1,1100000000000000580,101
9011010032000000,138,100320000103000001,,,1,1100000000000000581,103
9011010032000000,34,100320000105000001,,,1,1100000000000000582,105
9011010032000000,34,100320000109000001,,,1,1100000000000000582,109
9011010032000000,27,100320000109000002,,,1,1100000000000000582,109
9011010032000000,140,100320000001000002,,,1,1100000000000000574,1
9011010032000000,137,100320000003000001,,,1,1100000000000000572,3
9011010032000000,151,100320000005000002,,,1,1100000000000000577,5
9011010032000000,124,100320000009000001,,,1,1100000000000000577,9
9011010032000000,137,100320000011000001,,,1,1100000000000000577,11
9011010032000000,151,100320000013000001,,,1,1100000000000000576,13
9011010032000000,99,100320000015000001,,,1,1100000000000000576,15
9011010032000000,137,100320000019000001,,,1,1100000000000000575,19
9011010032000000,142,100320000021000001,,,1,1100000000000000575,21
9011010032000000,76,100320000023000001,,,1,1100000000000000575,23
9011010032000000,138,100320000101000001,,,1,1100000000000000580,101
9011010032000000,137,100320000001000001,,,1,1100000000000000574,1
9011010032000000,124,100320000007000001,,,1,1100000000000000577,7
9011010032000000,151,100320000009000002,,,1,1100000000000000577,9
9011010032000000,124,100320000013000002,,,1,1100000000000000576,13
9011010032000000,138,100320000111000002,,,1,1100000000000000582,111
9011010032000000,27,100320000113000002,,,1,1100000000000000583,113
9011010032000000,101,100320000121000001,,,1,1100000000000000579,121
9011010032000000,152,100320000123000001,,,1,1100000000000000586,123
9011010032000000,34,100320000113000001,,,1,1100000000000000583,113
9011010032000000,80,100320000115000001,,,1,1100000000000000583,115
9011010032000000,124,100320000005000001,,,1,1100000000000000577,5
9011010032000000,140,100320000011000002,,,1,1100000000000000577,11
9011010032000000,140,100320000017000001,,,1,1100000000000000573,17
9011010032000000,137,100320000017000002,,,1,1100000000000000573,17
9011010032000000,27,100320000105000002,,,1,1100000000000000582,105
9011010032000000,34,100320000107000001,,,1,1100000000000000582,107
9011010032000000,27,100320000107000002,,,1,1100000000000000582,107
9011010032000000,69,100320000111000001,,,1,1100000000000000582,111
9011010032000000,69,100320000103000002,,,1,1100000000000000581,103
9011010032000000,138,100320000117000001,,,1,1100000000000000584,117
9011010032000000,69,100320000117000002,,,1,1100000000000000584,117
9011010032000000,138,100320000119000001,,,1,1100000000000000579,119
9011010032000000,137,100320000002000001,,,0,1100000000000000590,2
9011010032000000,151,100320000006000002,,,0,1100000000000000588,6
9011010032000000,124,100320000008000002,,,0,1100000000000000588,8
9011010032000000,138,100320000112000001,,,0,1100000000000000593,112
9011010032000000,137,100320000004000001,,,0,1100000000000000587,4
9011010032000000,140,100320000018000001,,,0,1100000000000000578,18
9011010032000000,140,100320000002000002,,,0,1100000000000000590,2
9011010032000000,140,100320000004000002,,,0,1100000000000000587,4
9011010032000000,124,100320000006000001,,,0,1100000000000000588,6
9011010032000000,124,100320000010000001,,,0,1100000000000000588,10
9011010032000000,151,100320000010000002,,,0,1100000000000000588,10
9011010032000000,140,100320000012000002,,,0,1100000000000000588,12
9011010032000000,151,100320000014000002,,,0,1100000000000000589,14
9011010032000000,69,100320000102000001,,,0,1100000000000000592,102
9011010032000000,138,100320000102000002,,,0,1100000000000000592,102
9011010032000000,138,100320000104000001,,,0,1100000000000000591,104
9011010032000000,69,100320000104000002,,,0,1100000000000000591,104
9011010032000000,27,100320000106000002,,,0,1100000000000000593,106
9011010032000000,138,100320000118000002,,,0,1100000000000000585,118
9011010032000000,151,100320000008000001,,,0,1100000000000000588,8
9011010032000000,137,100320000012000001,,,0,1100000000000000588,12
9011010032000000,124,100320000014000001,,,0,1100000000000000589,14
9011010032000000,99,100320000016000001,,,0,1100000000000000578,16
9011010032000000,137,100320000018000002,,,0,1100000000000000578,18
9011010032000000,34,100320000106000001,,,0,1100000000000000593,106
9011010032000000,34,100320000110000001,,,0,1100000000000000593,110
9011010032000000,69,100320000112000002,,,0,1100000000000000593,112
9011010032000000,69,100320000118000001,,,0,1100000000000000585,118
9011010032000000,34,100320000108000001,,,0,1100000000000000593,108
9011010032000000,27,100320000108000002,,,0,1100000000000000593,108
9011010032000000,27,100320000110000002,,,0,1100000000000000593,110
9011010032000000,34,100320000114000001,,,0,1100000000000000593,114
9011010032000000,27,100320000114000002,,,0,1100000000000000593,114
9011010032000000,80,100320000116000001,,,0,1100000000000000585,116
9011010035000000,126,100350000007000002,,,1,1100000000000000594,7
9011010035000000,125,100350000009000001,,,1,1100000000000000594,9
9011010035000000,87,100350000015000001,,,1,1100000000000000598,15
9011010035000000,116,100350000015000002,,,1,1100000000000000598,15
9011010035000000,115,100350000001000001,,,1,1100000000000000594,1
9011010035000000,115,100350000003000001,,,1,1100000000000000596,3
9011010035000000,115,100350000011000001,,,1,1100000000000000597,11
9011010035000000,115,100350000013000001,,,1,1100000000000000594,13
9011010035000000,115,100350000005000001,,,1,1100000000000000594,5
9011010035000000,125,100350000007000001,,,1,1100000000000000594,7
9011010035000000,126,100350000009000002,,,1,1100000000000000594,9
9011010035000000,125,100350000017000001,,,1,1100000000000000594,17
9011010035000000,126,100350000017000002,,,1,1100000000000000594,17
9011010035000000,125,100350000010000002,,,0,1100000000000000595,10
9011010035000000,125,100350000012000001,,,0,1100000000000000595,12
9011010035000000,87,100350000014000001,,,0,1100000000000000595,14
9011010035000000,115,100350000016000001,,,0,1100000000000000599,16
9011010035000000,115,100350000002000001,,,0,1100000000000000602,2
9011010035000000,115,100350000004000001,,,0,1100000000000000600,4
9011010035000000,115,100350000008000001,,,0,1100000000000000595,8
9011010035000000,126,100350000012000002,,,0,1100000000000000595,12
9011010035000000,116,100350000014000002,,,0,1100000000000000595,14
9011010035000000,125,100350000018000001,,,0,1100000000000000595,18
9011010035000000,115,100350000006000001,,,0,1100000000000000601,6
9011010035000000,126,100350000010000001,,,0,1100000000000000595,10
9011010035000000,126,100350000018000002,,,0,1100000000000000595,18
9011010036200000,151,100362000001000002,,,1,1100000000000000603,1
9011010036200000,27,100362000001000001,,,1,1100000000000000603,1
9011010037000000,138,100370000003000002,,,1,1100000000000000606,3
9011010037000000,137,100370000003000004,,,1,1100000000000000606,3
9011010037000000,80,100370000001000001,,,1,1100000000000000604,1
9011010037000000,99,100370000001000002,,,1,1100000000000000604,1
9011010037000000,140,100370000003000003,,,1,1100000000000000606,3
9011010037000000,122,100370000005000001,,,1,1100000000000000605,5
9011010037000000,50,100370000005000002,,,1,1100000000000000605,5
9011010037000000,69,100370000003000001,,,1,1100000000000000606,3
9011010037000000,99,100370000002000002,,,0,1100000000000000608,2
9011010037000000,50,100370000006000002,,,0,1100000000000000607,6
9011010037000000,69,100370000004000001,,,0,1100000000000000609,4
9011010037000000,80,100370000002000001,,,0,1100000000000000608,2
9011010037000000,140,100370000004000003,,,0,1100000000000000609,4
9011010037000000,137,100370000004000004,,,0,1100000000000000609,4
9011010037000000,138,100370000004000002,,,0,1100000000000000609,4
9011010037000000,122,100370000006000001,,,0,1100000000000000607,6
9011010041300000,115,100413000001000001,,,1,1100000000000000354,1
9011010041300000,116,100413000009000002,,,1,1100000000000000354,9
9011010041300000,115,100413000033000001,,,1,1100000000000000354,33
9011010041300000,121,100413000043000001,,,1,1100000000000000353,43
9011010041300000,123,100413000055000001,,,1,1100000000000000353,55
9011010041300000,115,100413000005000001,,,1,1100000000000000354,5
9011010041300000,87,100413000009000001,,,1,1100000000000000354,9
9011010041300000,87,100413000013000001,,,1,1100000000000000354,13
9011010041300000,116,100413000013000002,,,1,1100000000000000354,13
9011010041300000,115,100413000015000001,,,1,1100000000000000354,15
9011010041300000,115,100413000017000001,,,1,1100000000000000354,17
9011010041300000,13,100413000037000001,,,1,1100000000000000353,37
9011010041300000,153,100413000037000002,,,1,1100000000000000353,37
9011010041300000,13,100413000039000001,,,1,1100000000000000353,39
9011010041300000,153,100413000039000002,,,1,1100000000000000353,39
9011010041300000,121,100413000045000001,,,1,1100000000000000353,45
9011010041300000,123,100413000049000001,,,1,1100000000000000353,49
9011010041300000,123,100413000059000001,,,1,1100000000000000353,59
9011010041300000,123,100413000057000001,,,1,1100000000000000353,57
9011010041300000,115,100413000003000001,,,1,1100000000000000354,3
9011010041300000,126,100413000019000002,,,1,1100000000000000354,19
9011010041300000,115,100413000023000001,,,1,1100000000000000354,23
9011010041300000,87,100413000025000001,,,1,1100000000000000354,25
9011010041300000,116,100413000025000002,,,1,1100000000000000354,25
9011010041300000,115,100413000031000001,,,1,1100000000000000354,31
9011010041300000,121,100413000035000001,,,1,1100000000000000353,35
9011010041300000,121,100413000047000001,,,1,1100000000000000353,47
9011010041300000,115,100413000007000001,,,1,1100000000000000354,7
9011010041300000,115,100413000011000001,,,1,1100000000000000354,11
9011010041300000,125,100413000019000001,,,1,1100000000000000354,19
9011010041300000,115,100413000021000001,,,1,1100000000000000354,21
9011010041300000,115,100413000027000001,,,1,1100000000000000354,27
9011010041300000,115,100413000029000001,,,1,1100000000000000354,29
9011010041300000,121,100413000041000001,,,1,1100000000000000353,41
9011010041300000,123,100413000051000001,,,1,1100000000000000353,51
9011010041300000,123,100413000053000001,,,1,1100000000000000353,53
9011010041300000,123,100413000061000001,,,1,1100000000000000353,61
9011010041400000,115,100414000007000001,,,1,1100000000000000697,7
9011010041400000,121,100414000015000001,,,1,1100000000000000697,15
9011010041400000,121,100414000017000001,,,1,1100000000000000697,17
9011010041400000,123,100414000021000001,,,1,1100000000000000697,21
9011010041400000,123,100414000023000001,,,1,1100000000000000697,23
9011010041400000,115,100414000005000001,,,1,1100000000000000697,5
9011010041400000,116,100414000009000002,,,1,1100000000000000697,9
9011010041400000,123,100414000025000001,,,1,1100000000000000697,25
9011010041400000,87,100414000009000001,,,1,1100000000000000697,9
9011010041400000,123,100414000019000001,,,1,1100000000000000697,19
9011010041400000,125,100414000001000001,,,1,1100000000000000697,1
9011010041400000,126,100414000001000002,,,1,1100000000000000697,1
9011010041400000,115,100414000003000001,,,1,1100000000000000697,3
9011010041400000,13,100414000011000001,,,1,1100000000000000697,11
9011010041400000,153,100414000011000002,,,1,1100000000000000697,11
9011010041400000,121,100414000013000001,,,1,1100000000000000697,13
9011010041400000,115,100414000006000001,,,0,1100000000000000698,6
9011010041400000,87,100414000008000001,,,0,1100000000000000698,8
9011010041400000,121,100414000018000001,,,0,1100000000000000698,18
9011010041400000,123,100414000024000001,,,0,1100000000000000698,24
9011010041400000,115,100414000010000001,,,0,1100000000000000698,10
9011010041400000,121,100414000012000001,,,0,1100000000000000698,12
9011010041400000,123,100414000020000001,,,0,1100000000000000698,20
9011010041400000,121,100414000014000001,,,0,1100000000000000698,14
9011010041400000,121,100414000016000001,,,0,1100000000000000698,16
9011010041400000,123,100414000022000001,,,0,1100000000000000698,22
9011010041400000,123,100414000026000001,,,0,1100000000000000698,26
9011010041400000,115,100414000002000001,,,0,1100000000000000698,2
9011010041400000,115,100414000004000001,,,0,1100000000000000698,4
9011010041400000,116,100414000008000002,,,0,1100000000000000698,8
9011010043200000,115,100432000027000001,,,1,1100000000000000538,27
9011010043200000,126,100432000029000002,,,1,1100000000000000542,29
9011010043200000,87,100432000031000001,,,1,1100000000000000533,31
9011010043200000,115,100432000037000001,,,1,1100000000000000539,37
9011010043200000,13,100432000065000002,,,1,1100000000000000536,65
9011010043200000,121,100432000079000001,,,1,1100000000000000531,79
9011010043200000,121,100432000089000001,,,1,1100000000000000536,89
9011010043200000,121,100432000091000001,,,1,1100000000000000531,91
9011010043200000,123,100432000099000001,,,1,1100000000000000536,99
9011010043200000,123,100432000101000001,,,1,1100000000000000531,101
9011010043200000,116,100432000001000001,,,1,1100000000000000533,1
9011010043200000,125,100432000009000001,,,1,1100000000000000541,9
9011010043200000,126,100432000009000002,,,1,1100000000000000541,9
9011010043200000,115,100432000017000001,,,1,1100000000000000539,17
9011010043200000,115,100432000025000001,,,1,1100000000000000539,25
9011010043200000,115,100432000043000001,,,1,1100000000000000533,43
9011010043200000,116,100432000057000001,,,1,1100000000000000542,57
9011010043200000,87,100432000057000002,,,1,1100000000000000542,57
9011010043200000,115,100432000059000001,,,1,1100000000000000533,59
9011010043200000,153,100432000065000001,,,1,1100000000000000536,65
9011010043200000,13,100432000067000001,,,1,1100000000000000531,67
9011010043200000,153,100432000067000002,,,1,1100000000000000531,67
9011010043200000,121,100432000069000001,,,1,1100000000000000536,69
9011010043200000,121,100432000071000001,,,1,1100000000000000531,71
9011010043200000,13,100432000073000001,,,1,1100000000000000536,73
9011010043200000,153,100432000073000002,,,1,1100000000000000536,73
9011010043200000,153,100432000075000002,,,1,1100000000000000531,75
9011010043200000,121,100432000081000001,,,1,1100000000000000536,81
9011010043200000,123,100432000097000001,,,1,1100000000000000531,97
9011010043200000,123,100432000105000001,,,1,1100000000000000531,105
9011010043200000,123,100432000109000001,,,1,1100000000000000531,109
9011010043200000,123,100432000113000001,,,1,1100000000000000531,113
9011010043200000,123,100432000119000001,,,1,1100000000000000536,119
9011010043200000,123,100432000123000001,,,1,1100000000000000543,123
9011010043200000,115,100432000003000001,,,1,1100000000000000542,3
9011010043200000,115,100432000005000001,,,1,1100000000000000533,5
9011010043200000,87,100432000015000002,,,1,1100000000000000533,15
9011010043200000,115,100432000021000001,,,1,1100000000000000542,21
9011010043200000,116,100432000023000002,,,1,1100000000000000533,23
9011010043200000,116,100432000031000002,,,1,1100000000000000533,31
9011010043200000,115,100432000039000001,,,1,1100000000000000533,39
9011010043200000,115,100432000047000001,,,1,1100000000000000533,47
9011010043200000,115,100432000049000001,,,1,1100000000000000542,49
9011010043200000,115,100432000053000001,,,1,1100000000000000539,53
9011010043200000,115,100432000055000001,,,1,1100000000000000533,55
9011010043200000,115,100432000063000001,,,1,1100000000000000542,63
9011010043200000,121,100432000077000001,,,1,1100000000000000536,77
9011010043200000,121,100432000083000001,,,1,1100000000000000531,83
9011010043200000,121,100432000087000001,,,1,1100000000000000531,87
9011010043200000,121,100432000093000001,,,1,1100000000000000536,93
9011010043200000,123,100432000095000001,,,1,1100000000000000536,95
9011010043200000,123,100432000103000001,,,1,1100000000000000536,103
9011010043200000,123,100432000121000001,,,1,1100000000000000534,121
9011010043200000,87,100432000501000001,,,1,1100000000000000533,501
9011010043200000,115,100432000007000001,,,1,1100000000000000532,7
9011010043200000,115,100432000011000001,,,1,1100000000000000556,11
9011010043200000,115,100432000013000001,,,1,1100000000000000540,13
9011010043200000,116,100432000015000001,,,1,1100000000000000533,15
9011010043200000,115,100432000019000001,,,1,1100000000000000533,19
9011010043200000,87,100432000023000001,,,1,1100000000000000533,23
9011010043200000,125,100432000029000001,,,1,1100000000000000542,29
9011010043200000,115,100432000033000001,,,1,1100000000000000537,33
9011010043200000,116,100432000035000001,,,1,1100000000000000533,35
9011010043200000,87,100432000035000002,,,1,1100000000000000533,35
9011010043200000,115,100432000041000001,,,1,1100000000000000542,41
9011010043200000,115,100432000045000001,,,1,1100000000000000539,45
9011010043200000,115,100432000051000001,,,1,1100000000000000533,51
9011010043200000,115,100432000061000001,,,1,1100000000000000542,61
9011010043200000,13,100432000075000001,,,1,1100000000000000531,75
9011010043200000,121,100432000085000001,,,1,1100000000000000536,85
9011010043200000,123,100432000107000001,,,1,1100000000000000536,107
9011010043200000,123,100432000111000001,,,1,1100000000000000536,111
9011010043200000,123,100432000115000001,,,1,1100000000000000536,115
9011010043200000,123,100432000117000001,,,1,1100000000000000531,117
9011010043200000,121,100432000125000001,,,1,1100000000000000535,125
9011010043200000,115,100432000004000001,,,0,1100000000000000554,4
9011010043200000,115,100432000006000001,,,0,1100000000000000544,6
9011010043200000,115,100432000010000001,,,0,1100000000000000545,10
9011010043200000,125,100432000026000001,,,0,1100000000000000545,26
9011010043200000,116,100432000028000002,,,0,1100000000000000554,28
9011010043200000,115,100432000044000001,,,0,1100000000000000546,44
9011010043200000,115,100432000046000001,,,0,1100000000000000555,46
9011010043200000,115,100432000052000001,,,0,1100000000000000546,52
9011010043200000,116,100432000054000002,,,0,1100000000000000555,54
9011010043200000,115,100432000060000001,,,0,1100000000000000548,60
9011010043200000,13,100432000070000001,,,0,1100000000000000551,70
9011010043200000,13,100432000072000001,,,0,1100000000000000550,72
9011010043200000,121,100432000078000001,,,0,1100000000000000551,78
9011010043200000,121,100432000084000001,,,0,1100000000000000550,84
9011010043200000,121,100432000092000001,,,0,1100000000000000552,92
9011010043200000,123,100432000102000001,,,0,1100000000000000551,102
9011010043200000,123,100432000110000001,,,0,1100000000000000551,110
9011010043200000,115,100432000014000001,,,0,1100000000000000544,14
9011010043200000,115,100432000016000001,,,0,1100000000000000554,16
9011010043200000,115,100432000018000001,,,0,1100000000000000545,18
9011010043200000,116,100432000020000002,,,0,1100000000000000554,20
9011010043200000,126,100432000026000002,,,0,1100000000000000545,26
9011010043200000,87,100432000028000001,,,0,1100000000000000554,28
9011010043200000,115,100432000030000001,,,0,1100000000000000545,30
9011010043200000,87,100432000032000001,,,0,1100000000000000546,32
9011010043200000,115,100432000050000001,,,0,1100000000000000547,50
9011010043200000,153,100432000064000002,,,0,1100000000000000550,64
9011010043200000,153,100432000072000002,,,0,1100000000000000550,72
9011010043200000,121,100432000074000001,,,0,1100000000000000551,74
9011010043200000,121,100432000086000001,,,0,1100000000000000551,86
9011010043200000,121,100432000094000001,,,0,1100000000000000553,94
9011010043200000,123,100432000104000001,,,0,1100000000000000550,104
9011010043200000,123,100432000112000001,,,0,1100000000000000550,112
9011010043200000,123,100432000116000001,,,0,1100000000000000550,116
9011010043200000,123,100432000118000001,,,0,1100000000000000551,118
9011010043200000,123,100432000120000001,,,0,1100000000000000550,120
9011010043200000,123,100432000122000001,,,0,1100000000000000552,122
9011010043200000,13,100432000578000001,,,0,1100000000000000557,578
9011010043200000,115,100432000008000001,,,0,1100000000000000554,8
9011010043200000,87,100432000012000001,,,0,1100000000000000554,12
9011010043200000,116,100432000012000002,,,0,1100000000000000554,12
9011010043200000,87,100432000020000001,,,0,1100000000000000554,20
9011010043200000,115,100432000024000001,,,0,1100000000000000554,24
9011010043200000,115,100432000042000001,,,0,1100000000000000547,42
9011010043200000,87,100432000054000001,,,0,1100000000000000555,54
9011010043200000,115,100432000056000001,,,0,1100000000000000546,56
9011010043200000,121,100432000066000001,,,0,1100000000000000551,66
9011010043200000,121,100432000076000001,,,0,1100000000000000550,76
9011010043200000,121,100432000082000001,,,0,1100000000000000551,82
9011010043200000,121,100432000088000001,,,0,1100000000000000550,88
9011010043200000,123,100432000098000001,,,0,1100000000000000551,98
9011010043200000,123,100432000100000001,,,0,1100000000000000550,100
9011010043200000,123,100432000106000001,,,0,1100000000000000551,106
9011010043200000,123,100432000114000001,,,0,1100000000000000551,114
9011010043200000,115,100432000002000001,,,0,1100000000000000555,2
9011010043200000,115,100432000022000001,,,0,1100000000000000544,22
9011010043200000,116,100432000032000002,,,0,1100000000000000546,32
9011010043200000,115,100432000034000001,,,0,1100000000000000547,34
9011010043200000,115,100432000036000001,,,0,1100000000000000546,36
9011010043200000,115,100432000038000001,,,0,1100000000000000555,38
9011010043200000,115,100432000040000001,,,0,1100000000000000546,40
9011010043200000,115,100432000048000001,,,0,1100000000000000546,48
9011010043200000,115,100432000058000001,,,0,1100000000000000555,58
9011010043200000,115,100432000062000001,,,0,1100000000000000549,62
9011010043200000,13,100432000064000001,,,0,1100000000000000550,64
9011010043200000,121,100432000068000001,,,0,1100000000000000550,68
9011010043200000,153,100432000070000002,,,0,1100000000000000551,70
9011010043200000,121,100432000080000001,,,0,1100000000000000550,80
9011010043200000,121,100432000090000001,,,0,1100000000000000551,90
9011010043200000,123,100432000096000001,,,0,1100000000000000550,96
9011010043200000,123,100432000108000001,,,0,1100000000000000550,108
9011010043300000,115,100433000012000001,,,1,1100000000000000722,12
9011010043300000,115,100433000014000001,,,1,1100000000000000722,14
9011010043300000,116,100433000002000001,,,1,1100000000000000721,2
9011010043300000,87,100433000002000002,,,1,1100000000000000721,2
9011010043300000,87,100433000001000002,,,0,1100000000000000723,1
9011010043300000,116,100433000003000001,,,0,1100000000000000724,3
9011010043300000,116,100433000001000001,,,0,1100000000000000723,1
9011010043300000,87,100433000003000002,,,0,1100000000000000724,3
9011010043300000,115,100433000011000001,,,0,1100000000000000725,11
9011010043300000,115,100433000013000001,,,0,1100000000000000726,13
9011010043400000,115,100434000004000001,,,1,1100000000000000728,4
9011010043400000,126,100434000008000001,,,1,1100000000000000728,8
9011010043400000,125,100434000008000002,,,1,1100000000000000728,8
9011010043400000,115,100434000002000001,,,1,1100000000000000727,2
9011010043400000,125,100434000006000001,,,1,1100000000000000728,6
9011010050000000,23,100500000005000001,,,1,1100000000000000788,5
9011010050000000,154,100500000005000002,,,1,1100000000000000788,5
9011010050000000,27,100500000015000001,,,1,1100000000000000788,15
9011010050000000,155,100500000031000001,,,1,1100000000000000788,31
9011010050000000,155,100500000033000001,,,1,1100000000000000788,33
9011010050000000,156,100500000001000002,,,1,1100000000000000789,1
9011010050000000,104,100500000003000001,,,1,1100000000000000788,3
9011010050000000,156,100500000009000002,,,1,1100000000000000788,9
9011010050000000,154,100500000011000002,,,1,1100000000000000788,11
9011010050000000,156,100500000015000002,,,1,1100000000000000788,15
9011010050000000,23,100500000017000001,,,1,1100000000000000788,17
9011010050000000,157,100500000021000001,,,1,1100000000000000788,21
9011010050000000,157,100500000027000001,,,1,1100000000000000788,27
9011010050000000,155,100500000029000001,,,1,1100000000000000788,29
9011010050000000,23,100500000007000001,,,1,1100000000000000788,7
9011010050000000,154,100500000007000002,,,1,1100000000000000788,7
9011010050000000,27,100500000009000001,,,1,1100000000000000788,9
9011010050000000,23,100500000011000001,,,1,1100000000000000788,11
9011010050000000,104,100500000013000001,,,1,1100000000000000788,13
9011010050000000,157,100500000023000001,,,1,1100000000000000788,23
9011010050000000,157,100500000025000001,,,1,1100000000000000788,25
9011010050000000,27,100500000001000001,,,1,1100000000000000789,1
9011010050000000,154,100500000017000002,,,1,1100000000000000788,17
9011010050000000,23,100500000019000001,,,1,1100000000000000788,19
9011010050000000,154,100500000019000002,,,1,1100000000000000788,19
9011010050000000,154,100500000008000002,,,0,1100000000000000790,8
9011010050000000,23,100500000010000001,,,0,1100000000000000790,10
9011010050000000,154,100500000010000002,,,0,1100000000000000790,10
9011010050000000,23,100500000004000001,,,0,1100000000000000790,4
9011010050000000,27,100500000006000001,,,0,1100000000000000790,6
9011010050000000,156,100500000014000001,,,0,1100000000000000790,14
9011010050000000,157,100500000022000001,,,0,1100000000000000793,22
9011010050000000,155,100500000030000001,,,0,1100000000000000793,30
9011010050000000,155,100500000034000001,,,0,1100000000000000793,34
9011010050000000,154,100500000004000002,,,0,1100000000000000790,4
9011010050000000,156,100500000006000002,,,0,1100000000000000790,6
9011010050000000,23,100500000008000001,,,0,1100000000000000790,8
9011010050000000,27,100500000014000002,,,0,1100000000000000790,14
9011010050000000,23,100500000016000002,,,0,1100000000000000791,16
9011010050000000,23,100500000018000001,,,0,1100000000000000791,18
9011010050000000,27,100500000020000001,,,0,1100000000000000793,20
9011010050000000,157,100500000024000001,,,0,1100000000000000793,24
9011010050000000,157,100500000028000001,,,0,1100000000000000793,28
9011010050000000,155,100500000032000001,,,0,1100000000000000793,32
9011010050000000,104,100500000002000001,,,0,1100000000000000792,2
9011010050000000,104,100500000012000001,,,0,1100000000000000790,12
9011010050000000,154,100500000016000001,,,0,1100000000000000791,16
9011010050000000,154,100500000018000002,,,0,1100000000000000791,18
9011010050000000,156,100500000020000002,,,0,1100000000000000793,20
9011010050000000,157,100500000026000001,,,0,1100000000000000793,26
9011010060000000,26,100600000005000001,,,1,1100000000000000944,5
9011010060000000,42,100600000005000003,,,1,1100000000000000944,5
9011010060000000,23,100600000015000001,,,1,1100000000000000948,15
9011010060000000,23,100600000023000001,,,1,1100000000000000939,23
9011010060000000,23,100600000025000001,,,1,1100000000000000939,25
9011010060000000,57,100600000029000002,,,1,1100000000000000939,29
9011010060000000,23,100600000031000001,,,1,1100000000000000939,31
9011010060000000,57,100600000033000002,,,1,1100000000000000941,33
9011010060000000,57,100600000039000002,,,1,1100000000000000938,39
9011010060000000,23,100600000045000001,,,1,1100000000000000940,45
9011010060000000,26,100600000001000002,,,1,1100000000000000942,1
9011010060000000,23,100600000007000001,,,1,1100000000000000945,7
9011010060000000,26,100600000011000001,,,1,1100000000000000949,11
9011010060000000,57,100600000011000002,,,1,1100000000000000949,11
9011010060000000,23,100600000013000001,,,1,1100000000000000947,13
9011010060000000,23,100600000017000001,,,1,1100000000000000939,17
9011010060000000,57,100600000019000001,,,1,1100000000000000939,19
9011010060000000,26,100600000019000002,,,1,1100000000000000939,19
9011010060000000,26,100600000027000002,,,1,1100000000000000939,27
9011010060000000,26,100600000033000001,,,1,1100000000000000941,33
9011010060000000,23,100600000037000001,,,1,1100000000000000947,37
9011010060000000,23,100600000043000001,,,1,1100000000000000937,43
9011010060000000,37,100600000005000002,,,1,1100000000000000944,5
9011010060000000,26,100600000021000001,,,1,1100000000000000939,21
9011010060000000,57,100600000027000001,,,1,1100000000000000939,27
9011010060000000,26,100600000029000001,,,1,1100000000000000939,29
9011010060000000,26,100600000039000001,,,1,1100000000000000938,39
9011010060000000,23,100600000041000001,,,1,1100000000000000947,41
9011010060000000,57,100600000001000001,,,1,1100000000000000942,1
9011010060000000,23,100600000003000001,,,1,1100000000000000943,3
9011010060000000,23,100600000009000001,,,1,1100000000000000946,9
9011010060000000,57,100600000021000002,,,1,1100000000000000939,21
9011010060000000,23,100600000035000001,,,1,1100000000000000944,35
9011010060000000,23,100600000008000001,,,0,1100000000000000934,8
9011010060000000,57,100600000018000001,,,0,1100000000000000933,18
9011010060000000,26,100600000018000002,,,0,1100000000000000933,18
9011010060000000,23,100600000022000001,,,0,1100000000000000933,22
9011010060000000,26,100600000026000002,,,0,1100000000000000935,26
9011010060000000,23,100600000004000001,,,0,1100000000000000932,4
9011010060000000,23,100600000006000001,,,0,1100000000000000933,6
9011010060000000,57,100600000012000002,,,0,1100000000000000933,12
9011010060000000,23,100600000016000001,,,0,1100000000000000933,16
9011010060000000,57,100600000020000001,,,0,1100000000000000933,20
9011010060000000,23,100600000030000001,,,0,1100000000000000936,30
9011010060000000,23,100600000034000001,,,0,1100000000000000931,34
9011010060000000,26,100600000040000001,,,0,1100000000000000933,40
9011010060000000,88,100600000502000002,,,0,1100000000000000936,502
9011010060000000,57,100600000010000001,,,0,1100000000000000933,10
9011010060000000,26,100600000010000002,,,0,1100000000000000933,10
9011010060000000,26,100600000012000001,,,0,1100000000000000933,12
9011010060000000,26,100600000020000002,,,0,1100000000000000933,20
9011010060000000,23,100600000024000001,,,0,1100000000000000933,24
9011010060000000,57,100600000026000001,,,0,1100000000000000935,26
9011010060000000,26,100600000032000001,,,0,1100000000000000929,32
9011010060000000,57,100600000032000002,,,0,1100000000000000929,32
9011010060000000,23,100600000036000001,,,0,1100000000000000935,36
9011010060000000,57,100600000040000002,,,0,1100000000000000933,40
9011010060000000,23,100600000002000001,,,0,1100000000000000930,2
9011010060000000,23,100600000014000001,,,0,1100000000000000933,14
9011010060000000,23,100600000028000001,,,0,1100000000000000933,28
9011010060000000,57,100600000038000001,,,0,1100000000000000933,38
9011010060000000,26,100600000038000002,,,0,1100000000000000933,38
9011010060000000,95,100600000502000001,,,0,1100000000000000936,502
9011010063000000,116,100630000005000001,,,1,1100000000000000954,5
9011010063000000,158,100630000011000002,,,1,1100000000000000952,11
9011010063000000,45,100630000017000001,,,1,1100000000000000951,17
9011010063000000,101,100630000017000003,,,1,1100000000000000951,17
9011010063000000,142,100630000019000003,,,1,1100000000000000951,19
9011010063000000,122,100630000031000002,,,1,1100000000000000951,31
9011010063000000,50,100630000035000001,,,1,1100000000000000951,35
9011010063000000,123,100630000037000001,,,1,1100000000000000951,37
9011010063000000,50,100630000039000001,,,1,1100000000000000951,39
9011010063000000,159,100630000511000003,,,1,1100000000000000952,511
9011010063000000,87,100630000009000001,,,1,1100000000000000953,9
9011010063000000,142,100630000017000002,,,1,1100000000000000951,17
9011010063000000,45,100630000023000001,,,1,1100000000000000951,23
9011010063000000,120,100630000023000002,,,1,1100000000000000951,23
9011010063000000,121,100630000027000001,,,1,1100000000000000950,27
9011010063000000,50,100630000029000001,,,1,1100000000000000951,29
9011010063000000,123,100630000041000001,,,1,1100000000000000950,41
9011010063000000,87,100630000105000001,,,1,1100000000000000954,105
9011010063000000,26,100630000511000001,,,1,1100000000000000952,511
9011010063000000,115,100630000001000001,,,1,1100000000000000956,1
9011010063000000,118,100630000003000001,,,1,1100000000000000955,3
9011010063000000,117,100630000003000002,,,1,1100000000000000955,3
9011010063000000,116,100630000009000002,,,1,1100000000000000953,9
9011010063000000,68,100630000011000001,,,1,1100000000000000952,11
9011010063000000,45,100630000019000002,,,1,1100000000000000951,19
9011010063000000,121,100630000021000001,,,1,1100000000000000951,21
9011010063000000,50,100630000031000001,,,1,1100000000000000951,31
9011010063000000,50,100630000033000001,,,1,1100000000000000951,33
9011010063000000,122,100630000039000002,,,1,1100000000000000951,39
9011010063000000,115,100630000107000001,,,1,1100000000000000957,107
9011010063000000,57,100630000011000003,,,1,1100000000000000952,11
9011010063000000,121,100630000013000001,,,1,1100000000000000951,13
9011010063000000,121,100630000015000001,,,1,1100000000000000951,15
9011010063000000,101,100630000019000001,,,1,1100000000000000951,19
9011010063000000,121,100630000025000001,,,1,1100000000000000950,25
9011010063000000,122,100630000029000002,,,1,1100000000000000951,29
9011010063000000,122,100630000033000002,,,1,1100000000000000951,33
9011010063000000,122,100630000035000002,,,1,1100000000000000951,35
9011010063000000,65,100630000511000002,,,1,1100000000000000952,511
9011010063000000,68,100630000012000001,,,0,1100000000000000962,12
9011010063000000,57,100630000012000003,,,0,1100000000000000962,12
9011010063000000,121,100630000014000001,,,0,1100000000000000958,14
9011010063000000,45,100630000018000001,,,0,1100000000000000958,18
9011010063000000,142,100630000018000002,,,0,1100000000000000958,18
9011010063000000,101,100630000018000003,,,0,1100000000000000958,18
9011010063000000,45,100630000020000001,,,0,1100000000000000958,20
9011010063000000,45,100630000024000001,,,0,1100000000000000958,24
9011010063000000,121,100630000026000001,,,0,1100000000000000958,26
9011010063000000,50,100630000032000001,,,0,1100000000000000958,32
9011010063000000,122,100630000032000002,,,0,1100000000000000958,32
9011010063000000,50,100630000034000001,,,0,1100000000000000958,34
9011010063000000,122,100630000038000001,,,0,1100000000000000958,38
9011010063000000,50,100630000038000002,,,0,1100000000000000958,38
9011010063000000,50,100630000042000002,,,0,1100000000000000958,42
9011010063000000,50,100630000046000001,,,0,1100000000000000960,46
9011010063000000,87,100630000006000001,,,0,1100000000000000963,6
9011010063000000,115,100630000008000001,,,0,1100000000000000963,8
9011010063000000,135,100630000010000001,,,0,1100000000000000964,10
9011010063000000,142,100630000020000002,,,0,1100000000000000958,20
9011010063000000,120,100630000024000002,,,0,1100000000000000958,24
9011010063000000,142,100630000030000001,,,0,1100000000000000960,30
9011010063000000,50,100630000036000001,,,0,1100000000000000958,36
9011010063000000,123,100630000040000001,,,0,1100000000000000958,40
9011010063000000,159,100630000512000003,,,0,1100000000000000961,512
9011010063000000,115,100630000004000001,,,0,1100000000000000959,4
9011010063000000,118,100630000010000002,,,0,1100000000000000964,10
9011010063000000,158,100630000012000002,,,0,1100000000000000962,12
9011010063000000,121,100630000016000001,,,0,1100000000000000958,16
9011010063000000,101,100630000020000003,,,0,1100000000000000958,20
9011010063000000,121,100630000022000001,,,0,1100000000000000958,22
9011010063000000,101,100630000030000002,,,0,1100000000000000960,30
9011010063000000,122,100630000036000002,,,0,1100000000000000958,36
9011010063000000,122,100630000042000001,,,0,1100000000000000958,42
9011010063000000,123,100630000044000001,,,0,1100000000000000958,44
9011010063000000,87,100630000102000001,,,0,1100000000000000964,102
9011010063000000,26,100630000512000002,,,0,1100000000000000961,512
9011010063000000,116,100630000002000001,,,0,1100000000000000964,2
9011010063000000,116,100630000006000002,,,0,1100000000000000963,6
9011010063000000,139,100630000010000003,,,0,1100000000000000964,10
9011010063000000,121,100630000028000001,,,0,1100000000000000958,28
9011010063000000,122,100630000034000002,,,0,1100000000000000958,34
9011010063000000,65,100630000512000001,,,0,1100000000000000961,512
9011010063500000,116,100635000001000001,,,1,1100000000000000966,1
9011010063500000,135,100635000003000001,,,1,1100000000000000966,3
9011010063500000,139,100635000003000002,,,1,1100000000000000966,3
9011010063500000,118,100635000003000003,,,1,1100000000000000966,3
9011010063500000,57,100635000007000001,,,1,1100000000000000965,7
9011010063500000,158,100635000007000002,,,1,1100000000000000965,7
9011010063500000,68,100635000007000003,,,1,1100000000000000965,7
9011010063500000,87,100635000001000002,,,1,1100000000000000966,1
9011010063500000,118,100635000005000001,,,1,1100000000000000967,5
9011010063500000,118,100635000002000002,,,0,1100000000000000968,2
9011010063500000,87,100635000006000002,,,0,1100000000000000969,6
9011010063500000,23,100635000004000001,,,0,1100000000000000968,4
9011010063500000,154,100635000004000002,,,0,1100000000000000968,4
9011010063500000,117,100635000002000001,,,0,1100000000000000968,2
9011010063500000,32,100635000004000003,,,0,1100000000000000968,4
9011010063500000,116,100635000006000001,,,0,1100000000000000969,6
9011010068100000,118,100681000001000001,,,1,1100000000000000993,1
9011010068100000,160,100681000003000002,,,1,1100000000000000991,3
9011010068100000,161,100681000003000003,,,1,1100000000000000991,3
9011010068100000,126,100681000005000005,,,1,1100000000000000991,5
9011010068100000,160,100681000009000002,,,1,1100000000000000991,9
9011010068100000,144,100681000015000003,,,1,1100000000000000991,15
9011010068100000,143,100681000015000005,,,1,1100000000000000991,15
9011010068100000,61,100681000015000006,,,1,1100000000000000991,15
9011010068100000,54,100681000015000007,,,1,1100000000000000991,15
9011010068100000,126,100681000909000001,,,1,1100000000000000991,909
9011010068100000,117,100681000001000002,,,1,1100000000000000993,1
9011010068100000,162,100681000003000004,,,1,1100000000000000991,3
9011010068100000,126,100681000003000005,,,1,1100000000000000991,3
9011010068100000,163,100681000005000001,,,1,1100000000000000991,5
9011010068100000,129,100681000007000002,,,1,1100000000000000991,7
9011010068100000,164,100681000009000001,,,1,1100000000000000991,9
9011010068100000,125,100681000013000001,,,1,1100000000000000991,13
9011010068100000,141,100681000015000004,,,1,1100000000000000991,15
9011010068100000,126,100681000907000001,,,1,1100000000000000991,907
9011010068100000,160,100681000005000002,,,1,1100000000000000991,5
9011010068100000,161,100681000005000003,,,1,1100000000000000991,5
9011010068100000,127,100681000007000001,,,1,1100000000000000991,7
9011010068100000,115,100681000011000001,,,1,1100000000000000991,11
9011010068100000,124,100681000015000001,,,1,1100000000000000991,15
9011010068100000,163,100681000003000001,,,1,1100000000000000991,3
9011010068100000,162,100681000005000004,,,1,1100000000000000991,5
9011010068100000,81,100681000015000002,,,1,1100000000000000991,15
9011010068100000,126,100681000913000001,,,1,1100000000000000991,913
9011010068100000,160,100681000004000002,,,0,1100000000000000992,4
9011010068100000,115,100681000010000001,,,0,1100000000000000992,10
9011010068100000,124,100681000016000001,,,0,1100000000000000992,16
9011010068100000,81,100681000016000002,,,0,1100000000000000992,16
9011010068100000,144,100681000016000003,,,0,1100000000000000992,16
9011010068100000,141,100681000016000004,,,0,1100000000000000992,16
9011010068100000,61,100681000016000006,,,0,1100000000000000992,16
9011010068100000,81,100681000502000001,,,0,1100000000000000992,502
9011010068100000,143,100681000502000002,,,0,1100000000000000992,502
9011010068100000,126,100681000002000001,,,0,1100000000000000992,2
9011010068100000,126,100681000014000001,,,0,1100000000000000992,14
9011010068100000,160,100681000014000005,,,0,1100000000000000992,14
9011010068100000,144,100681000502000003,,,0,1100000000000000992,502
9011010068100000,127,100681000006000001,,,0,1100000000000000992,6
9011010068100000,125,100681000012000001,,,0,1100000000000000992,12
9011010068100000,161,100681000014000003,,,0,1100000000000000992,14
9011010068100000,163,100681000014000004,,,0,1100000000000000992,14
9011010068100000,141,100681000502000004,,,0,1100000000000000992,502
9011010068100000,126,100681000906000001,,,0,1100000000000000992,906
9011010068100000,126,100681000908000001,,,0,1100000000000000992,908
9011010068100000,163,100681000004000001,,,0,1100000000000000992,4
9011010068100000,161,100681000004000003,,,0,1100000000000000992,4
9011010068100000,162,100681000004000004,,,0,1100000000000000992,4
9011010068100000,126,100681000004000005,,,0,1100000000000000992,4
9011010068100000,129,100681000006000002,,,0,1100000000000000992,6
9011010068100000,164,100681000008000001,,,0,1100000000000000992,8
9011010068100000,160,100681000008000002,,,0,1100000000000000992,8
9011010068100000,162,100681000014000002,,,0,1100000000000000992,14
9011010068100000,143,100681000016000005,,,0,1100000000000000992,16
9011010068100000,54,100681000016000007,,,0,1100000000000000992,16
9011010068100000,126,100681000912000001,,,0,1100000000000000992,912
9011010068200000,161,100682000009000005,,,1,1100000000000000999,9
9011010068200000,61,100682000013000006,,,1,1100000000000000998,13
9011010068200000,54,100682000013000007,,,1,1100000000000000998,13
9011010068200000,161,100682000017000003,,,1,1100000000000001001,17
9011010068200000,162,100682000017000004,,,1,1100000000000001001,17
9011010068200000,81,100682000515000002,,,1,1100000000000001000,515
9011010068200000,125,100682000001000001,,,1,1100000000000000994,1
9011010068200000,115,100682000007000001,,,1,1100000000000000997,7
9011010068200000,160,100682000009000003,,,1,1100000000000000999,9
9011010068200000,163,100682000009000004,,,1,1100000000000000999,9
9011010068200000,141,100682000013000004,,,1,1100000000000000998,13
9011010068200000,61,100682000015000003,,,1,1100000000000001000,15
9011010068200000,54,100682000015000004,,,1,1100000000000001000,15
9011010068200000,125,100682000003000001,,,1,1100000000000000995,3
9011010068200000,126,100682000005000001,,,1,1100000000000000996,5
9011010068200000,126,100682000009000001,,,1,1100000000000000999,9
9011010068200000,124,100682000013000001,,,1,1100000000000000998,13
9011010068200000,143,100682000015000002,,,1,1100000000000001000,15
9011010068200000,163,100682000017000001,,,1,1100000000000001001,17
9011010068200000,126,100682000017000005,,,1,1100000000000001001,17
9011010068200000,162,100682000009000002,,,1,1100000000000000999,9
9011010068200000,81,100682000013000002,,,1,1100000000000000998,13
9011010068200000,144,100682000013000003,,,1,1100000000000000998,13
9011010068200000,143,100682000013000005,,,1,1100000000000000998,13
9011010068200000,141,100682000015000001,,,1,1100000000000001000,15
9011010068200000,160,100682000017000002,,,1,1100000000000001001,17
9011010068200000,124,100682000515000001,,,1,1100000000000001000,515
9011010068200000,144,100682000515000003,,,1,1100000000000001000,515
9011010068200000,126,100682000901000001,,,1,1100000000000000994,901
9011010068200000,125,100682000002000001,,,0,1100000000000001003,2
9011010068200000,141,100682000010000001,,,0,1100000000000001002,10
9011010068200000,124,100682000010000002,,,0,1100000000000001002,10
9011010068200000,143,100682000010000005,,,0,1100000000000001002,10
9011010068200000,144,100682000012000006,,,0,1100000000000001005,12
9011010068200000,161,100682000014000003,,,0,1100000000000001004,14
9011010068200000,141,100682000020000002,,,0,1100000000000001006,20
9011010068200000,54,100682000010000006,,,0,1100000000000001002,10
9011010068200000,54,100682000012000001,,,0,1100000000000001005,12
9011010068200000,61,100682000012000003,,,0,1100000000000001005,12
9011010068200000,81,100682000012000004,,,0,1100000000000001005,12
9011010068200000,163,100682000014000001,,,0,1100000000000001004,14
9011010068200000,160,100682000014000002,,,0,1100000000000001004,14
9011010068200000,126,100682000014000005,,,0,1100000000000001004,14
9011010068200000,61,100682000020000003,,,0,1100000000000001006,20
9011010068200000,126,100682000902000001,,,0,1100000000000001003,902
9011010068200000,144,100682000010000004,,,0,1100000000000001002,10
9011010068200000,124,100682000012000005,,,0,1100000000000001005,12
9011010068200000,124,100682000088000001,,,0,1100000000000001006,88
9011010068200000,115,100682000004000001,,,0,1100000000000001007,4
9011010068200000,81,100682000010000003,,,0,1100000000000001002,10
9011010068200000,61,100682000010000007,,,0,1100000000000001002,10
9011010068200000,141,100682000012000002,,,0,1100000000000001005,12
9011010068200000,143,100682000012000007,,,0,1100000000000001005,12
9011010068200000,162,100682000014000004,,,0,1100000000000001004,14
9011010068200000,81,100682000020000001,,,0,1100000000000001006,20
9011010068200000,144,100682000088000002,,,0,1100000000000001006,88
9011010068200000,143,100682000088000003,,,0,1100000000000001006,88
9011010068200000,54,100682000088000004,,,0,1100000000000001006,88
9011010091600000,165,100916000005000001,,,1,6100000000000001104,5
9011010091600000,165,100916000013000001,,,1,6100000000000001104,13
9011010091600000,165,100916000001000001,,,1,6100000000000001104,1
9011010091600000,165,100916000009000001,,,1,6100000000000001104,9
9011010091600000,165,100916000017000001,,,1,6100000000000001104,17
9011010091600000,165,100916000004000001,,,0,6100000000000001105,4
9011010091600000,165,100916000006000001,,,0,6100000000000001105,6
9011010091600000,165,100916000010000001,,,0,6100000000000001105,10
9011010091600000,165,100916000002000001,,,0,6100000000000001105,2
9011010091600000,165,100916000008000001,,,0,6100000000000001105,8
9011010091800000,165,100918000003000001,,,1,6100000000000001106,3
9011010091800000,165,100918000009000001,,,1,6100000000000001106,9
9011010091800000,165,100918000001000001,,,1,6100000000000001106,1
9011010091800000,165,100918000005000001,,,1,6100000000000001106,5
9011010091800000,165,100918000007000001,,,1,6100000000000001106,7
9011010091800000,165,100918000006000001,,,0,6100000000000001107,6
9011010091800000,165,100918000010000001,,,0,6100000000000001107,10
9011010091800000,165,100918000004000001,,,0,6100000000000001107,4
9011010091800000,165,100918000002000001,,,0,6100000000000001107,2
9011010091800000,165,100918000008000001,,,0,6100000000000001107,8
9011010091900000,165,100919000005000001,,,1,6100000000000001108,5
9011010091900000,165,100919000007000001,,,1,6100000000000001108,7
9011010091900000,165,100919000003000001,,,1,6100000000000001108,3
9011010091900000,165,100919000001000001,,,1,6100000000000001108,1
9011010091900000,165,100919000009000001,,,1,6100000000000001108,9
9011010091900000,165,100919000006000001,,,0,6100000000000001109,6
9011010091900000,165,100919000004000001,,,0,6100000000000001109,4
9011010091900000,165,100919000008000001,,,0,6100000000000001109,8
9011010091900000,165,100919000002000001,,,0,6100000000000001109,2
9011010091900000,165,100919000010000001,,,0,6100000000000001109,10
9011010093200000,166,100932000001000001,,,1,6100000000000001110,1
9011010093200000,167,100932000003000001,,,1,6100000000000001111,3
9011010093200000,167,100932000004000001,,,0,6100000000000001113,4
9011010093200000,166,100932000002000001,,,0,6100000000000001112,2
9011010094000000,135,100940000005000001,,,1,6100000000000001114,5
9011010094000000,118,100940000005000002,,,1,6100000000000001114,5
9011010094000000,168,100940000013000001,,,1,6100000000000001116,13
9011010094000000,135,100940000001000001,,,1,6100000000000001114,1
9011010094000000,123,100940000023000001,,,1,6100000000000001116,23
9011010094000000,139,100940000009000001,,,1,6100000000000001116,9
9011010094000000,169,100940000013000002,,,1,6100000000000001116,13
9011010094000000,169,100940000017000001,,,1,6100000000000001116,17
9011010094000000,123,100940000019000001,,,1,6100000000000001116,19
9011010094000000,118,100940000001000002,,,1,6100000000000001114,1
9011010094000000,139,100940000001000003,,,1,6100000000000001114,1
9011010094000000,118,100940000011000001,,,1,6100000000000001116,11
9011010094000000,168,100940000015000001,,,1,6100000000000001116,15
9011010094000000,168,100940000014000001,,,0,6100000000000001115,14
9011010094000000,135,100940000102000001,,,0,6100000000000001115,102
9011010094000000,169,100940000018000001,,,0,6100000000000001115,18
9011010094000000,123,100940000020000001,,,0,6100000000000001115,20
9011010094000000,123,100940000024000001,,,0,6100000000000001115,24
9011010094000000,139,100940000102000003,,,0,6100000000000001115,102
9011010094000000,135,100940000106000001,,,0,6100000000000001115,106
9011010094000000,168,100940000016000001,,,0,6100000000000001115,16
9011010094000000,118,100940000106000002,,,0,6100000000000001115,106
9011010094000000,139,100940000010000001,,,0,6100000000000001115,10
9011010094000000,118,100940000012000001,,,0,6100000000000001115,12
9011010094000000,169,100940000014000002,,,0,6100000000000001115,14
9011010094000000,118,100940000102000002,,,0,6100000000000001115,102
9011010100800000,16,101008000146000001,,,0,1100000000000001089,146
9011010100800000,76,101008000144000002,,,0,1100000000000001089,144
9011010100800000,76,101008000146000002,,,0,1100000000000001089,146
9011010100800000,16,101008000144000001,,,0,1100000000000001089,144
9011010115000000,71,101150000009000001,,,1,1100000000000000079,9
9011010115000000,71,101150000023000001,,,1,1100000000000000076,23
9011010115000000,71,101150000027000001,,,1,1100000000000000074,27
9011010115000000,71,101150000033000001,,,1,1100000000000000072,33
9011010115000000,170,101150000035000001,,,1,1100000000000000072,35
9011010115000000,9,101150000041000002,,,1,1100000000000000078,41
9011010115000000,44,101150000043000001,,,1,1100000000000000078,43
9011010115000000,47,101150000049000001,,,1,1100000000000000080,49
9011010115000000,45,101150000055000001,,,1,1100000000000000082,55
9011010115000000,49,101150000055000002,,,1,1100000000000000082,55
9011010115000000,10,101150000057000002,,,1,1100000000000000081,57
9011010115000000,19,101150000061000002,,,1,1100000000000000078,61
9011010115000000,171,101150000067000001,,,1,1100000000000000080,67
9011010115000000,76,101150000079000001,,,1,1100000000000000081,79
9011010115000000,71,101150000005000001,,,1,1100000000000000076,5
9011010115000000,71,101150000011000001,,,1,1100000000000000079,11
9011010115000000,71,101150000015000001,,,1,1100000000000000079,15
9011010115000000,71,101150000017000001,,,1,1100000000000000079,17
9011010115000000,71,101150000025000001,,,1,1100000000000000074,25
9011010115000000,9,101150000049000002,,,1,1100000000000000080,49
9011010115000000,44,101150000051000001,,,1,1100000000000000078,51
9011010115000000,22,101150000057000004,,,1,1100000000000000081,57
9011010115000000,171,101150000065000001,,,1,1100000000000000078,65
9011010115000000,19,101150000071000001,,,1,1100000000000000080,71
9011010115000000,171,101150000073000001,,,1,1100000000000000078,73
9011010115000000,16,101150000079000002,,,1,1100000000000000081,79
9011010115000000,71,101150000003000001,,,1,1100000000000000077,3
9011010115000000,71,101150000013000001,,,1,1100000000000000079,13
9011010115000000,71,101150000019000001,,,1,1100000000000000076,19
9011010115000000,71,101150000031000001,,,1,1100000000000000072,31
9011010115000000,47,101150000039000001,,,1,1100000000000000078,39
9011010115000000,9,101150000039000002,,,1,1100000000000000078,39
9011010115000000,44,101150000045000001,,,1,1100000000000000080,45
9011010115000000,44,101150000047000001,,,1,1100000000000000078,47
9011010115000000,12,101150000057000003,,,1,1100000000000000081,57
9011010115000000,171,101150000059000001,,,1,1100000000000000073,59
9011010115000000,19,101150000063000002,,,1,1100000000000000078,63
9011010115000000,19,101150000069000001,,,1,1100000000000000078,69
9011010115000000,77,101150000071000002,,,1,1100000000000000080,71
9011010115000000,71,101150000001000001,,,1,1100000000000000075,1
9011010115000000,71,101150000007000001,,,1,1100000000000000079,7
9011010115000000,71,101150000021000001,,,1,1100000000000000076,21
9011010115000000,71,101150000029000001,,,1,1100000000000000074,29
9011010115000000,44,101150000037000001,,,1,1100000000000000073,37
9011010115000000,47,101150000041000001,,,1,1100000000000000078,41
9011010115000000,44,101150000053000001,,,1,1100000000000000082,53
9011010115000000,48,101150000057000001,,,1,1100000000000000081,57
9011010115000000,77,101150000061000001,,,1,1100000000000000078,61
9011010115000000,77,101150000063000001,,,1,1100000000000000078,63
9011010115000000,77,101150000069000002,,,1,1100000000000000078,69
9011010115000000,171,101150000075000001,,,1,1100000000000000082,75
9011010115000000,171,101150000077000001,,,1,1100000000000000083,77
9011010115000000,71,101150000022000001,,,0,1100000000000000084,22
9011010115000000,71,101150000024000001,,,0,1100000000000000097,24
9011010115000000,71,101150000026000001,,,0,1100000000000000084,26
9011010115000000,71,101150000032000001,,,0,1100000000000000095,32
9011010115000000,47,101150000046000002,,,0,1100000000000000090,46
9011010115000000,44,101150000056000001,,,0,1100000000000000089,56
9011010115000000,10,101150000064000003,,,0,1100000000000000087,64
9011010115000000,77,101150000068000001,,,0,1100000000000000091,68
9011010115000000,19,101150000068000002,,,0,1100000000000000091,68
9011010115000000,171,101150000072000001,,,0,1100000000000000092,72
9011010115000000,171,101150000082000001,,,0,1100000000000000086,82
9011010115000000,71,101150000010000001,,,0,1100000000000000097,10
9011010115000000,71,101150000020000001,,,0,1100000000000000084,20
9011010115000000,71,101150000028000001,,,0,1100000000000000084,28
9011010115000000,71,101150000030000001,,,0,1100000000000000084,30
9011010115000000,71,101150000034000001,,,0,1100000000000000094,34
9011010115000000,44,101150000052000001,,,0,1100000000000000092,52
9011010115000000,9,101150000060000002,,,0,1100000000000000088,60
9011010115000000,10,101150000062000002,,,0,1100000000000000088,62
9011010115000000,22,101150000062000004,,,0,1100000000000000088,62
9011010115000000,12,101150000064000001,,,0,1100000000000000087,64
9011010115000000,171,101150000066000001,,,0,1100000000000000092,66
9011010115000000,77,101150000070000001,,,0,1100000000000000090,70
9011010115000000,19,101150000070000002,,,0,1100000000000000090,70
9011010115000000,76,101150000086000001,,,0,1100000000000000088,86
9011010115000000,71,101150000004000001,,,0,1100000000000000096,4
9011010115000000,71,101150000008000001,,,0,1100000000000000084,8
9011010115000000,71,101150000014000001,,,0,1100000000000000084,14
9011010115000000,71,101150000016000001,,,0,1100000000000000084,16
9011010115000000,71,101150000018000001,,,0,1100000000000000097,18
9011010115000000,170,101150000036000001,,,0,1100000000000000094,36
9011010115000000,170,101150000038000001,,,0,1100000000000000094,38
9011010115000000,170,101150000040000001,,,0,1100000000000000093,40
9011010115000000,9,101150000046000001,,,0,1100000000000000090,46
9011010115000000,44,101150000048000001,,,0,1100000000000000092,48
9011010115000000,44,101150000050000001,,,0,1100000000000000090,50
9011010115000000,12,101150000062000003,,,0,1100000000000000088,62
9011010115000000,171,101150000074000001,,,0,1100000000000000090,74
9011010115000000,77,101150000076000001,,,0,1100000000000000092,76
9011010115000000,19,101150000078000002,,,0,1100000000000000090,78
9011010115000000,171,101150000080000001,,,0,1100000000000000089,80
9011010115000000,16,101150000086000002,,,0,1100000000000000088,86
9011010115000000,71,101150000002000001,,,0,1100000000000000098,2
9011010115000000,71,101150000006000001,,,0,1100000000000000084,6
9011010115000000,71,101150000012000001,,,0,1100000000000000097,12
9011010115000000,44,101150000042000001,,,0,1100000000000000092,42
9011010115000000,47,101150000044000001,,,0,1100000000000000091,44
9011010115000000,9,101150000044000002,,,0,1100000000000000091,44
9011010115000000,9,101150000054000001,,,0,1100000000000000090,54
9011010115000000,47,101150000054000002,,,0,1100000000000000090,54
9011010115000000,44,101150000058000001,,,0,1100000000000000088,58
9011010115000000,47,101150000060000001,,,0,1100000000000000088,60
9011010115000000,48,101150000062000001,,,0,1100000000000000088,62
9011010115000000,9,101150000064000002,,,0,1100000000000000087,64
9011010115000000,67,101150000064000004,,,0,1100000000000000087,64
9011010115000000,19,101150000076000002,,,0,1100000000000000092,76
9011010115000000,77,101150000078000001,,,0,1100000000000000090,78
9011010115000000,50,101150000084000001,,,0,1100000000000000085,84
9011010115000000,50,101150000088000001,,,0,1100000000000000085,88
9011010115400000,71,101154000005000001,,,1,1100000000000000178,5
9011010115400000,71,101154000013000001,,,1,1100000000000000182,13
9011010115400000,170,101154000021000001,,,1,1100000000000000183,21
9011010115400000,48,101154000023000002,,,1,1100000000000000176,23
9011010115400000,22,101154000023000004,,,1,1100000000000000176,23
9011010115400000,47,101154000025000001,,,1,1100000000000000176,25
9011010115400000,9,101154000031000003,,,1,1100000000000000176,31
9011010115400000,76,101154000033000001,,,1,1100000000000000176,33
9011010115400000,17,101154000035000004,,,1,1100000000000000176,35
9011010115400000,16,101154000037000002,,,1,1100000000000000176,37
9011010115400000,71,101154000001000001,,,1,1100000000000000177,1
9011010115400000,71,101154000017000001,,,1,1100000000000000180,17
9011010115400000,71,101154000019000001,,,1,1100000000000000180,19
9011010115400000,10,101154000023000003,,,1,1100000000000000176,23
9011010115400000,10,101154000025000002,,,1,1100000000000000176,25
9011010115400000,9,101154000025000003,,,1,1100000000000000176,25
9011010115400000,49,101154000027000001,,,1,1100000000000000176,27
9011010115400000,10,101154000029000001,,,1,1100000000000000176,29
9011010115400000,44,101154000029000002,,,1,1100000000000000176,29
9011010115400000,10,101154000031000002,,,1,1100000000000000176,31
9011010115400000,17,101154000033000002,,,1,1100000000000000176,33
9011010115400000,76,101154000035000003,,,1,1100000000000000176,35
9011010115400000,76,101154000037000001,,,1,1100000000000000176,37
9011010115400000,78,101154000037000003,,,1,1100000000000000176,37
9011010115400000,17,101154000037000004,,,1,1100000000000000176,37
9011010115400000,71,101154000003000001,,,1,1100000000000000177,3
9011010115400000,71,101154000007000001,,,1,1100000000000000179,7
9011010115400000,71,101154000009000001,,,1,1100000000000000180,9
9011010115400000,71,101154000015000001,,,1,1100000000000000181,15
9011010115400000,45,101154000023000001,,,1,1100000000000000176,23
9011010115400000,10,101154000027000003,,,1,1100000000000000176,27
9011010115400000,47,101154000031000001,,,1,1100000000000000176,31
9011010115400000,16,101154000033000003,,,1,1100000000000000176,33
9011010115400000,71,101154000011000001,,,1,1100000000000000181,11
9011010115400000,45,101154000027000002,,,1,1100000000000000176,27
9011010115400000,78,101154000033000004,,,1,1100000000000000176,33
9011010115400000,16,101154000035000001,,,1,1100000000000000176,35
9011010115400000,78,101154000035000002,,,1,1100000000000000176,35
9011010115400000,71,101154000014000001,,,0,1100000000000000187,14
9011010115400000,170,101154000024000001,,,0,1100000000000000186,24
9011010115400000,170,101154000026000001,,,0,1100000000000000188,26
9011010115400000,45,101154000028000001,,,0,1100000000000000186,28
9011010115400000,48,101154000028000002,,,0,1100000000000000186,28
9011010115400000,9,101154000030000001,,,0,1100000000000000186,30
9011010115400000,47,101154000030000002,,,0,1100000000000000186,30
9011010115400000,10,101154000032000002,,,0,1100000000000000186,32
9011010115400000,47,101154000036000001,,,0,1100000000000000186,36
9011010115400000,78,101154000040000001,,,0,1100000000000000186,40
9011010115400000,76,101154000042000002,,,0,1100000000000000186,42
9011010115400000,17,101154000042000003,,,0,1100000000000000186,42
9011010115400000,76,101154000044000004,,,0,1100000000000000186,44
9011010115400000,16,101154000046000001,,,0,1100000000000000188,46
9011010115400000,71,101154000006000001,,,0,1100000000000000184,6
9011010115400000,71,101154000008000001,,,0,1100000000000000184,8
9011010115400000,71,101154000010000001,,,0,1100000000000000186,10
9011010115400000,71,101154000016000001,,,0,1100000000000000189,16
9011010115400000,10,101154000028000003,,,0,1100000000000000186,28
9011010115400000,22,101154000028000004,,,0,1100000000000000186,28
9011010115400000,10,101154000030000003,,,0,1100000000000000186,30
9011010115400000,45,101154000032000001,,,0,1100000000000000186,32
9011010115400000,10,101154000034000001,,,0,1100000000000000186,34
9011010115400000,44,101154000034000002,,,0,1100000000000000186,34
9011010115400000,9,101154000038000002,,,0,1100000000000000188,38
9011010115400000,16,101154000040000002,,,0,1100000000000000186,40
9011010115400000,78,101154000042000001,,,0,1100000000000000186,42
9011010115400000,16,101154000042000004,,,0,1100000000000000186,42
9011010115400000,16,101154000044000001,,,0,1100000000000000186,44
9011010115400000,76,101154000046000002,,,0,1100000000000000188,46
9011010115400000,71,101154000004000001,,,0,1100000000000000185,4
9011010115400000,71,101154000012000001,,,0,1100000000000000189,12
9011010115400000,71,101154000018000001,,,0,1100000000000000187,18
9011010115400000,172,101154000022000001,,,0,1100000000000000186,22
9011010115400000,49,101154000032000003,,,0,1100000000000000186,32
9011010115400000,12,101154000038000001,,,0,1100000000000000188,38
9011010115400000,10,101154000038000003,,,0,1100000000000000188,38
9011010115400000,76,101154000040000003,,,0,1100000000000000186,40
9011010115400000,78,101154000044000002,,,0,1100000000000000186,44
9011010115400000,71,101154000020000001,,,0,1100000000000000186,20
9011010115400000,10,101154000036000002,,,0,1100000000000000186,36
9011010115400000,9,101154000036000003,,,0,1100000000000000186,36
9011010115400000,67,101154000038000004,,,0,1100000000000000188,38
9011010115400000,17,101154000040000004,,,0,1100000000000000186,40
9011010115400000,17,101154000044000003,,,0,1100000000000000186,44
9011010160000000,154,101600000019000001,,,1,1100000000000000916,19
9011010160000000,154,101600000021000001,,,1,1100000000000000916,21
9011010160000000,154,101600000033000001,,,1,1100000000000000915,33
9011010160000000,154,101600000035000001,,,1,1100000000000000912,35
9011010160000000,154,101600000001000001,,,1,1100000000000000908,1
9011010160000000,154,101600000003000001,,,1,1100000000000000910,3
9011010160000000,154,101600000007000001,,,1,1100000000000000913,7
9011010160000000,154,101600000017000001,,,1,1100000000000000916,17
9011010160000000,154,101600000025000001,,,1,1100000000000000916,25
9011010160000000,154,101600000027000001,,,1,1100000000000000916,27
9011010160000000,154,101600000029000001,,,1,1100000000000000916,29
9011010160000000,154,101600000011000001,,,1,1100000000000000909,11
9011010160000000,154,101600000013000001,,,1,1100000000000000918,13
9011010160000000,154,101600000015000001,,,1,1100000000000000917,15
9011010160000000,154,101600000023000001,,,1,1100000000000000916,23
9011010160000000,154,101600000037000001,,,1,1100000000000000918,37
9011010160000000,154,101600000039000001,,,1,1100000000000000914,39
9011010160000000,154,101600000041000001,,,1,1100000000000000918,41
9011010160000000,154,101600000005000001,,,1,1100000000000000912,5
9011010160000000,154,101600000009000001,,,1,1100000000000000919,9
9011010160000000,154,101600000031000001,,,1,1100000000000000916,31
9011010160000000,154,101600000043000001,,,1,1100000000000000920,43
9011010160000000,154,101600000045000001,,,1,1100000000000000911,45
9011010160000000,154,101600000014000001,,,0,1100000000000000922,14
9011010160000000,154,101600000016000001,,,0,1100000000000000922,16
9011010160000000,154,101600000030000001,,,0,1100000000000000925,30
9011010160000000,154,101600000032000001,,,0,1100000000000000924,32
9011010160000000,154,101600000036000001,,,0,1100000000000000921,36
9011010160000000,154,101600000040000001,,,0,1100000000000000922,40
9011010160000000,154,101600000020000001,,,0,1100000000000000922,20
9011010160000000,154,101600000034000001,,,0,1100000000000000923,34
9011010160000000,154,101600000502000001,,,0,1100000000000000925,502
9011010160000000,154,101600000004000001,,,0,1100000000000000927,4
9011010160000000,154,101600000006000001,,,0,1100000000000000922,6
9011010160000000,154,101600000018000001,,,0,1100000000000000922,18
9011010160000000,154,101600000022000001,,,0,1100000000000000922,22
9011010160000000,154,101600000024000001,,,0,1100000000000000922,24
9011010160000000,154,101600000026000001,,,0,1100000000000000921,26
9011010160000000,154,101600000028000001,,,0,1100000000000000922,28
9011010160000000,154,101600000002000001,,,0,1100000000000000928,2
9011010160000000,154,101600000008000001,,,0,1100000000000000926,8
9011010160000000,154,101600000010000001,,,0,1100000000000000922,10
9011010160000000,154,101600000012000001,,,0,1100000000000000922,12
9011010160000000,154,101600000038000001,,,0,1100000000000000922,38
9011010200200000,2,102002000001000001,,,1,1100000000000000479,1
9011010200200000,6,102002000003000001,,,1,1100000000000000467,3
9011010200200000,4,102002000007000001,,,1,1100000000000000476,7
9011010200200000,4,102002000029000002,,,1,1100000000000000472,29
9011010200200000,6,102002000039000001,,,1,1100000000000000471,39
9011010200200000,6,102002000041000001,,,1,1100000000000000471,41
9011010200200000,134,102002000043000001,,,1,1100000000000000471,43
9011010200200000,6,102002000045000001,,,1,1100000000000000471,45
9011010200200000,6,102002000049000001,,,1,1100000000000000471,49
9011010200200000,134,102002000059000002,,,1,1100000000000000471,59
9011010200200000,6,102002000069000001,,,1,1100000000000000470,69
9011010200200000,6,102002000079000001,,,1,1100000000000000471,79
9011010200200000,6,102002000085000001,,,1,1100000000000000469,85
9011010200200000,110,102002000087000003,,,1,1100000000000000468,87
9011010200200000,2,102002000089000001,,,1,1100000000000000468,89
9011010200200000,110,102002000089000003,,,1,1100000000000000468,89
9011010200200000,2,102002000095000003,,,1,1100000000000000468,95
9011010200200000,12,102002000115000001,,,1,1100000000000000479,115
9011010200200000,12,102002000117000001,,,1,1100000000000000479,117
9011010200200000,12,102002000127000001,,,1,1100000000000000479,127
9011010200200000,12,102002000147000001,,,1,1100000000000000479,147
9011010200200000,12,102002000159000001,,,1,1100000000000000466,159
9011010200200000,15,102002000165000001,,,1,1100000000000000478,165
9011010200200000,15,102002000175000001,,,1,1100000000000000479,175
9011010200200000,15,102002000177000001,,,1,1100000000000000479,177
9011010200200000,15,102002000181000001,,,1,1100000000000000479,181
9011010200200000,15,102002000191000001,,,1,1100000000000000479,191
9011010200200000,2,102002000007000002,,,1,1100000000000000476,7
9011010200200000,6,102002000019000001,,,1,1100000000000000474,19
9011010200200000,109,102002000033000001,,,1,1100000000000000471,33
9011010200200000,6,102002000035000001,,,1,1100000000000000471,35
9011010200200000,110,102002000047000002,,,1,1100000000000000471,47
9011010200200000,6,102002000053000001,,,1,1100000000000000471,53
9011010200200000,4,102002000055000002,,,1,1100000000000000471,55
9011010200200000,6,102002000061000001,,,1,1100000000000000471,61
9011010200200000,6,102002000063000001,,,1,1100000000000000471,63
9011010200200000,109,102002000065000002,,,1,1100000000000000471,65
9011010200200000,4,102002000071000002,,,1,1100000000000000470,71
9011010200200000,6,102002000073000001,,,1,1100000000000000470,73
9011010200200000,2,102002000077000001,,,1,1100000000000000470,77
9011010200200000,6,102002000081000001,,,1,1100000000000000471,81
9011010200200000,109,102002000087000002,,,1,1100000000000000468,87
9011010200200000,6,102002000093000001,,,1,1100000000000000468,93
9011010200200000,2,102002000097000001,,,1,1100000000000000467,97
9011010200200000,2,102002000099000002,,,1,1100000000000000467,99
9011010200200000,12,102002000109000001,,,1,1100000000000000465,109
9011010200200000,12,102002000121000001,,,1,1100000000000000479,121
9011010200200000,12,102002000131000001,,,1,1100000000000000479,131
9011010200200000,12,102002000141000001,,,1,1100000000000000479,141
9011010200200000,12,102002000143000001,,,1,1100000000000000479,143
9011010200200000,12,102002000157000001,,,1,1100000000000000477,157
9011010200200000,15,102002000187000001,,,1,1100000000000000479,187
9011010200200000,15,102002000197000001,,,1,1100000000000000466,197
9011010200200000,147,102002000011000001,,,1,1100000000000000475,11
9011010200200000,6,102002000037000001,,,1,1100000000000000471,37
9011010200200000,109,102002000043000002,,,1,1100000000000000471,43
9011010200200000,147,102002000047000001,,,1,1100000000000000471,47
9011010200200000,2,102002000055000001,,,1,1100000000000000471,55
9011010200200000,6,102002000057000001,,,1,1100000000000000471,57
9011010200200000,6,102002000067000001,,,1,1100000000000000471,67
9011010200200000,6,102002000075000001,,,1,1100000000000000470,75
9011010200200000,2,102002000087000001,,,1,1100000000000000468,87
9011010200200000,109,102002000095000001,,,1,1100000000000000468,95
9011010200200000,4,102002000097000002,,,1,1100000000000000467,97
9011010200200000,4,102002000101000002,,,1,1100000000000000466,101
9011010200200000,12,102002000113000001,,,1,1100000000000000479,113
9011010200200000,12,102002000123000001,,,1,1100000000000000479,123
9011010200200000,12,102002000125000001,,,1,1100000000000000479,125
9011010200200000,12,102002000135000001,,,1,1100000000000000479,135
9011010200200000,12,102002000151000001,,,1,1100000000000000479,151
9011010200200000,12,102002000161000001,,,1,1100000000000000466,161
9011010200200000,12,102002000163000001,,,1,1100000000000000466,163
9011010200200000,15,102002000167000001,,,1,1100000000000000478,167
9011010200200000,15,102002000169000001,,,1,1100000000000000479,169
9011010200200000,15,102002000179000001,,,1,1100000000000000479,179
9011010200200000,15,102002000185000001,,,1,1100000000000000479,185
9011010200200000,4,102002000001000002,,,1,1100000000000000479,1
9011010200200000,110,102002000011000002,,,1,1100000000000000475,11
9011010200200000,6,102002000015000001,,,1,1100000000000000474,15
9011010200200000,6,102002000023000001,,,1,1100000000000000473,23
9011010200200000,6,102002000027000001,,,1,1100000000000000472,27
9011010200200000,2,102002000029000001,,,1,1100000000000000472,29
9011010200200000,6,102002000031000001,,,1,1100000000000000471,31
9011010200200000,134,102002000033000002,,,1,1100000000000000471,33
9011010200200000,6,102002000051000001,,,1,1100000000000000471,51
9011010200200000,109,102002000059000001,,,1,1100000000000000471,59
9011010200200000,134,102002000065000001,,,1,1100000000000000471,65
9011010200200000,2,102002000071000001,,,1,1100000000000000470,71
9011010200200000,4,102002000077000002,,,1,1100000000000000470,77
9011010200200000,6,102002000083000001,,,1,1100000000000000471,83
9011010200200000,109,102002000089000002,,,1,1100000000000000468,89
9011010200200000,2,102002000091000001,,,1,1100000000000000468,91
9011010200200000,4,102002000091000002,,,1,1100000000000000468,91
9011010200200000,110,102002000095000002,,,1,1100000000000000468,95
9011010200200000,110,102002000099000001,,,1,1100000000000000467,99
9011010200200000,109,102002000099000003,,,1,1100000000000000467,99
9011010200200000,2,102002000101000001,,,1,1100000000000000466,101
9011010200200000,2,102002000103000001,,,1,1100000000000000466,103
9011010200200000,2,102002000105000001,,,1,1100000000000000466,105
9011010200200000,12,102002000107000001,,,1,1100000000000000465,107
9011010200200000,12,102002000111000001,,,1,1100000000000000464,111
9011010200200000,12,102002000119000001,,,1,1100000000000000479,119
9011010200200000,12,102002000129000001,,,1,1100000000000000479,129
9011010200200000,12,102002000133000001,,,1,1100000000000000479,133
9011010200200000,12,102002000137000001,,,1,1100000000000000479,137
9011010200200000,12,102002000139000001,,,1,1100000000000000479,139
9011010200200000,12,102002000145000001,,,1,1100000000000000479,145
9011010200200000,12,102002000149000001,,,1,1100000000000000479,149
9011010200200000,12,102002000153000001,,,1,1100000000000000479,153
9011010200200000,12,102002000155000001,,,1,1100000000000000479,155
9011010200200000,15,102002000171000001,,,1,1100000000000000479,171
9011010200200000,15,102002000173000001,,,1,1100000000000000479,173
9011010200200000,15,102002000183000001,,,1,1100000000000000479,183
9011010200200000,15,102002000189000001,,,1,1100000000000000479,189
9011010200200000,15,102002000193000001,,,1,1100000000000000479,193
9011010200200000,15,102002000195000001,,,1,1100000000000000477,195
9011010200200000,110,102002000004000002,,,0,1100000000000000484,4
9011010200200000,6,102002000014000001,,,0,1100000000000000484,14
9011010200200000,6,102002000020000001,,,0,1100000000000000484,20
9011010200200000,110,102002000030000001,,,0,1100000000000000496,30
9011010200200000,6,102002000034000001,,,0,1100000000000000484,34
9011010200200000,134,102002000038000002,,,0,1100000000000000483,38
9011010200200000,6,102002000054000001,,,0,1100000000000000494,54
9011010200200000,6,102002000062000001,,,0,1100000000000000495,62
9011010200200000,6,102002000074000001,,,0,1100000000000000495,74
9011010200200000,2,102002000090000001,,,0,1100000000000000492,90
9011010200200000,109,102002000098000003,,,0,1100000000000000491,98
9011010200200000,6,102002000102000001,,,0,1100000000000000491,102
9011010200200000,109,102002000104000002,,,0,1100000000000000491,104
9011010200200000,4,102002000108000002,,,0,1100000000000000490,108
9011010200200000,2,102002000110000001,,,0,1100000000000000489,110
9011010200200000,4,102002000110000002,,,0,1100000000000000489,110
9011010200200000,4,102002000112000001,,,0,1100000000000000489,112
9011010200200000,2,102002000116000001,,,0,1100000000000000487,116
9011010200200000,12,102002000124000001,,,0,1100000000000000480,124
9011010200200000,12,102002000134000001,,,0,1100000000000000486,134
9011010200200000,12,102002000136000001,,,0,1100000000000000480,136
9011010200200000,12,102002000138000001,,,0,1100000000000000480,138
9011010200200000,12,102002000140000001,,,0,1100000000000000480,140
9011010200200000,12,102002000142000001,,,0,1100000000000000486,142
9011010200200000,12,102002000146000001,,,0,1100000000000000480,146
9011010200200000,12,102002000152000001,,,0,1100000000000000480,152
9011010200200000,12,102002000154000001,,,0,1100000000000000480,154
9011010200200000,12,102002000156000001,,,0,1100000000000000480,156
9011010200200000,12,102002000162000001,,,0,1100000000000000486,162
9011010200200000,12,102002000164000001,,,0,1100000000000000480,164
9011010200200000,12,102002000168000001,,,0,1100000000000000480,168
9011010200200000,12,102002000170000001,,,0,1100000000000000480,170
9011010200200000,15,102002000188000001,,,0,1100000000000000480,188
9011010200200000,15,102002000196000001,,,0,1100000000000000480,196
9011010200200000,147,102002000004000001,,,0,1100000000000000484,4
9011010200200000,109,102002000008000001,,,0,1100000000000000484,8
9011010200200000,134,102002000012000002,,,0,1100000000000000497,12
9011010200200000,6,102002000016000001,,,0,1100000000000000484,16
9011010200200000,109,102002000026000001,,,0,1100000000000000484,26
9011010200200000,6,102002000036000001,,,0,1100000000000000484,36
9011010200200000,6,102002000040000001,,,0,1100000000000000484,40
9011010200200000,6,102002000042000001,,,0,1100000000000000496,42
9011010200200000,6,102002000044000001,,,0,1100000000000000484,44
9011010200200000,2,102002000066000002,,,0,1100000000000000494,66
9011010200200000,6,102002000078000001,,,0,1100000000000000493,78
9011010200200000,6,102002000082000001,,,0,1100000000000000492,82
9011010200200000,4,102002000094000001,,,0,1100000000000000491,94
9011010200200000,2,102002000098000002,,,0,1100000000000000491,98
9011010200200000,2,102002000100000001,,,0,1100000000000000498,100
9011010200200000,110,102002000104000003,,,0,1100000000000000491,104
9011010200200000,2,102002000118000001,,,0,1100000000000000487,118
9011010200200000,12,102002000174000001,,,0,1100000000000000485,174
9011010200200000,12,102002000180000001,,,0,1100000000000000481,180
9011010200200000,15,102002000186000001,,,0,1100000000000000486,186
9011010200200000,15,102002000194000001,,,0,1100000000000000486,194
9011010200200000,15,102002000204000001,,,0,1100000000000000480,204
9011010200200000,15,102002000206000001,,,0,1100000000000000480,206
9011010200200000,15,102002000208000001,,,0,1100000000000000486,208
9011010200200000,15,102002000214000001,,,0,1100000000000000480,214
9011010200200000,6,102002000002000001,,,0,1100000000000000483,2
9011010200200000,110,102002000008000002,,,0,1100000000000000484,8
9011010200200000,134,102002000026000002,,,0,1100000000000000484,26
9011010200200000,6,102002000028000001,,,0,1100000000000000484,28
9011010200200000,147,102002000030000002,,,0,1100000000000000496,30
9011010200200000,6,102002000032000001,,,0,1100000000000000484,32
9011010200200000,6,102002000046000001,,,0,1100000000000000484,46
9011010200200000,109,102002000048000001,,,0,1100000000000000495,48
9011010200200000,134,102002000048000002,,,0,1100000000000000495,48
9011010200200000,6,102002000058000001,,,0,1100000000000000495,58
9011010200200000,4,102002000086000002,,,0,1100000000000000492,86
9011010200200000,109,102002000090000002,,,0,1100000000000000492,90
9011010200200000,110,102002000092000003,,,0,1100000000000000491,92
9011010200200000,6,102002000096000001,,,0,1100000000000000498,96
9011010200200000,110,102002000098000001,,,0,1100000000000000491,98
9011010200200000,2,102002000106000001,,,0,1100000000000000491,106
9011010200200000,2,102002000114000001,,,0,1100000000000000488,114
9011010200200000,2,102002000122000001,,,0,1100000000000000487,122
9011010200200000,12,102002000160000001,,,0,1100000000000000480,160
9011010200200000,12,102002000166000001,,,0,1100000000000000480,166
9011010200200000,12,102002000182000001,,,0,1100000000000000481,182
9011010200200000,15,102002000184000001,,,0,1100000000000000480,184
9011010200200000,15,102002000190000001,,,0,1100000000000000480,190
9011010200200000,15,102002000198000001,,,0,1100000000000000480,198
9011010200200000,15,102002000210000001,,,0,1100000000000000482,210
9011010200200000,15,102002000212000001,,,0,1100000000000000480,212
9011010200200000,2,102002000006000001,,,0,1100000000000000484,6
9011010200200000,4,102002000006000002,,,0,1100000000000000484,6
9011010200200000,2,102002000008000003,,,0,1100000000000000484,8
9011010200200000,6,102002000010000001,,,0,1100000000000000484,10
9011010200200000,109,102002000012000001,,,0,1100000000000000497,12
9011010200200000,6,102002000018000001,,,0,1100000000000000484,18
9011010200200000,6,102002000022000001,,,0,1100000000000000484,22
9011010200200000,6,102002000024000001,,,0,1100000000000000484,24
9011010200200000,109,102002000038000001,,,0,1100000000000000483,38
9011010200200000,6,102002000050000001,,,0,1100000000000000495,50
9011010200200000,2,102002000052000001,,,0,1100000000000000495,52
9011010200200000,4,102002000052000002,,,0,1100000000000000495,52
9011010200200000,4,102002000066000001,,,0,1100000000000000494,66
9011010200200000,6,102002000070000001,,,0,1100000000000000495,70
9011010200200000,2,102002000086000001,,,0,1100000000000000492,86
9011010200200000,110,102002000090000003,,,0,1100000000000000492,90
9011010200200000,2,102002000092000001,,,0,1100000000000000491,92
9011010200200000,109,102002000092000002,,,0,1100000000000000491,92
9011010200200000,2,102002000094000002,,,0,1100000000000000491,94
9011010200200000,4,102002000100000002,,,0,1100000000000000498,100
9011010200200000,2,102002000104000001,,,0,1100000000000000491,104
9011010200200000,4,102002000106000002,,,0,1100000000000000491,106
9011010200200000,2,102002000108000001,,,0,1100000000000000490,108
9011010200200000,2,102002000120000001,,,0,1100000000000000487,120
9011010200200000,12,102002000126000001,,,0,1100000000000000480,126
9011010200200000,12,102002000128000001,,,0,1100000000000000486,128
9011010200200000,12,102002000130000001,,,0,1100000000000000480,130
9011010200200000,12,102002000132000001,,,0,1100000000000000480,132
9011010200200000,12,102002000144000001,,,0,1100000000000000480,144
9011010200200000,12,102002000148000001,,,0,1100000000000000480,148
9011010200200000,12,102002000150000001,,,0,1100000000000000486,150
9011010200200000,12,102002000158000001,,,0,1100000000000000480,158
9011010200200000,12,102002000172000001,,,0,1100000000000000486,172
9011010200200000,12,102002000176000001,,,0,1100000000000000481,176
9011010200200000,12,102002000178000001,,,0,1100000000000000481,178
9011010200200000,15,102002000192000001,,,0,1100000000000000480,192
9011010200200000,15,102002000200000001,,,0,1100000000000000486,200
9011010200200000,15,102002000202000001,,,0,1100000000000000480,202
9011010200300000,2,102003000003000001,,,1,1100000000000000611,3
9011010200300000,6,102003000005000001,,,1,1100000000000000631,5
9011010200300000,2,102003000013000001,,,1,1100000000000000627,13
9011010200300000,6,102003000017000001,,,1,1100000000000000612,17
9011010200300000,6,102003000021000001,,,1,1100000000000000613,21
9011010200300000,4,102003000025000001,,,1,1100000000000000614,25
9011010200300000,2,102003000029000001,,,1,1100000000000000611,29
9011010200300000,2,102003000033000002,,,1,1100000000000000611,33
9011010200300000,4,102003000035000002,,,1,1100000000000000611,35
9011010200300000,6,102003000037000001,,,1,1100000000000000611,37
9011010200300000,4,102003000041000002,,,1,1100000000000000611,41
9011010200300000,6,102003000045000001,,,1,1100000000000000611,45
9011010200300000,4,102003000049000002,,,1,1100000000000000611,49
9011010200300000,2,102003000053000001,,,1,1100000000000000611,53
9011010200300000,2,102003000057000001,,,1,1100000000000000611,57
9011010200300000,6,102003000059000001,,,1,1100000000000000611,59
9011010200300000,2,102003000061000001,,,1,1100000000000000611,61
9011010200300000,4,102003000061000002,,,1,1100000000000000611,61
9011010200300000,4,102003000063000002,,,1,1100000000000000611,63
9011010200300000,2,102003000071000001,,,1,1100000000000000611,71
9011010200300000,6,102003000073000001,,,1,1100000000000000611,73
9011010200300000,2,102003000075000001,,,1,1100000000000000611,75
9011010200300000,4,102003000075000002,,,1,1100000000000000611,75
9011010200300000,6,102003000079000001,,,1,1100000000000000611,79
9011010200300000,2,102003000087000001,,,1,1100000000000000616,87
9011010200300000,4,102003000097000002,,,1,1100000000000000617,97
9011010200300000,2,102003000099000001,,,1,1100000000000000617,99
9011010200300000,2,102003000103000001,,,1,1100000000000000619,103
9011010200300000,12,102003000123000001,,,1,1100000000000000623,123
9011010200300000,12,102003000133000001,,,1,1100000000000000623,133
9011010200300000,12,102003000145000001,,,1,1100000000000000616,145
9011010200300000,12,102003000161000001,,,1,1100000000000000622,161
9011010200300000,12,102003000163000001,,,1,1100000000000000621,163
9011010200300000,12,102003000171000001,,,1,1100000000000000621,171
9011010200300000,15,102003000179000001,,,1,1100000000000000619,179
9011010200300000,15,102003000193000001,,,1,1100000000000000624,193
9011010200300000,15,102003000205000001,,,1,1100000000000000619,205
9011010200300000,15,102003000207000001,,,1,1100000000000000619,207
9011010200300000,2,102003000519000001,,,1,1100000000000000626,519
9011010200300000,2,102003000009000001,,,1,1100000000000000629,9
9011010200300000,4,102003000009000002,,,1,1100000000000000629,9
9011010200300000,2,102003000025000002,,,1,1100000000000000614,25
9011010200300000,4,102003000039000002,,,1,1100000000000000611,39
9011010200300000,4,102003000043000001,,,1,1100000000000000611,43
9011010200300000,2,102003000047000001,,,1,1100000000000000611,47
9011010200300000,2,102003000049000001,,,1,1100000000000000611,49
9011010200300000,2,102003000055000001,,,1,1100000000000000611,55
9011010200300000,4,102003000067000002,,,1,1100000000000000611,67
9011010200300000,6,102003000069000001,,,1,1100000000000000611,69
9011010200300000,4,102003000071000002,,,1,1100000000000000611,71
9011010200300000,4,102003000081000002,,,1,1100000000000000611,81
9011010200300000,6,102003000083000001,,,1,1100000000000000616,83
9011010200300000,4,102003000087000002,,,1,1100000000000000616,87
9011010200300000,4,102003000099000002,,,1,1100000000000000617,99
9011010200300000,6,102003000105000001,,,1,1100000000000000619,105
9011010200300000,12,102003000113000001,,,1,1100000000000000621,113
9011010200300000,12,102003000117000001,,,1,1100000000000000622,117
9011010200300000,12,102003000121000001,,,1,1100000000000000623,121
9011010200300000,12,102003000137000001,,,1,1100000000000000623,137
9011010200300000,12,102003000139000001,,,1,1100000000000000623,139
9011010200300000,12,102003000141000001,,,1,1100000000000000616,141
9011010200300000,12,102003000147000001,,,1,1100000000000000616,147
9011010200300000,12,102003000149000001,,,1,1100000000000000616,149
9011010200300000,12,102003000151000001,,,1,1100000000000000623,151
9011010200300000,15,102003000177000001,,,1,1100000000000000619,177
9011010200300000,15,102003000181000001,,,1,1100000000000000624,181
9011010200300000,15,102003000183000001,,,1,1100000000000000624,183
9011010200300000,4,102003000511000002,,,1,1100000000000000628,511
9011010200300000,2,102003000515000001,,,1,1100000000000000632,515
9011010200300000,2,102003000001000001,,,1,1100000000000000610,1
9011010200300000,6,102003000031000001,,,1,1100000000000000611,31
9011010200300000,2,102003000035000001,,,1,1100000000000000611,35
9011010200300000,2,102003000041000001,,,1,1100000000000000611,41
9011010200300000,2,102003000043000002,,,1,1100000000000000611,43
9011010200300000,4,102003000047000002,,,1,1100000000000000611,47
9011010200300000,6,102003000051000001,,,1,1100000000000000611,51
9011010200300000,4,102003000053000002,,,1,1100000000000000611,53
9011010200300000,4,102003000055000002,,,1,1100000000000000611,55
9011010200300000,4,102003000057000002,,,1,1100000000000000611,57
9011010200300000,2,102003000063000001,,,1,1100000000000000611,63
9011010200300000,6,102003000065000001,,,1,1100000000000000611,65
9011010200300000,2,102003000067000001,,,1,1100000000000000611,67
9011010200300000,2,102003000077000001,,,1,1100000000000000611,77
9011010200300000,4,102003000077000002,,,1,1100000000000000611,77
9011010200300000,2,102003000085000001,,,1,1100000000000000616,85
9011010200300000,4,102003000085000002,,,1,1100000000000000616,85
9011010200300000,2,102003000089000001,,,1,1100000000000000616,89
9011010200300000,2,102003000091000001,,,1,1100000000000000616,91
9011010200300000,4,102003000095000002,,,1,1100000000000000616,95
9011010200300000,2,102003000107000001,,,1,1100000000000000619,107
9011010200300000,2,102003000109000001,,,1,1100000000000000620,109
9011010200300000,12,102003000119000001,,,1,1100000000000000623,119
9011010200300000,12,102003000129000001,,,1,1100000000000000623,129
9011010200300000,12,102003000131000001,,,1,1100000000000000623,131
9011010200300000,12,102003000153000001,,,1,1100000000000000622,153
9011010200300000,12,102003000155000001,,,1,1100000000000000622,155
9011010200300000,12,102003000159000001,,,1,1100000000000000622,159
9011010200300000,12,102003000165000001,,,1,1100000000000000621,165
9011010200300000,12,102003000167000001,,,1,1100000000000000621,167
9011010200300000,15,102003000187000001,,,1,1100000000000000624,187
9011010200300000,15,102003000189000001,,,1,1100000000000000624,189
9011010200300000,15,102003000195000001,,,1,1100000000000000624,195
9011010200300000,15,102003000197000001,,,1,1100000000000000624,197
9011010200300000,2,102003000507000001,,,1,1100000000000000630,507
9011010200300000,4,102003000507000002,,,1,1100000000000000630,507
9011010200300000,4,102003000515000002,,,1,1100000000000000632,515
9011010200300000,2,102003000523000001,,,1,1100000000000000632,523
9011010200300000,2,102003000527000001,,,1,1100000000000000615,527
9011010200300000,4,102003000527000002,,,1,1100000000000000615,527
9011010200300000,4,102003000001000002,,,1,1100000000000000610,1
9011010200300000,4,102003000003000002,,,1,1100000000000000611,3
9011010200300000,4,102003000013000002,,,1,1100000000000000627,13
9011010200300000,4,102003000029000002,,,1,1100000000000000611,29
9011010200300000,4,102003000033000001,,,1,1100000000000000611,33
9011010200300000,2,102003000039000001,,,1,1100000000000000611,39
9011010200300000,2,102003000081000001,,,1,1100000000000000611,81
9011010200300000,4,102003000089000002,,,1,1100000000000000616,89
9011010200300000,4,102003000091000002,,,1,1100000000000000616,91
9011010200300000,6,102003000093000001,,,1,1100000000000000616,93
9011010200300000,2,102003000095000001,,,1,1100000000000000616,95
9011010200300000,2,102003000097000001,,,1,1100000000000000617,97
9011010200300000,6,102003000101000001,,,1,1100000000000000618,101
9011010200300000,4,102003000103000002,,,1,1100000000000000619,103
9011010200300000,12,102003000111000001,,,1,1100000000000000619,111
9011010200300000,12,102003000115000001,,,1,1100000000000000621,115
9011010200300000,12,102003000125000001,,,1,1100000000000000623,125
9011010200300000,12,102003000127000001,,,1,1100000000000000623,127
9011010200300000,12,102003000135000001,,,1,1100000000000000623,135
9011010200300000,12,102003000143000001,,,1,1100000000000000616,143
9011010200300000,12,102003000157000001,,,1,1100000000000000622,157
9011010200300000,12,102003000169000001,,,1,1100000000000000621,169
9011010200300000,12,102003000173000001,,,1,1100000000000000620,173
9011010200300000,15,102003000175000001,,,1,1100000000000000619,175
9011010200300000,15,102003000185000001,,,1,1100000000000000624,185
9011010200300000,15,102003000191000001,,,1,1100000000000000624,191
9011010200300000,15,102003000199000001,,,1,1100000000000000625,199
9011010200300000,15,102003000201000001,,,1,1100000000000000625,201
9011010200300000,15,102003000203000001,,,1,1100000000000000625,203
9011010200300000,2,102003000511000001,,,1,1100000000000000628,511
9011010200300000,4,102003000519000002,,,1,1100000000000000626,519
9011010200300000,4,102003000523000002,,,1,1100000000000000632,523
9011010200300000,2,102003000006000001,,,0,1100000000000000634,6
9011010200300000,4,102003000006000002,,,0,1100000000000000634,6
9011010200300000,6,102003000008000001,,,0,1100000000000000634,8
9011010200300000,2,102003000014000001,,,0,1100000000000000636,14
9011010200300000,2,102003000018000001,,,0,1100000000000000634,18
9011010200300000,2,102003000020000001,,,0,1100000000000000634,20
9011010200300000,4,102003000026000002,,,0,1100000000000000634,26
9011010200300000,4,102003000028000001,,,0,1100000000000000634,28
9011010200300000,2,102003000032000001,,,0,1100000000000000634,32
9011010200300000,4,102003000032000002,,,0,1100000000000000634,32
9011010200300000,2,102003000034000001,,,0,1100000000000000634,34
9011010200300000,4,102003000034000002,,,0,1100000000000000634,34
9011010200300000,2,102003000040000001,,,0,1100000000000000634,40
9011010200300000,2,102003000042000001,,,0,1100000000000000634,42
9011010200300000,4,102003000042000002,,,0,1100000000000000634,42
9011010200300000,4,102003000048000002,,,0,1100000000000000638,48
9011010200300000,4,102003000058000001,,,0,1100000000000000641,58
9011010200300000,2,102003000058000002,,,0,1100000000000000641,58
9011010200300000,6,102003000062000001,,,0,1100000000000000641,62
9011010200300000,2,102003000066000001,,,0,1100000000000000641,66
9011010200300000,2,102003000070000002,,,0,1100000000000000641,70
9011010200300000,4,102003000088000002,,,0,1100000000000000634,88
9011010200300000,2,102003000102000002,,,0,1100000000000000643,102
9011010200300000,4,102003000104000002,,,0,1100000000000000643,104
9011010200300000,2,102003000108000001,,,0,1100000000000000643,108
9011010200300000,2,102003000116000001,,,0,1100000000000000648,116
9011010200300000,12,102003000124000001,,,0,1100000000000000647,124
9011010200300000,12,102003000126000001,,,0,1100000000000000647,126
9011010200300000,12,102003000134000001,,,0,1100000000000000645,134
9011010200300000,12,102003000150000001,,,0,1100000000000000645,150
9011010200300000,12,102003000154000001,,,0,1100000000000000645,154
9011010200300000,12,102003000178000001,,,0,1100000000000000643,178
9011010200300000,12,102003000182000001,,,0,1100000000000000646,182
9011010200300000,12,102003000188000001,,,0,1100000000000000649,188
9011010200300000,15,102003000190000001,,,0,1100000000000000647,190
9011010200300000,15,102003000192000001,,,0,1100000000000000647,192
9011010200300000,15,102003000194000001,,,0,1100000000000000647,194
9011010200300000,15,102003000196000001,,,0,1100000000000000647,196
9011010200300000,15,102003000204000001,,,0,1100000000000000635,204
9011010200300000,15,102003000208000001,,,0,1100000000000000635,208
9011010200300000,2,102003000556000001,,,0,1100000000000000640,556
9011010200300000,4,102003000560000002,,,0,1100000000000000640,560
9011010200300000,2,102003000568000001,,,0,1100000000000000642,568
9011010200300000,6,102003000576000001,,,0,1100000000000000642,576
9011010200300000,4,102003000002000002,,,0,1100000000000000633,2
9011010200300000,2,102003000004000002,,,0,1100000000000000634,4
9011010200300000,4,102003000012000001,,,0,1100000000000000634,12
9011010200300000,6,102003000016000001,,,0,1100000000000000637,16
9011010200300000,4,102003000018000002,,,0,1100000000000000634,18
9011010200300000,6,102003000024000001,,,0,1100000000000000634,24
9011010200300000,6,102003000030000001,,,0,1100000000000000634,30
9011010200300000,4,102003000040000002,,,0,1100000000000000634,40
9011010200300000,6,102003000044000001,,,0,1100000000000000638,44
9011010200300000,2,102003000048000001,,,0,1100000000000000638,48
9011010200300000,4,102003000066000002,,,0,1100000000000000641,66
9011010200300000,4,102003000070000001,,,0,1100000000000000641,70
9011010200300000,4,102003000078000002,,,0,1100000000000000641,78
9011010200300000,6,102003000080000001,,,0,1100000000000000639,80
9011010200300000,2,102003000084000001,,,0,1100000000000000634,84
9011010200300000,4,102003000084000002,,,0,1100000000000000634,84
9011010200300000,2,102003000088000001,,,0,1100000000000000634,88
9011010200300000,2,102003000092000002,,,0,1100000000000000634,92
9011010200300000,2,102003000098000001,,,0,1100000000000000643,98
9011010200300000,2,102003000100000002,,,0,1100000000000000643,100
9011010200300000,6,102003000110000001,,,0,1100000000000000644,110
9011010200300000,2,102003000112000001,,,0,1100000000000000644,112
9011010200300000,6,102003000114000001,,,0,1100000000000000648,114
9011010200300000,2,102003000122000001,,,0,1100000000000000648,122
9011010200300000,12,102003000132000001,,,0,1100000000000000645,132
9011010200300000,12,102003000136000001,,,0,1100000000000000645,136
9011010200300000,12,102003000152000001,,,0,1100000000000000645,152
9011010200300000,12,102003000164000001,,,0,1100000000000000643,164
9011010200300000,12,102003000168000001,,,0,1100000000000000643,168
9011010200300000,12,102003000176000001,,,0,1100000000000000643,176
9011010200300000,12,102003000180000001,,,0,1100000000000000647,180
9011010200300000,15,102003000198000001,,,0,1100000000000000643,198
9011010200300000,15,102003000200000001,,,0,1100000000000000635,200
9011010200300000,15,102003000212000001,,,0,1100000000000000635,212
9011010200300000,15,102003000214000001,,,0,1100000000000000635,214
9011010200300000,15,102003000218000001,,,0,1100000000000000635,218
9011010200300000,4,102003000572000002,,,0,1100000000000000642,572
9011010200300000,2,102003000002000001,,,0,1100000000000000633,2
9011010200300000,4,102003000004000001,,,0,1100000000000000634,4
9011010200300000,6,102003000010000001,,,0,1100000000000000634,10
9011010200300000,2,102003000012000002,,,0,1100000000000000634,12
9011010200300000,4,102003000014000002,,,0,1100000000000000636,14
9011010200300000,4,102003000020000002,,,0,1100000000000000634,20
9011010200300000,4,102003000038000002,,,0,1100000000000000634,38
9011010200300000,2,102003000046000001,,,0,1100000000000000638,46
9011010200300000,6,102003000050000001,,,0,1100000000000000639,50
9011010200300000,4,102003000052000002,,,0,1100000000000000639,52
9011010200300000,6,102003000054000001,,,0,1100000000000000639,54
9011010200300000,4,102003000092000001,,,0,1100000000000000634,92
9011010200300000,6,102003000094000001,,,0,1100000000000000634,94
9011010200300000,4,102003000098000002,,,0,1100000000000000643,98
9011010200300000,4,102003000100000001,,,0,1100000000000000643,100
9011010200300000,4,102003000102000001,,,0,1100000000000000643,102
9011010200300000,2,102003000104000001,,,0,1100000000000000643,104
9011010200300000,6,102003000106000001,,,0,1100000000000000643,106
9011010200300000,4,102003000108000002,,,0,1100000000000000643,108
9011010200300000,4,102003000112000002,,,0,1100000000000000644,112
9011010200300000,2,102003000118000001,,,0,1100000000000000648,118
9011010200300000,12,102003000128000001,,,0,1100000000000000647,128
9011010200300000,12,102003000130000001,,,0,1100000000000000646,130
9011010200300000,12,102003000140000001,,,0,1100000000000000645,140
9011010200300000,12,102003000142000001,,,0,1100000000000000645,142
9011010200300000,12,102003000144000001,,,0,1100000000000000645,144
9011010200300000,12,102003000158000001,,,0,1100000000000000643,158
9011010200300000,12,102003000160000001,,,0,1100000000000000643,160
9011010200300000,12,102003000172000001,,,0,1100000000000000643,172
9011010200300000,12,102003000184000001,,,0,1100000000000000647,184
9011010200300000,15,102003000222000001,,,0,1100000000000000643,222
9011010200300000,4,102003000556000002,,,0,1100000000000000640,556
9011010200300000,6,102003000022000001,,,0,1100000000000000634,22
9011010200300000,2,102003000026000001,,,0,1100000000000000634,26
9011010200300000,2,102003000028000002,,,0,1100000000000000634,28
9011010200300000,6,102003000036000001,,,0,1100000000000000634,36
9011010200300000,2,102003000038000001,,,0,1100000000000000634,38
9011010200300000,4,102003000046000002,,,0,1100000000000000638,46
9011010200300000,2,102003000052000001,,,0,1100000000000000639,52
9011010200300000,6,102003000074000001,,,0,1100000000000000641,74
9011010200300000,2,102003000078000001,,,0,1100000000000000641,78
9011010200300000,6,102003000096000001,,,0,1100000000000000643,96
9011010200300000,2,102003000120000001,,,0,1100000000000000648,120
9011010200300000,12,102003000138000001,,,0,1100000000000000645,138
9011010200300000,12,102003000146000001,,,0,1100000000000000645,146
9011010200300000,12,102003000148000001,,,0,1100000000000000645,148
9011010200300000,12,102003000156000001,,,0,1100000000000000643,156
9011010200300000,12,102003000162000001,,,0,1100000000000000643,162
9011010200300000,12,102003000166000001,,,0,1100000000000000643,166
9011010200300000,12,102003000170000001,,,0,1100000000000000643,170
9011010200300000,12,102003000174000001,,,0,1100000000000000643,174
9011010200300000,12,102003000186000001,,,0,1100000000000000647,186
9011010200300000,15,102003000202000001,,,0,1100000000000000635,202
9011010200300000,15,102003000206000001,,,0,1100000000000000635,206
9011010200300000,15,102003000210000001,,,0,1100000000000000635,210
9011010200300000,15,102003000216000001,,,0,1100000000000000635,216
9011010200300000,15,102003000220000001,,,0,1100000000000000635,220
9011010200300000,15,102003000224000001,,,0,1100000000000000647,224
9011010200300000,2,102003000560000001,,,0,1100000000000000640,560
9011010200300000,2,102003000564000001,,,0,1100000000000000642,564
9011010200300000,4,102003000564000002,,,0,1100000000000000642,564
9011010200300000,4,102003000568000002,,,0,1100000000000000642,568
9011010200300000,2,102003000572000001,,,0,1100000000000000642,572
9011010200400000,2,102004000001000002,,,1,1100000000000000739,1
9011010200400000,4,102004000003000002,,,1,1100000000000000736,3
9011010200400000,6,102004000011000001,,,1,1100000000000000735,11
9011010200400000,6,102004000019000001,,,1,1100000000000000733,19
9011010200400000,134,102004000029000002,,,1,1100000000000000731,29
9011010200400000,6,102004000039000001,,,1,1100000000000000731,39
9011010200400000,109,102004000051000001,,,1,1100000000000000731,51
9011010200400000,111,102004000055000002,,,1,1100000000000000731,55
9011010200400000,6,102004000057000001,,,1,1100000000000000731,57
9011010200400000,6,102004000059000001,,,1,1100000000000000731,59
9011010200400000,6,102004000061000001,,,1,1100000000000000731,61
9011010200400000,6,102004000071000001,,,1,1100000000000000731,71
9011010200400000,2,102004000077000003,,,1,1100000000000000731,77
9011010200400000,6,102004000087000001,,,1,1100000000000000734,87
9011010200400000,4,102004000093000002,,,1,1100000000000000734,93
9011010200400000,109,102004000097000003,,,1,1100000000000000734,97
9011010200400000,12,102004000103000001,,,1,1100000000000000738,103
9011010200400000,12,102004000107000001,,,1,1100000000000000738,107
9011010200400000,12,102004000109000001,,,1,1100000000000000738,109
9011010200400000,12,102004000113000001,,,1,1100000000000000737,113
9011010200400000,12,102004000119000001,,,1,1100000000000000737,119
9011010200400000,12,102004000143000001,,,1,1100000000000000737,143
9011010200400000,12,102004000145000001,,,1,1100000000000000737,145
9011010200400000,12,102004000147000001,,,1,1100000000000000737,147
9011010200400000,12,102004000153000001,,,1,1100000000000000737,153
9011010200400000,15,102004000161000001,,,1,1100000000000000738,161
9011010200400000,15,102004000163000001,,,1,1100000000000000737,163
9011010200400000,15,102004000173000001,,,1,1100000000000000737,173
9011010200400000,6,102004000519000001,,,1,1100000000000000733,519
9011010200400000,6,102004000035000001,,,1,1100000000000000731,35
9011010200400000,6,102004000067000001,,,1,1100000000000000731,67
9011010200400000,2,102004000073000001,,,1,1100000000000000731,73
9011010200400000,4,102004000073000002,,,1,1100000000000000731,73
9011010200400000,109,102004000077000001,,,1,1100000000000000731,77
9011010200400000,4,102004000079000001,,,1,1100000000000000731,79
9011010200400000,6,102004000081000001,,,1,1100000000000000731,81
9011010200400000,2,102004000083000001,,,1,1100000000000000730,83
9011010200400000,4,102004000085000002,,,1,1100000000000000729,85
9011010200400000,6,102004000089000001,,,1,1100000000000000734,89
9011010200400000,2,102004000091000001,,,1,1100000000000000734,91
9011010200400000,109,102004000091000002,,,1,1100000000000000734,91
9011010200400000,2,102004000093000001,,,1,1100000000000000734,93
9011010200400000,2,102004000097000002,,,1,1100000000000000734,97
9011010200400000,2,102004000099000001,,,1,1100000000000000737,99
9011010200400000,4,102004000099000002,,,1,1100000000000000737,99
9011010200400000,12,102004000105000001,,,1,1100000000000000738,105
9011010200400000,12,102004000111000001,,,1,1100000000000000737,111
9011010200400000,12,102004000121000001,,,1,1100000000000000737,121
9011010200400000,12,102004000125000001,,,1,1100000000000000737,125
9011010200400000,12,102004000129000001,,,1,1100000000000000737,129
9011010200400000,12,102004000151000001,,,1,1100000000000000734,151
9011010200400000,12,102004000157000001,,,1,1100000000000000738,157
9011010200400000,15,102004000159000001,,,1,1100000000000000738,159
9011010200400000,15,102004000169000001,,,1,1100000000000000737,169
9011010200400000,15,102004000171000001,,,1,1100000000000000737,171
9011010200400000,15,102004000181000001,,,1,1100000000000000737,181
9011010200400000,109,102004000001000003,,,1,1100000000000000739,1
9011010200400000,2,102004000003000001,,,1,1100000000000000736,3
9011010200400000,6,102004000007000001,,,1,1100000000000000735,7
9011010200400000,6,102004000015000001,,,1,1100000000000000732,15
9011010200400000,6,102004000023000001,,,1,1100000000000000731,23
9011010200400000,147,102004000025000001,,,1,1100000000000000731,25
9011010200400000,110,102004000025000002,,,1,1100000000000000731,25
9011010200400000,6,102004000047000001,,,1,1100000000000000731,47
9011010200400000,134,102004000051000002,,,1,1100000000000000731,51
9011010200400000,108,102004000055000001,,,1,1100000000000000731,55
9011010200400000,2,102004000063000001,,,1,1100000000000000731,63
9011010200400000,6,102004000065000001,,,1,1100000000000000731,65
9011010200400000,6,102004000075000001,,,1,1100000000000000731,75
9011010200400000,2,102004000085000001,,,1,1100000000000000729,85
9011010200400000,110,102004000091000003,,,1,1100000000000000734,91
9011010200400000,111,102004000095000002,,,1,1100000000000000734,95
9011010200400000,110,102004000097000001,,,1,1100000000000000734,97
9011010200400000,12,102004000115000001,,,1,1100000000000000737,115
9011010200400000,12,102004000117000001,,,1,1100000000000000737,117
9011010200400000,12,102004000127000001,,,1,1100000000000000737,127
9011010200400000,12,102004000135000001,,,1,1100000000000000737,135
9011010200400000,12,102004000137000001,,,1,1100000000000000737,137
9011010200400000,12,102004000139000001,,,1,1100000000000000737,139
9011010200400000,12,102004000155000001,,,1,1100000000000000737,155
9011010200400000,15,102004000175000001,,,1,1100000000000000737,175
9011010200400000,15,102004000179000001,,,1,1100000000000000737,179
9011010200400000,15,102004000185000001,,,1,1100000000000000737,185
9011010200400000,15,102004000187000001,,,1,1100000000000000737,187
9011010200400000,15,102004000189000001,,,1,1100000000000000737,189
9011010200400000,110,102004000001000001,,,1,1100000000000000739,1
9011010200400000,109,102004000029000001,,,1,1100000000000000731,29
9011010200400000,6,102004000031000001,,,1,1100000000000000731,31
9011010200400000,6,102004000033000001,,,1,1100000000000000731,33
9011010200400000,6,102004000037000001,,,1,1100000000000000731,37
9011010200400000,109,102004000041000001,,,1,1100000000000000731,41
9011010200400000,134,102004000041000002,,,1,1100000000000000731,41
9011010200400000,6,102004000043000001,,,1,1100000000000000731,43
9011010200400000,6,102004000045000001,,,1,1100000000000000731,45
9011010200400000,6,102004000049000001,,,1,1100000000000000731,49
9011010200400000,6,102004000053000001,,,1,1100000000000000731,53
9011010200400000,4,102004000063000002,,,1,1100000000000000731,63
9011010200400000,6,102004000069000001,,,1,1100000000000000731,69
9011010200400000,110,102004000077000002,,,1,1100000000000000731,77
9011010200400000,2,102004000079000002,,,1,1100000000000000731,79
9011010200400000,4,102004000083000002,,,1,1100000000000000730,83
9011010200400000,108,102004000095000001,,,1,1100000000000000734,95
9011010200400000,2,102004000101000001,,,1,1100000000000000737,101
9011010200400000,12,102004000123000001,,,1,1100000000000000737,123
9011010200400000,12,102004000131000001,,,1,1100000000000000737,131
9011010200400000,12,102004000133000001,,,1,1100000000000000737,133
9011010200400000,12,102004000141000001,,,1,1100000000000000737,141
9011010200400000,12,102004000149000001,,,1,1100000000000000737,149
9011010200400000,15,102004000165000001,,,1,1100000000000000737,165
9011010200400000,15,102004000167000001,,,1,1100000000000000737,167
9011010200400000,15,102004000177000001,,,1,1100000000000000737,177
9011010200400000,15,102004000183000001,,,1,1100000000000000737,183
9011010200400000,15,102004000191000001,,,1,1100000000000000737,191
9011010200400000,4,102004000006000002,,,0,1100000000000000740,6
9011010200400000,147,102004000010000001,,,0,1100000000000000743,10
9011010200400000,6,102004000018000001,,,0,1100000000000000743,18
9011010200400000,134,102004000024000001,,,0,1100000000000000743,24
9011010200400000,109,102004000024000002,,,0,1100000000000000743,24
9011010200400000,109,102004000034000001,,,0,1100000000000000743,34
9011010200400000,134,102004000034000002,,,0,1100000000000000743,34
9011010200400000,6,102004000042000001,,,0,1100000000000000743,42
9011010200400000,6,102004000064000001,,,0,1100000000000000742,64
9011010200400000,2,102004000072000001,,,0,1100000000000000743,72
9011010200400000,147,102004000080000001,,,0,1100000000000000746,80
9011010200400000,6,102004000086000001,,,0,1100000000000000743,86
9011010200400000,6,102004000088000001,,,0,1100000000000000743,88
9011010200400000,6,102004000090000001,,,0,1100000000000000744,90
9011010200400000,6,102004000092000001,,,0,1100000000000000743,92
9011010200400000,2,102004000096000001,,,0,1100000000000000748,96
9011010200400000,4,102004000106000002,,,0,1100000000000000748,106
9011010200400000,12,102004000134000001,,,0,1100000000000000749,134
9011010200400000,12,102004000158000001,,,0,1100000000000000749,158
9011010200400000,12,102004000164000001,,,0,1100000000000000749,164
9011010200400000,15,102004000190000001,,,0,1100000000000000749,190
9011010200400000,15,102004000192000001,,,0,1100000000000000749,192
9011010200400000,110,102004000010000002,,,0,1100000000000000743,10
9011010200400000,134,102004000012000002,,,0,1100000000000000743,12
9011010200400000,6,102004000014000001,,,0,1100000000000000744,14
9011010200400000,6,102004000016000001,,,0,1100000000000000745,16
9011010200400000,2,102004000020000001,,,0,1100000000000000744,20
9011010200400000,6,102004000022000001,,,0,1100000000000000743,22
9011010200400000,6,102004000026000001,,,0,1100000000000000743,26
9011010200400000,6,102004000028000001,,,0,1100000000000000743,28
9011010200400000,6,102004000030000001,,,0,1100000000000000743,30
9011010200400000,6,102004000032000001,,,0,1100000000000000743,32
9011010200400000,147,102004000038000001,,,0,1100000000000000744,38
9011010200400000,110,102004000038000002,,,0,1100000000000000744,38
9011010200400000,6,102004000040000001,,,0,1100000000000000742,40
9011010200400000,6,102004000044000001,,,0,1100000000000000743,44
9011010200400000,6,102004000056000001,,,0,1100000000000000743,56
9011010200400000,2,102004000068000001,,,0,1100000000000000743,68
9011010200400000,110,102004000068000003,,,0,1100000000000000743,68
9011010200400000,110,102004000080000002,,,0,1100000000000000746,80
9011010200400000,2,102004000084000001,,,0,1100000000000000743,84
9011010200400000,4,102004000084000002,,,0,1100000000000000743,84
9011010200400000,110,102004000102000003,,,0,1100000000000000748,102
9011010200400000,4,102004000104000002,,,0,1100000000000000748,104
9011010200400000,2,102004000110000001,,,0,1100000000000000748,110
9011010200400000,2,102004000112000001,,,0,1100000000000000748,112
9011010200400000,12,102004000116000001,,,0,1100000000000000749,116
9011010200400000,12,102004000120000001,,,0,1100000000000000749,120
9011010200400000,12,102004000130000001,,,0,1100000000000000749,130
9011010200400000,12,102004000138000001,,,0,1100000000000000749,138
9011010200400000,12,102004000146000001,,,0,1100000000000000749,146
9011010200400000,12,102004000160000001,,,0,1100000000000000749,160
9011010200400000,12,102004000162000001,,,0,1100000000000000749,162
9011010200400000,15,102004000172000001,,,0,1100000000000000749,172
9011010200400000,15,102004000178000001,,,0,1100000000000000749,178
9011010200400000,15,102004000186000001,,,0,1100000000000000749,186
9011010200400000,15,102004000196000001,,,0,1100000000000000749,196
9011010200400000,6,102004000580000001,,,0,1100000000000000743,580
9011010200400000,6,102004000002000001,,,0,1100000000000000741,2
9011010200400000,6,102004000004000001,,,0,1100000000000000742,4
9011010200400000,2,102004000006000001,,,0,1100000000000000740,6
9011010200400000,109,102004000012000001,,,0,1100000000000000743,12
9011010200400000,6,102004000036000001,,,0,1100000000000000743,36
9011010200400000,6,102004000050000001,,,0,1100000000000000743,50
9011010200400000,6,102004000052000001,,,0,1100000000000000745,52
9011010200400000,109,102004000060000001,,,0,1100000000000000743,60
9011010200400000,109,102004000068000002,,,0,1100000000000000743,68
9011010200400000,6,102004000076000001,,,0,1100000000000000742,76
9011010200400000,4,102004000096000002,,,0,1100000000000000748,96
9011010200400000,4,102004000098000001,,,0,1100000000000000748,98
9011010200400000,2,102004000098000002,,,0,1100000000000000748,98
9011010200400000,109,102004000102000002,,,0,1100000000000000748,102
9011010200400000,2,102004000108000001,,,0,1100000000000000748,108
9011010200400000,12,102004000118000001,,,0,1100000000000000749,118
9011010200400000,12,102004000122000001,,,0,1100000000000000749,122
9011010200400000,12,102004000128000001,,,0,1100000000000000749,128
9011010200400000,12,102004000132000001,,,0,1100000000000000749,132
9011010200400000,12,102004000148000001,,,0,1100000000000000749,148
9011010200400000,12,102004000150000001,,,0,1100000000000000749,150
9011010200400000,12,102004000156000001,,,0,1100000000000000749,156
9011010200400000,12,102004000166000001,,,0,1100000000000000749,166
9011010200400000,12,102004000168000001,,,0,1100000000000000749,168
9011010200400000,12,102004000170000001,,,0,1100000000000000749,170
9011010200400000,15,102004000174000001,,,0,1100000000000000749,174
9011010200400000,15,102004000188000001,,,0,1100000000000000749,188
9011010200400000,15,102004000198000001,,,0,1100000000000000749,198
9011010200400000,15,102004000202000001,,,0,1100000000000000749,202
9011010200400000,6,102004000008000001,,,0,1100000000000000743,8
9011010200400000,4,102004000020000002,,,0,1100000000000000744,20
9011010200400000,4,102004000046000001,,,0,1100000000000000743,46
9011010200400000,2,102004000046000002,,,0,1100000000000000743,46
9011010200400000,6,102004000048000001,,,0,1100000000000000743,48
9011010200400000,134,102004000060000002,,,0,1100000000000000743,60
9011010200400000,4,102004000072000002,,,0,1100000000000000743,72
9011010200400000,110,102004000094000001,,,0,1100000000000000747,94
9011010200400000,2,102004000094000002,,,0,1100000000000000747,94
9011010200400000,109,102004000094000003,,,0,1100000000000000747,94
9011010200400000,108,102004000100000001,,,0,1100000000000000748,100
9011010200400000,111,102004000100000002,,,0,1100000000000000748,100
9011010200400000,2,102004000102000001,,,0,1100000000000000748,102
9011010200400000,2,102004000104000001,,,0,1100000000000000748,104
9011010200400000,2,102004000106000001,,,0,1100000000000000748,106
9011010200400000,2,102004000114000001,,,0,1100000000000000748,114
9011010200400000,12,102004000124000001,,,0,1100000000000000749,124
9011010200400000,12,102004000126000001,,,0,1100000000000000749,126
9011010200400000,12,102004000136000001,,,0,1100000000000000749,136
9011010200400000,12,102004000140000001,,,0,1100000000000000749,140
9011010200400000,12,102004000142000001,,,0,1100000000000000749,142
9011010200400000,12,102004000144000001,,,0,1100000000000000749,144
9011010200400000,12,102004000152000001,,,0,1100000000000000749,152
9011010200400000,12,102004000154000001,,,0,1100000000000000749,154
9011010200400000,15,102004000176000001,,,0,1100000000000000749,176
9011010200400000,15,102004000180000001,,,0,1100000000000000749,180
9011010200400000,15,102004000182000001,,,0,1100000000000000749,182
9011010200400000,15,102004000184000001,,,0,1100000000000000749,184
9011010200400000,15,102004000194000001,,,0,1100000000000000749,194
9011010200400000,15,102004000200000001,,,0,1100000000000000749,200
9011010200500000,109,102005000007000002,,,1,1100000000000000808,7
9011010200500000,6,102005000029000001,,,1,1100000000000000811,29
9011010200500000,6,102005000031000001,,,1,1100000000000000811,31
9011010200500000,6,102005000043000001,,,1,1100000000000000811,43
9011010200500000,109,102005000047000001,,,1,1100000000000000811,47
9011010200500000,6,102005000051000001,,,1,1100000000000000812,51
9011010200500000,6,102005000055000001,,,1,1100000000000000811,55
9011010200500000,109,102005000057000001,,,1,1100000000000000813,57
9011010200500000,6,102005000081000001,,,1,1100000000000000815,81
9011010200500000,4,102005000089000002,,,1,1100000000000000817,89
9011010200500000,109,102005000091000002,,,1,1100000000000000817,91
9011010200500000,110,102005000091000003,,,1,1100000000000000817,91
9011010200500000,2,102005000093000002,,,1,1100000000000000811,93
9011010200500000,2,102005000099000001,,,1,1100000000000000819,99
9011010200500000,4,102005000101000001,,,1,1100000000000000820,101
9011010200500000,6,102005000109000001,,,1,1100000000000000820,109
9011010200500000,2,102005000111000001,,,1,1100000000000000820,111
9011010200500000,2,102005000117000001,,,1,1100000000000000821,117
9011010200500000,2,102005000121000001,,,1,1100000000000000822,121
9011010200500000,2,102005000007000001,,,1,1100000000000000808,7
9011010200500000,110,102005000007000003,,,1,1100000000000000808,7
9011010200500000,2,102005000015000001,,,1,1100000000000000828,15
9011010200500000,6,102005000023000001,,,1,1100000000000000810,23
9011010200500000,110,102005000033000001,,,1,1100000000000000811,33
9011010200500000,109,102005000035000001,,,1,1100000000000000811,35
9011010200500000,6,102005000037000001,,,1,1100000000000000811,37
9011010200500000,110,102005000039000002,,,1,1100000000000000811,39
9011010200500000,6,102005000059000001,,,1,1100000000000000813,59
9011010200500000,108,102005000061000001,,,1,1100000000000000813,61
9011010200500000,6,102005000069000001,,,1,1100000000000000815,69
9011010200500000,6,102005000083000001,,,1,1100000000000000815,83
9011010200500000,6,102005000085000001,,,1,1100000000000000816,85
9011010200500000,2,102005000089000001,,,1,1100000000000000817,89
9011010200500000,4,102005000095000002,,,1,1100000000000000811,95
9011010200500000,12,102005000133000001,,,1,1100000000000000825,133
9011010200500000,12,102005000141000001,,,1,1100000000000000826,141
9011010200500000,12,102005000145000001,,,1,1100000000000000825,145
9011010200500000,12,102005000147000001,,,1,1100000000000000826,147
9011010200500000,12,102005000149000001,,,1,1100000000000000826,149
9011010200500000,12,102005000161000001,,,1,1100000000000000826,161
9011010200500000,12,102005000167000001,,,1,1100000000000000821,167
9011010200500000,12,102005000171000001,,,1,1100000000000000826,171
9011010200500000,12,102005000175000001,,,1,1100000000000000826,175
9011010200500000,12,102005000179000001,,,1,1100000000000000822,179
9011010200500000,15,102005000203000001,,,1,1100000000000000826,203
9011010200500000,6,102005000575000001,,,1,1100000000000000814,575
9011010200500000,2,102005000001000001,,,1,1100000000000000806,1
9011010200500000,6,102005000011000001,,,1,1100000000000000809,11
9011010200500000,147,102005000039000001,,,1,1100000000000000811,39
9011010200500000,6,102005000045000001,,,1,1100000000000000811,45
9011010200500000,134,102005000047000002,,,1,1100000000000000811,47
9011010200500000,6,102005000049000001,,,1,1100000000000000811,49
9011010200500000,134,102005000057000002,,,1,1100000000000000813,57
9011010200500000,6,102005000073000001,,,1,1100000000000000815,73
9011010200500000,2,102005000077000001,,,1,1100000000000000815,77
9011010200500000,6,102005000087000001,,,1,1100000000000000816,87
9011010200500000,2,102005000095000001,,,1,1100000000000000811,95
9011010200500000,110,102005000107000003,,,1,1100000000000000820,107
9011010200500000,111,102005000113000002,,,1,1100000000000000820,113
9011010200500000,2,102005000115000001,,,1,1100000000000000827,115
9011010200500000,110,102005000117000003,,,1,1100000000000000821,117
9011010200500000,2,102005000123000001,,,1,1100000000000000822,123
9011010200500000,2,102005000127000001,,,1,1100000000000000821,127
9011010200500000,12,102005000131000001,,,1,1100000000000000824,131
9011010200500000,12,102005000137000001,,,1,1100000000000000826,137
9011010200500000,12,102005000153000001,,,1,1100000000000000826,153
9011010200500000,12,102005000155000001,,,1,1100000000000000826,155
9011010200500000,12,102005000157000001,,,1,1100000000000000825,157
9011010200500000,12,102005000163000001,,,1,1100000000000000826,163
9011010200500000,12,102005000181000001,,,1,1100000000000000822,181
9011010200500000,15,102005000191000001,,,1,1100000000000000825,191
9011010200500000,15,102005000195000001,,,1,1100000000000000826,195
9011010200500000,15,102005000205000001,,,1,1100000000000000826,205
9011010200500000,15,102005000217000001,,,1,1100000000000000826,217
9011010200500000,6,102005000571000001,,,1,1100000000000000814,571
9011010200500000,6,102005000579000001,,,1,1100000000000000814,579
9011010200500000,4,102005000001000002,,,1,1100000000000000806,1
9011010200500000,2,102005000003000001,,,1,1100000000000000807,3
9011010200500000,4,102005000003000002,,,1,1100000000000000807,3
9011010200500000,109,102005000015000002,,,1,1100000000000000828,15
9011010200500000,110,102005000015000003,,,1,1100000000000000828,15
9011010200500000,6,102005000019000001,,,1,1100000000000000810,19
9011010200500000,6,102005000027000001,,,1,1100000000000000811,27
9011010200500000,147,102005000033000002,,,1,1100000000000000811,33
9011010200500000,134,102005000035000002,,,1,1100000000000000811,35
9011010200500000,6,102005000041000001,,,1,1100000000000000811,41
9011010200500000,6,102005000053000001,,,1,1100000000000000811,53
9011010200500000,111,102005000061000002,,,1,1100000000000000813,61
9011010200500000,6,102005000065000001,,,1,1100000000000000815,65
9011010200500000,4,102005000077000002,,,1,1100000000000000815,77
9011010200500000,2,102005000091000001,,,1,1100000000000000817,91
9011010200500000,110,102005000093000001,,,1,1100000000000000811,93
9011010200500000,109,102005000093000003,,,1,1100000000000000811,93
9011010200500000,6,102005000097000001,,,1,1100000000000000818,97
9011010200500000,4,102005000099000002,,,1,1100000000000000819,99
9011010200500000,2,102005000101000002,,,1,1100000000000000820,101
9011010200500000,6,102005000103000001,,,1,1100000000000000827,103
9011010200500000,6,102005000105000001,,,1,1100000000000000820,105
9011010200500000,109,102005000107000002,,,1,1100000000000000820,107
9011010200500000,4,102005000111000002,,,1,1100000000000000820,111
9011010200500000,4,102005000115000002,,,1,1100000000000000827,115
9011010200500000,109,102005000117000002,,,1,1100000000000000821,117
9011010200500000,2,102005000125000001,,,1,1100000000000000821,125
9011010200500000,2,102005000129000001,,,1,1100000000000000823,129
9011010200500000,12,102005000135000001,,,1,1100000000000000826,135
9011010200500000,12,102005000139000001,,,1,1100000000000000826,139
9011010200500000,12,102005000143000001,,,1,1100000000000000826,143
9011010200500000,12,102005000151000001,,,1,1100000000000000826,151
9011010200500000,12,102005000165000001,,,1,1100000000000000826,165
9011010200500000,12,102005000185000001,,,1,1100000000000000821,185
9011010200500000,12,102005000187000001,,,1,1100000000000000823,187
9011010200500000,15,102005000189000001,,,1,1100000000000000824,189
9011010200500000,15,102005000209000001,,,1,1100000000000000826,209
9011010200500000,15,102005000213000001,,,1,1100000000000000826,213
9011010200500000,15,102005000215000001,,,1,1100000000000000825,215
9011010200500000,2,102005000563000001,,,1,1100000000000000814,563
9011010200500000,2,102005000107000001,,,1,1100000000000000820,107
9011010200500000,108,102005000113000001,,,1,1100000000000000820,113
9011010200500000,4,102005000119000001,,,1,1100000000000000821,119
9011010200500000,12,102005000159000001,,,1,1100000000000000826,159
9011010200500000,12,102005000169000001,,,1,1100000000000000825,169
9011010200500000,12,102005000173000001,,,1,1100000000000000825,173
9011010200500000,12,102005000177000001,,,1,1100000000000000826,177
9011010200500000,12,102005000183000001,,,1,1100000000000000821,183
9011010200500000,15,102005000193000001,,,1,1100000000000000826,193
9011010200500000,15,102005000197000001,,,1,1100000000000000826,197
9011010200500000,15,102005000199000001,,,1,1100000000000000825,199
9011010200500000,15,102005000201000001,,,1,1100000000000000826,201
9011010200500000,15,102005000207000001,,,1,1100000000000000826,207
9011010200500000,15,102005000211000001,,,1,1100000000000000826,211
9011010200500000,6,102005000567000001,,,1,1100000000000000814,567
9011010200500000,110,102005000006000003,,,0,1100000000000000829,6
9011010200500000,6,102005000018000001,,,0,1100000000000000829,18
9011010200500000,110,102005000026000002,,,0,1100000000000000829,26
9011010200500000,6,102005000042000001,,,0,1100000000000000829,42
9011010200500000,109,102005000044000002,,,0,1100000000000000829,44
9011010200500000,2,102005000056000001,,,0,1100000000000000829,56
9011010200500000,2,102005000078000001,,,0,1100000000000000836,78
9011010200500000,2,102005000082000001,,,0,1100000000000000829,82
9011010200500000,110,102005000082000003,,,0,1100000000000000829,82
9011010200500000,4,102005000086000001,,,0,1100000000000000829,86
9011010200500000,2,102005000086000002,,,0,1100000000000000829,86
9011010200500000,4,102005000096000002,,,0,1100000000000000837,96
9011010200500000,110,102005000102000001,,,0,1100000000000000837,102
9011010200500000,6,102005000104000001,,,0,1100000000000000837,104
9011010200500000,4,102005000106000002,,,0,1100000000000000837,106
9011010200500000,4,102005000110000002,,,0,1100000000000000838,110
9011010200500000,2,102005000112000001,,,0,1100000000000000837,112
9011010200500000,2,102005000114000001,,,0,1100000000000000830,114
9011010200500000,2,102005000122000001,,,0,1100000000000000831,122
9011010200500000,12,102005000126000001,,,0,1100000000000000837,126
9011010200500000,2,102005000002000002,,,0,1100000000000000832,2
9011010200500000,2,102005000006000001,,,0,1100000000000000829,6
9011010200500000,109,102005000006000002,,,0,1100000000000000829,6
9011010200500000,6,102005000008000001,,,0,1100000000000000829,8
9011010200500000,6,102005000028000001,,,0,1100000000000000829,28
9011010200500000,134,102005000034000002,,,0,1100000000000000829,34
9011010200500000,6,102005000036000001,,,0,1100000000000000829,36
9011010200500000,6,102005000058000001,,,0,1100000000000000829,58
9011010200500000,6,102005000066000001,,,0,1100000000000000835,66
9011010200500000,110,102005000078000003,,,0,1100000000000000836,78
9011010200500000,109,102005000082000002,,,0,1100000000000000829,82
9011010200500000,2,102005000094000001,,,0,1100000000000000837,94
9011010200500000,6,102005000098000001,,,0,1100000000000000838,98
9011010200500000,6,102005000100000001,,,0,1100000000000000837,100
9011010200500000,2,102005000106000001,,,0,1100000000000000837,106
9011010200500000,12,102005000128000001,,,0,1100000000000000837,128
9011010200500000,12,102005000136000001,,,0,1100000000000000838,136
9011010200500000,12,102005000140000001,,,0,1100000000000000837,140
9011010200500000,12,102005000148000001,,,0,1100000000000000838,148
9011010200500000,12,102005000158000001,,,0,1100000000000000837,158
9011010200500000,12,102005000166000001,,,0,1100000000000000837,166
9011010200500000,12,102005000172000001,,,0,1100000000000000830,172
9011010200500000,12,102005000178000001,,,0,1100000000000000831,178
9011010200500000,15,102005000182000001,,,0,1100000000000000837,182
9011010200500000,15,102005000188000001,,,0,1100000000000000838,188
9011010200500000,109,102005000002000001,,,0,1100000000000000832,2
9011010200500000,6,102005000004000001,,,0,1100000000000000829,4
9011010200500000,6,102005000010000001,,,0,1100000000000000829,10
9011010200500000,6,102005000012000001,,,0,1100000000000000833,12
9011010200500000,6,102005000014000001,,,0,1100000000000000834,14
9011010200500000,6,102005000016000001,,,0,1100000000000000829,16
9011010200500000,110,102005000020000001,,,0,1100000000000000829,20
9011010200500000,147,102005000020000002,,,0,1100000000000000829,20
9011010200500000,134,102005000022000002,,,0,1100000000000000829,22
9011010200500000,109,102005000034000001,,,0,1100000000000000829,34
9011010200500000,134,102005000044000001,,,0,1100000000000000829,44
9011010200500000,111,102005000048000002,,,0,1100000000000000829,48
9011010200500000,6,102005000052000001,,,0,1100000000000000829,52
9011010200500000,6,102005000054000001,,,0,1100000000000000829,54
9011010200500000,4,102005000056000002,,,0,1100000000000000829,56
9011010200500000,6,102005000062000001,,,0,1100000000000000829,62
9011010200500000,6,102005000070000001,,,0,1100000000000000835,70
9011010200500000,2,102005000074000001,,,0,1100000000000000835,74
9011010200500000,109,102005000078000002,,,0,1100000000000000836,78
9011010200500000,6,102005000090000001,,,0,1100000000000000829,90
9011010200500000,4,102005000094000002,,,0,1100000000000000837,94
9011010200500000,2,102005000096000001,,,0,1100000000000000837,96
9011010200500000,2,102005000102000002,,,0,1100000000000000837,102
9011010200500000,109,102005000102000003,,,0,1100000000000000837,102
9011010200500000,2,102005000110000001,,,0,1100000000000000838,110
9011010200500000,110,102005000112000003,,,0,1100000000000000837,112
9011010200500000,4,102005000114000002,,,0,1100000000000000830,114
9011010200500000,2,102005000120000001,,,0,1100000000000000830,120
9011010200500000,12,102005000138000001,,,0,1100000000000000837,138
9011010200500000,12,102005000150000001,,,0,1100000000000000837,150
9011010200500000,12,102005000176000001,,,0,1100000000000000830,176
9011010200500000,15,102005000180000001,,,0,1100000000000000838,180
9011010200500000,110,102005000002000003,,,0,1100000000000000832,2
9011010200500000,109,102005000022000001,,,0,1100000000000000829,22
9011010200500000,6,102005000024000001,,,0,1100000000000000829,24
9011010200500000,147,102005000026000001,,,0,1100000000000000829,26
9011010200500000,6,102005000030000001,,,0,1100000000000000829,30
9011010200500000,6,102005000032000001,,,0,1100000000000000829,32
9011010200500000,6,102005000038000001,,,0,1100000000000000832,38
9011010200500000,6,102005000040000001,,,0,1100000000000000829,40
9011010200500000,6,102005000046000001,,,0,1100000000000000829,46
9011010200500000,108,102005000048000001,,,0,1100000000000000829,48
9011010200500000,6,102005000050000001,,,0,1100000000000000829,50
9011010200500000,4,102005000074000002,,,0,1100000000000000835,74
9011010200500000,108,102005000108000001,,,0,1100000000000000837,108
9011010200500000,111,102005000108000002,,,0,1100000000000000837,108
9011010200500000,12,102005000124000001,,,0,1100000000000000838,124
9011010200500000,12,102005000130000001,,,0,1100000000000000837,130
9011010200500000,12,102005000134000001,,,0,1100000000000000837,134
9011010200500000,12,102005000144000001,,,0,1100000000000000837,144
9011010200500000,12,102005000162000001,,,0,1100000000000000837,162
9011010200500000,12,102005000168000001,,,0,1100000000000000837,168
9011010200500000,12,102005000170000001,,,0,1100000000000000830,170
9011010200500000,12,102005000174000001,,,0,1100000000000000830,174
9011010200500000,15,102005000186000001,,,0,1100000000000000837,186
9011010200500000,15,102005000190000001,,,0,1100000000000000837,190
9011010200500000,15,102005000192000001,,,0,1100000000000000837,192
9011010200500000,15,102005000196000001,,,0,1100000000000000837,196
9011010200500000,15,102005000198000001,,,0,1100000000000000837,198
9011010200500000,15,102005000200000001,,,0,1100000000000000837,200
9011010200500000,15,102005000206000001,,,0,1100000000000000837,206
9011010200500000,109,102005000112000002,,,0,1100000000000000837,112
9011010200500000,2,102005000116000001,,,0,1100000000000000830,116
9011010200500000,2,102005000118000001,,,0,1100000000000000830,118
9011010200500000,12,102005000132000001,,,0,1100000000000000837,132
9011010200500000,12,102005000142000001,,,0,1100000000000000837,142
9011010200500000,12,102005000146000001,,,0,1100000000000000837,146
9011010200500000,12,102005000152000001,,,0,1100000000000000837,152
9011010200500000,12,102005000154000001,,,0,1100000000000000837,154
9011010200500000,12,102005000156000001,,,0,1100000000000000837,156
9011010200500000,12,102005000160000001,,,0,1100000000000000838,160
9011010200500000,12,102005000164000001,,,0,1100000000000000838,164
9011010200500000,15,102005000184000001,,,0,1100000000000000837,184
9011010200500000,15,102005000194000001,,,0,1100000000000000837,194
9011010200500000,15,102005000202000001,,,0,1100000000000000837,202
9011010200500000,15,102005000204000001,,,0,1100000000000000838,204
9011010200600000,4,102006000007000002,,,1,1100000000000001013,7
9011010200600000,4,102006000009000002,,,1,1100000000000001014,9
9011010200600000,6,102006000011000001,,,1,1100000000000001015,11
9011010200600000,6,102006000021000001,,,1,1100000000000001012,21
9011010200600000,2,102006000027000001,,,1,1100000000000001012,27
9011010200600000,4,102006000027000002,,,1,1100000000000001012,27
9011010200600000,4,102006000031000001,,,1,1100000000000001012,31
9011010200600000,6,102006000035000001,,,1,1100000000000001012,35
9011010200600000,4,102006000037000002,,,1,1100000000000001012,37
9011010200600000,2,102006000041000001,,,1,1100000000000001012,41
9011010200600000,2,102006000047000002,,,1,1100000000000001012,47
9011010200600000,2,102006000051000002,,,1,1100000000000001012,51
9011010200600000,2,102006000053000001,,,1,1100000000000001019,53
9011010200600000,4,102006000053000002,,,1,1100000000000001019,53
9011010200600000,2,102006000055000001,,,1,1100000000000001019,55
9011010200600000,2,102006000063000001,,,1,1100000000000001019,63
9011010200600000,4,102006000063000002,,,1,1100000000000001019,63
9011010200600000,6,102006000071000001,,,1,1100000000000001019,71
9011010200600000,4,102006000075000001,,,1,1100000000000001019,75
9011010200600000,2,102006000077000001,,,1,1100000000000001019,77
9011010200600000,4,102006000091000002,,,1,1100000000000001022,91
9011010200600000,12,102006000103000001,,,1,1100000000000001024,103
9011010200600000,12,102006000107000001,,,1,1100000000000001024,107
9011010200600000,12,102006000111000001,,,1,1100000000000001011,111
9011010200600000,12,102006000115000001,,,1,1100000000000001011,115
9011010200600000,12,102006000121000001,,,1,1100000000000001011,121
9011010200600000,12,102006000123000001,,,1,1100000000000001011,123
9011010200600000,12,102006000129000001,,,1,1100000000000001011,129
9011010200600000,12,102006000133000001,,,1,1100000000000001011,133
9011010200600000,6,102006000001000001,,,1,1100000000000001012,1
9011010200600000,4,102006000003000002,,,1,1100000000000001012,3
9011010200600000,6,102006000005000001,,,1,1100000000000001012,5
9011010200600000,4,102006000017000002,,,1,1100000000000001017,17
9011010200600000,6,102006000023000001,,,1,1100000000000001012,23
9011010200600000,4,102006000025000002,,,1,1100000000000001012,25
9011010200600000,12,102006000147000001,,,1,1100000000000001018,147
9011010200600000,12,102006000151000001,,,1,1100000000000001018,151
9011010200600000,15,102006000161000001,,,1,1100000000000001011,161
9011010200600000,15,102006000163000001,,,1,1100000000000001011,163
9011010200600000,15,102006000165000001,,,1,1100000000000001011,165
9011010200600000,15,102006000169000001,,,1,1100000000000001011,169
9011010200600000,15,102006000175000001,,,1,1100000000000001011,175
9011010200600000,15,102006000177000001,,,1,1100000000000001011,177
9011010200600000,15,102006000179000001,,,1,1100000000000001010,179
9011010200600000,4,102006000965000001,,,1,1100000000000001025,965
9011010200600000,2,102006000965000002,,,1,1100000000000001025,965
9011010200600000,2,102006000003000001,,,1,1100000000000001012,3
9011010200600000,2,102006000007000001,,,1,1100000000000001013,7
9011010200600000,2,102006000009000001,,,1,1100000000000001014,9
9011010200600000,2,102006000031000002,,,1,1100000000000001012,31
9011010200600000,2,102006000037000001,,,1,1100000000000001012,37
9011010200600000,4,102006000041000002,,,1,1100000000000001012,41
9011010200600000,4,102006000047000001,,,1,1100000000000001012,47
9011010200600000,6,102006000067000001,,,1,1100000000000001019,67
9011010200600000,2,102006000069000002,,,1,1100000000000001019,69
9011010200600000,2,102006000075000002,,,1,1100000000000001019,75
9011010200600000,2,102006000079000001,,,1,1100000000000001019,79
9011010200600000,6,102006000081000001,,,1,1100000000000001012,81
9011010200600000,2,102006000085000001,,,1,1100000000000001021,85
9011010200600000,4,102006000089000002,,,1,1100000000000001021,89
9011010200600000,6,102006000093000001,,,1,1100000000000001022,93
9011010200600000,4,102006000095000001,,,1,1100000000000001022,95
9011010200600000,12,102006000101000001,,,1,1100000000000001024,101
9011010200600000,12,102006000117000001,,,1,1100000000000001011,117
9011010200600000,12,102006000135000001,,,1,1100000000000001011,135
9011010200600000,12,102006000139000001,,,1,1100000000000001011,139
9011010200600000,12,102006000143000001,,,1,1100000000000001018,143
9011010200600000,12,102006000153000001,,,1,1100000000000001018,153
9011010200600000,15,102006000159000001,,,1,1100000000000001024,159
9011010200600000,15,102006000167000001,,,1,1100000000000001011,167
9011010200600000,2,102006000513000001,,,1,1100000000000001016,513
9011010200600000,2,102006000957000002,,,1,1100000000000001025,957
9011010200600000,2,102006000017000001,,,1,1100000000000001017,17
9011010200600000,2,102006000019000001,,,1,1100000000000001012,19
9011010200600000,4,102006000019000002,,,1,1100000000000001012,19
9011010200600000,2,102006000025000001,,,1,1100000000000001012,25
9011010200600000,6,102006000029000001,,,1,1100000000000001012,29
9011010200600000,2,102006000033000001,,,1,1100000000000001012,33
9011010200600000,4,102006000033000002,,,1,1100000000000001012,33
9011010200600000,4,102006000039000002,,,1,1100000000000001012,39
9011010200600000,6,102006000043000001,,,1,1100000000000001012,43
9011010200600000,2,102006000045000001,,,1,1100000000000001012,45
9011010200600000,6,102006000049000001,,,1,1100000000000001012,49
9011010200600000,4,102006000051000001,,,1,1100000000000001012,51
9011010200600000,4,102006000061000002,,,1,1100000000000001019,61
9011010200600000,6,102006000083000001,,,1,1100000000000001020,83
9011010200600000,2,102006000087000001,,,1,1100000000000001021,87
9011010200600000,4,102006000087000002,,,1,1100000000000001021,87
9011010200600000,2,102006000095000002,,,1,1100000000000001022,95
9011010200600000,4,102006000099000002,,,1,1100000000000001023,99
9011010200600000,12,102006000105000001,,,1,1100000000000001024,105
9011010200600000,12,102006000109000001,,,1,1100000000000001011,109
9011010200600000,12,102006000113000001,,,1,1100000000000001011,113
9011010200600000,12,102006000119000001,,,1,1100000000000001011,119
9011010200600000,12,102006000137000001,,,1,1100000000000001011,137
9011010200600000,12,102006000145000001,,,1,1100000000000001018,145
9011010200600000,15,102006000181000001,,,1,1100000000000001010,181
9011010200600000,2,102006000515000001,,,1,1100000000000001009,515
9011010200600000,4,102006000515000002,,,1,1100000000000001009,515
9011010200600000,4,102006000973000001,,,1,1100000000000001025,973
9011010200600000,2,102006000973000002,,,1,1100000000000001025,973
9011010200600000,2,102006000039000001,,,1,1100000000000001012,39
9011010200600000,4,102006000045000002,,,1,1100000000000001012,45
9011010200600000,4,102006000055000002,,,1,1100000000000001019,55
9011010200600000,6,102006000059000001,,,1,1100000000000001019,59
9011010200600000,2,102006000061000001,,,1,1100000000000001019,61
9011010200600000,4,102006000069000001,,,1,1100000000000001019,69
9011010200600000,4,102006000077000002,,,1,1100000000000001019,77
9011010200600000,4,102006000079000002,,,1,1100000000000001019,79
9011010200600000,4,102006000085000002,,,1,1100000000000001021,85
9011010200600000,2,102006000089000001,,,1,1100000000000001021,89
9011010200600000,2,102006000091000001,,,1,1100000000000001022,91
9011010200600000,2,102006000097000001,,,1,1100000000000001022,97
9011010200600000,4,102006000097000002,,,1,1100000000000001022,97
9011010200600000,2,102006000099000001,,,1,1100000000000001023,99
9011010200600000,12,102006000125000001,,,1,1100000000000001011,125
9011010200600000,12,102006000127000001,,,1,1100000000000001011,127
9011010200600000,12,102006000131000001,,,1,1100000000000001011,131
9011010200600000,12,102006000141000001,,,1,1100000000000001024,141
9011010200600000,12,102006000149000001,,,1,1100000000000001018,149
9011010200600000,15,102006000157000001,,,1,1100000000000001024,157
9011010200600000,15,102006000171000001,,,1,1100000000000001011,171
9011010200600000,15,102006000173000001,,,1,1100000000000001011,173
9011010200600000,15,102006000183000001,,,1,1100000000000001018,183
9011010200600000,15,102006000185000001,,,1,1100000000000001018,185
9011010200600000,4,102006000513000002,,,1,1100000000000001016,513
9011010200600000,4,102006000957000001,,,1,1100000000000001025,957
9011010200600000,2,102006000010000001,,,0,1100000000000001035,10
9011010200600000,4,102006000010000002,,,0,1100000000000001035,10
9011010200600000,6,102006000014000001,,,0,1100000000000001033,14
9011010200600000,2,102006000026000001,,,0,1100000000000001038,26
9011010200600000,4,102006000032000002,,,0,1100000000000001038,32
9011010200600000,4,102006000034000001,,,0,1100000000000001038,34
9011010200600000,2,102006000046000001,,,0,1100000000000001038,46
9011010200600000,4,102006000046000002,,,0,1100000000000001038,46
9011010200600000,6,102006000050000001,,,0,1100000000000001038,50
9011010200600000,4,102006000056000002,,,0,1100000000000001031,56
9011010200600000,4,102006000060000001,,,0,1100000000000001031,60
9011010200600000,2,102006000064000002,,,0,1100000000000001031,64
9011010200600000,4,102006000072000001,,,0,1100000000000001031,72
9011010200600000,4,102006000078000002,,,0,1100000000000001031,78
9011010200600000,2,102006000080000001,,,0,1100000000000001031,80
9011010200600000,2,102006000086000001,,,0,1100000000000001038,86
9011010200600000,4,102006000086000002,,,0,1100000000000001038,86
9011010200600000,2,102006000092000001,,,0,1100000000000001030,92
9011010200600000,2,102006000094000001,,,0,1100000000000001030,94
9011010200600000,4,102006000096000002,,,0,1100000000000001030,96
9011010200600000,6,102006000098000001,,,0,1100000000000001030,98
9011010200600000,12,102006000120000001,,,0,1100000000000001029,120
9011010200600000,12,102006000126000001,,,0,1100000000000001029,126
9011010200600000,4,102006000006000002,,,0,1100000000000001037,6
9011010200600000,4,102006000016000002,,,0,1100000000000001032,16
9011010200600000,2,102006000018000001,,,0,1100000000000001038,18
9011010200600000,12,102006000134000001,,,0,1100000000000001029,134
9011010200600000,12,102006000140000001,,,0,1100000000000001029,140
9011010200600000,12,102006000142000001,,,0,1100000000000001029,142
9011010200600000,12,102006000144000001,,,0,1100000000000001029,144
9011010200600000,12,102006000148000001,,,0,1100000000000001029,148
9011010200600000,12,102006000150000001,,,0,1100000000000001029,150
9011010200600000,12,102006000154000001,,,0,1100000000000001029,154
9011010200600000,12,102006000160000001,,,0,1100000000000001029,160
9011010200600000,12,102006000172000001,,,0,1100000000000001028,172
9011010200600000,15,102006000182000001,,,0,1100000000000001039,182
9011010200600000,15,102006000200000001,,,0,1100000000000001029,200
9011010200600000,15,102006000202000001,,,0,1100000000000001029,202
9011010200600000,2,102006000508000002,,,0,1100000000000001036,508
9011010200600000,2,102006000566000001,,,0,1100000000000001008,566
9011010200600000,2,102006000002000001,,,0,1100000000000001038,2
9011010200600000,2,102006000006000001,,,0,1100000000000001037,6
9011010200600000,4,102006000018000002,,,0,1100000000000001038,18
9011010200600000,6,102006000020000001,,,0,1100000000000001038,20
9011010200600000,6,102006000022000001,,,0,1100000000000001038,22
9011010200600000,2,102006000032000001,,,0,1100000000000001038,32
9011010200600000,2,102006000034000002,,,0,1100000000000001038,34
9011010200600000,2,102006000038000001,,,0,1100000000000001038,38
9011010200600000,4,102006000040000002,,,0,1100000000000001038,40
9011010200600000,4,102006000042000002,,,0,1100000000000001038,42
9011010200600000,4,102006000048000002,,,0,1100000000000001038,48
9011010200600000,2,102006000052000002,,,0,1100000000000001038,52
9011010200600000,4,102006000064000001,,,0,1100000000000001031,64
9011010200600000,2,102006000076000001,,,0,1100000000000001031,76
9011010200600000,4,102006000076000002,,,0,1100000000000001031,76
9011010200600000,2,102006000082000001,,,0,1100000000000001038,82
9011010200600000,4,102006000090000002,,,0,1100000000000001030,90
9011010200600000,4,102006000100000001,,,0,1100000000000001029,100
9011010200600000,2,102006000102000001,,,0,1100000000000001029,102
9011010200600000,12,102006000118000001,,,0,1100000000000001029,118
9011010200600000,12,102006000124000001,,,0,1100000000000001029,124
9011010200600000,12,102006000136000001,,,0,1100000000000001029,136
9011010200600000,12,102006000158000001,,,0,1100000000000001029,158
9011010200600000,12,102006000162000001,,,0,1100000000000001029,162
9011010200600000,12,102006000168000001,,,0,1100000000000001028,168
9011010200600000,15,102006000174000001,,,0,1100000000000001029,174
9011010200600000,15,102006000176000001,,,0,1100000000000001029,176
9011010200600000,15,102006000184000001,,,0,1100000000000001039,184
9011010200600000,15,102006000186000001,,,0,1100000000000001039,186
9011010200600000,4,102006000508000001,,,0,1100000000000001036,508
9011010200600000,4,102006000512000002,,,0,1100000000000001034,512
9011010200600000,6,102006000524000001,,,0,1100000000000001026,524
9011010200600000,4,102006000562000002,,,0,1100000000000001008,562
9011010200600000,4,102006000570000002,,,0,1100000000000001008,570
9011010200600000,4,102006000002000002,,,0,1100000000000001038,2
9011010200600000,2,102006000016000001,,,0,1100000000000001032,16
9011010200600000,4,102006000026000002,,,0,1100000000000001038,26
9011010200600000,2,102006000028000001,,,0,1100000000000001038,28
9011010200600000,6,102006000030000001,,,0,1100000000000001038,30
9011010200600000,6,102006000036000001,,,0,1100000000000001038,36
9011010200600000,4,102006000038000002,,,0,1100000000000001038,38
9011010200600000,2,102006000040000001,,,0,1100000000000001038,40
9011010200600000,2,102006000042000001,,,0,1100000000000001038,42
9011010200600000,2,102006000054000001,,,0,1100000000000001038,54
9011010200600000,2,102006000056000001,,,0,1100000000000001031,56
9011010200600000,2,102006000060000002,,,0,1100000000000001031,60
9011010200600000,6,102006000068000001,,,0,1100000000000001031,68
9011010200600000,6,102006000074000001,,,0,1100000000000001031,74
9011010200600000,4,102006000080000002,,,0,1100000000000001031,80
9011010200600000,4,102006000092000002,,,0,1100000000000001030,92
9011010200600000,2,102006000096000001,,,0,1100000000000001030,96
9011010200600000,4,102006000102000002,,,0,1100000000000001029,102
9011010200600000,2,102006000108000001,,,0,1100000000000001028,108
9011010200600000,12,102006000114000001,,,0,1100000000000001027,114
9011010200600000,12,102006000116000001,,,0,1100000000000001029,116
9011010200600000,12,102006000122000001,,,0,1100000000000001029,122
9011010200600000,12,102006000130000001,,,0,1100000000000001029,130
9011010200600000,12,102006000132000001,,,0,1100000000000001029,132
9011010200600000,12,102006000152000001,,,0,1100000000000001029,152
9011010200600000,12,102006000166000001,,,0,1100000000000001028,166
9011010200600000,15,102006000180000001,,,0,1100000000000001039,180
9011010200600000,15,102006000188000001,,,0,1100000000000001039,188
9011010200600000,15,102006000190000001,,,0,1100000000000001039,190
9011010200600000,15,102006000194000001,,,0,1100000000000001039,194
9011010200600000,15,102006000196000001,,,0,1100000000000001039,196
9011010200600000,15,102006000204000001,,,0,1100000000000001040,204
9011010200600000,6,102006000504000001,,,0,1100000000000001026,504
9011010200600000,2,102006000512000001,,,0,1100000000000001034,512
9011010200600000,2,102006000570000001,,,0,1100000000000001008,570
9011010200600000,4,102006000028000002,,,0,1100000000000001038,28
9011010200600000,6,102006000044000001,,,0,1100000000000001038,44
9011010200600000,2,102006000048000001,,,0,1100000000000001038,48
9011010200600000,4,102006000052000001,,,0,1100000000000001038,52
9011010200600000,4,102006000054000002,,,0,1100000000000001038,54
9011010200600000,6,102006000058000001,,,0,1100000000000001031,58
9011010200600000,2,102006000072000002,,,0,1100000000000001031,72
9011010200600000,2,102006000078000001,,,0,1100000000000001031,78
9011010200600000,4,102006000082000002,,,0,1100000000000001038,82
9011010200600000,6,102006000084000001,,,0,1100000000000001038,84
9011010200600000,6,102006000088000001,,,0,1100000000000001030,88
9011010200600000,2,102006000090000001,,,0,1100000000000001030,90
9011010200600000,4,102006000094000002,,,0,1100000000000001030,94
9011010200600000,2,102006000100000002,,,0,1100000000000001029,100
9011010200600000,2,102006000104000001,,,0,1100000000000001029,104
9011010200600000,4,102006000104000002,,,0,1100000000000001029,104
9011010200600000,2,102006000106000001,,,0,1100000000000001028,106
9011010200600000,4,102006000106000002,,,0,1100000000000001028,106
9011010200600000,2,102006000110000001,,,0,1100000000000001028,110
9011010200600000,2,102006000112000001,,,0,1100000000000001028,112
9011010200600000,12,102006000128000001,,,0,1100000000000001029,128
9011010200600000,12,102006000138000001,,,0,1100000000000001029,138
9011010200600000,12,102006000146000001,,,0,1100000000000001029,146
9011010200600000,12,102006000156000001,,,0,1100000000000001029,156
9011010200600000,12,102006000164000001,,,0,1100000000000001029,164
9011010200600000,12,102006000170000001,,,0,1100000000000001028,170
9011010200600000,15,102006000178000001,,,0,1100000000000001039,178
9011010200600000,15,102006000192000001,,,0,1100000000000001039,192
9011010200600000,15,102006000198000001,,,0,1100000000000001039,198
9011010200600000,2,102006000562000001,,,0,1100000000000001008,562
9011010200600000,4,102006000566000002,,,0,1100000000000001008,566
9011010200800000,32,102008000003000001,,,1,1100000000000001090,3
9011010200800000,6,102008000013000002,,,1,1100000000000001090,13
9011010200800000,99,102008000019000001,,,1,1100000000000001090,19
9011010200800000,99,102008000023000001,,,1,1100000000000001090,23
9011010200800000,99,102008000027000001,,,1,1100000000000001090,27
9011010200800000,6,102008000041000002,,,1,1100000000000001090,41
9011010200800000,6,102008000045000002,,,1,1100000000000001092,45
9011010200800000,100,102008000059000001,,,1,1100000000000001092,59
9011010200800000,100,102008000061000001,,,1,1100000000000001092,61
9011010200800000,21,102008000081000002,,,1,1100000000000001092,81
9011010200800000,47,102008000085000001,,,1,1100000000000001092,85
9011010200800000,100,102008000087000001,,,1,1100000000000001092,87
9011010200800000,100,102008000097000001,,,1,1100000000000001092,97
9011010200800000,100,102008000099000001,,,1,1100000000000001092,99
9011010200800000,15,102008000107000002,,,1,1100000000000001092,107
9011010200800000,102,102008000109000001,,,1,1100000000000001092,109
9011010200800000,15,102008000109000002,,,1,1100000000000001092,109
9011010200800000,15,102008000111000002,,,1,1100000000000001092,111
9011010200800000,102,102008000113000001,,,1,1100000000000001092,113
9011010200800000,15,102008000121000002,,,1,1100000000000001092,121
9011010200800000,15,102008000125000002,,,1,1100000000000001092,125
9011010200800000,76,102008000133000001,,,1,1100000000000001092,133
9011010200800000,85,102008000133000002,,,1,1100000000000001092,133
9011010200800000,6,102008000003000002,,,1,1100000000000001090,3
9011010200800000,32,102008000007000001,,,1,1100000000000001090,7
9011010200800000,6,102008000009000002,,,1,1100000000000001091,9
9011010200800000,6,102008000017000002,,,1,1100000000000001090,17
9011010200800000,32,102008000021000002,,,1,1100000000000001090,21
9011010200800000,32,102008000025000001,,,1,1100000000000001090,25
9011010200800000,32,102008000033000001,,,1,1100000000000001090,33
9011010200800000,6,102008000033000002,,,1,1100000000000001090,33
9011010200800000,6,102008000037000001,,,1,1100000000000001090,37
9011010200800000,32,102008000037000002,,,1,1100000000000001090,37
9011010200800000,32,102008000041000001,,,1,1100000000000001090,41
9011010200800000,99,102008000043000001,,,1,1100000000000001090,43
9011010200800000,32,102008000045000001,,,1,1100000000000001092,45
9011010200800000,99,102008000057000001,,,1,1100000000000001092,57
9011010200800000,100,102008000067000001,,,1,1100000000000001092,67
9011010200800000,47,102008000069000001,,,1,1100000000000001092,69
9011010200800000,100,102008000071000001,,,1,1100000000000001092,71
9011010200800000,47,102008000077000001,,,1,1100000000000001092,77
9011010200800000,21,102008000077000002,,,1,1100000000000001092,77
9011010200800000,100,102008000079000001,,,1,1100000000000001092,79
9011010200800000,47,102008000089000001,,,1,1100000000000001092,89
9011010200800000,21,102008000093000001,,,1,1100000000000001092,93
9011010200800000,100,102008000101000001,,,1,1100000000000001092,101
9011010200800000,102,102008000107000001,,,1,1100000000000001092,107
9011010200800000,15,102008000113000002,,,1,1100000000000001092,113
9011010200800000,102,102008000123000001,,,1,1100000000000001092,123
9011010200800000,15,102008000127000001,,,1,1100000000000001092,127
9011010200800000,102,102008000127000002,,,1,1100000000000001092,127
9011010200800000,15,102008000129000002,,,1,1100000000000001092,129
9011010200800000,102,102008000131000001,,,1,1100000000000001092,131
9011010200800000,17,102008000133000004,,,1,1100000000000001092,133
9011010200800000,32,102008000009000001,,,1,1100000000000001091,9
9011010200800000,99,102008000011000001,,,1,1100000000000001090,11
9011010200800000,32,102008000013000001,,,1,1100000000000001090,13
9011010200800000,99,102008000015000001,,,1,1100000000000001090,15
9011010200800000,32,102008000017000001,,,1,1100000000000001090,17
9011010200800000,6,102008000021000001,,,1,1100000000000001090,21
9011010200800000,6,102008000025000002,,,1,1100000000000001090,25
9011010200800000,32,102008000029000001,,,1,1100000000000001090,29
9011010200800000,6,102008000029000002,,,1,1100000000000001090,29
9011010200800000,99,102008000047000001,,,1,1100000000000001092,47
9011010200800000,32,102008000049000001,,,1,1100000000000001092,49
9011010200800000,99,102008000053000001,,,1,1100000000000001092,53
9011010200800000,99,102008000055000001,,,1,1100000000000001092,55
9011010200800000,47,102008000065000001,,,1,1100000000000001092,65
9011010200800000,21,102008000065000002,,,1,1100000000000001092,65
9011010200800000,21,102008000069000002,,,1,1100000000000001092,69
9011010200800000,47,102008000073000002,,,1,1100000000000001092,73
9011010200800000,100,102008000075000001,,,1,1100000000000001092,75
9011010200800000,100,102008000091000001,,,1,1100000000000001092,91
9011010200800000,47,102008000093000002,,,1,1100000000000001092,93
9011010200800000,100,102008000103000001,,,1,1100000000000001092,103
9011010200800000,100,102008000105000001,,,1,1100000000000001092,105
9011010200800000,15,102008000115000001,,,1,1100000000000001092,115
9011010200800000,102,102008000115000002,,,1,1100000000000001092,115
9011010200800000,102,102008000117000001,,,1,1100000000000001092,117
9011010200800000,15,102008000117000002,,,1,1100000000000001092,117
9011010200800000,15,102008000119000002,,,1,1100000000000001092,119
9011010200800000,102,102008000121000001,,,1,1100000000000001092,121
9011010200800000,15,102008000123000002,,,1,1100000000000001092,123
9011010200800000,102,102008000129000001,,,1,1100000000000001092,129
9011010200800000,6,102008000007000002,,,1,1100000000000001090,7
9011010200800000,99,102008000031000001,,,1,1100000000000001090,31
9011010200800000,99,102008000035000001,,,1,1100000000000001090,35
9011010200800000,99,102008000039000001,,,1,1100000000000001090,39
9011010200800000,6,102008000049000002,,,1,1100000000000001092,49
9011010200800000,99,102008000051000001,,,1,1100000000000001092,51
9011010200800000,100,102008000063000001,,,1,1100000000000001092,63
9011010200800000,21,102008000073000001,,,1,1100000000000001092,73
9011010200800000,47,102008000081000001,,,1,1100000000000001092,81
9011010200800000,100,102008000083000001,,,1,1100000000000001092,83
9011010200800000,21,102008000085000002,,,1,1100000000000001092,85
9011010200800000,21,102008000089000002,,,1,1100000000000001092,89
9011010200800000,100,102008000095000001,,,1,1100000000000001092,95
9011010200800000,102,102008000111000001,,,1,1100000000000001092,111
9011010200800000,102,102008000119000001,,,1,1100000000000001092,119
9011010200800000,102,102008000125000001,,,1,1100000000000001092,125
9011010200800000,15,102008000131000002,,,1,1100000000000001092,131
9011010200800000,15,102008000133000003,,,1,1100000000000001092,133
9011010200800000,99,102008000014000001,,,0,1100000000000001094,14
9011010200800000,32,102008000020000001,,,0,1100000000000001094,20
9011010200800000,99,102008000022000001,,,0,1100000000000001094,22
9011010200800000,32,102008000036000001,,,0,1100000000000001094,36
9011010200800000,99,102008000038000001,,,0,1100000000000001094,38
9011010200800000,6,102008000040000002,,,0,1100000000000001094,40
9011010200800000,32,102008000044000002,,,0,1100000000000001094,44
9011010200800000,99,102008000060000001,,,0,1100000000000001093,60
9011010200800000,65,102008000062000001,,,0,1100000000000001096,62
9011010200800000,100,102008000066000001,,,0,1100000000000001095,66
9011010200800000,21,102008000082000002,,,0,1100000000000001095,82
9011010200800000,100,102008000096000001,,,0,1100000000000001095,96
9011010200800000,100,102008000104000001,,,0,1100000000000001095,104
9011010200800000,12,102008000112000001,,,0,1100000000000001096,112
9011010200800000,10,102008000114000004,,,0,1100000000000001096,114
9011010200800000,102,102008000118000001,,,0,1100000000000001095,118
9011010200800000,15,102008000122000002,,,0,1100000000000001095,122
9011010200800000,15,102008000124000002,,,0,1100000000000001095,124
9011010200800000,102,102008000126000001,,,0,1100000000000001095,126
9011010200800000,102,102008000128000002,,,0,1100000000000001095,128
9011010200800000,15,102008000130000002,,,0,1100000000000001095,130
9011010200800000,15,102008000132000001,,,0,1100000000000001095,132
9011010200800000,102,102008000132000002,,,0,1100000000000001095,132
9011010200800000,102,102008000134000001,,,0,1100000000000001095,134
9011010200800000,102,102008000140000001,,,0,1100000000000001095,140
9011010200800000,15,102008000140000002,,,0,1100000000000001095,140
9011010200800000,6,102008000002000001,,,0,1100000000000001094,2
9011010200800000,6,102008000006000001,,,0,1100000000000001094,6
9011010200800000,6,102008000008000001,,,0,1100000000000001094,8
9011010200800000,32,102008000016000001,,,0,1100000000000001094,16
9011010200800000,6,102008000016000002,,,0,1100000000000001094,16
9011010200800000,99,102008000018000001,,,0,1100000000000001094,18
9011010200800000,99,102008000026000001,,,0,1100000000000001094,26
9011010200800000,32,102008000028000002,,,0,1100000000000001094,28
9011010200800000,99,102008000030000001,,,0,1100000000000001094,30
9011010200800000,32,102008000032000001,,,0,1100000000000001094,32
9011010200800000,6,102008000036000002,,,0,1100000000000001094,36
9011010200800000,32,102008000048000002,,,0,1100000000000001095,48
9011010200800000,6,102008000052000002,,,0,1100000000000001095,52
9011010200800000,81,102008000064000001,,,0,1100000000000001096,64
9011010200800000,2,102008000064000003,,,0,1100000000000001096,64
9011010200800000,47,102008000070000001,,,0,1100000000000001095,70
9011010200800000,21,102008000070000002,,,0,1100000000000001095,70
9011010200800000,100,102008000092000001,,,0,1100000000000001095,92
9011010200800000,21,102008000098000002,,,0,1100000000000001095,98
9011010200800000,100,102008000100000001,,,0,1100000000000001095,100
9011010200800000,100,102008000106000001,,,0,1100000000000001095,106
9011010200800000,100,102008000108000001,,,0,1100000000000001095,108
9011010200800000,102,102008000116000002,,,0,1100000000000001095,116
9011010200800000,15,102008000120000002,,,0,1100000000000001095,120
9011010200800000,15,102008000134000002,,,0,1100000000000001095,134
9011010200800000,102,102008000136000001,,,0,1100000000000001095,136
9011010200800000,15,102008000136000002,,,0,1100000000000001095,136
9011010200800000,102,102008000138000001,,,0,1100000000000001095,138
9011010200800000,15,102008000138000002,,,0,1100000000000001095,138
9011010200800000,17,102008000142000002,,,0,1100000000000001095,142
9011010200800000,32,102008000006000002,,,0,1100000000000001094,6
9011010200800000,32,102008000008000002,,,0,1100000000000001094,8
9011010200800000,99,102008000010000001,,,0,1100000000000001094,10
9011010200800000,6,102008000020000002,,,0,1100000000000001094,20
9011010200800000,6,102008000028000001,,,0,1100000000000001094,28
9011010200800000,6,102008000032000002,,,0,1100000000000001094,32
9011010200800000,99,102008000034000001,,,0,1100000000000001094,34
9011010200800000,6,102008000044000001,,,0,1100000000000001094,44
9011010200800000,99,102008000046000001,,,0,1100000000000001095,46
9011010200800000,99,102008000050000001,,,0,1100000000000001095,50
9011010200800000,99,102008000056000001,,,0,1100000000000001095,56
9011010200800000,8,102008000064000002,,,0,1100000000000001096,64
9011010200800000,100,102008000072000001,,,0,1100000000000001095,72
9011010200800000,47,102008000078000001,,,0,1100000000000001095,78
9011010200800000,100,102008000080000001,,,0,1100000000000001095,80
9011010200800000,47,102008000086000001,,,0,1100000000000001095,86
9011010200800000,47,102008000090000002,,,0,1100000000000001095,90
9011010200800000,21,102008000094000001,,,0,1100000000000001095,94
9011010200800000,47,102008000094000002,,,0,1100000000000001095,94
9011010200800000,47,102008000098000001,,,0,1100000000000001095,98
9011010200800000,100,102008000110000001,,,0,1100000000000001095,110
9011010200800000,45,102008000112000002,,,0,1100000000000001096,112
9011010200800000,48,102008000112000003,,,0,1100000000000001096,112
9011010200800000,10,102008000112000004,,,0,1100000000000001096,112
9011010200800000,12,102008000114000002,,,0,1100000000000001096,114
9011010200800000,45,102008000114000003,,,0,1100000000000001096,114
9011010200800000,15,102008000118000002,,,0,1100000000000001095,118
9011010200800000,102,102008000120000001,,,0,1100000000000001095,120
9011010200800000,102,102008000122000001,,,0,1100000000000001095,122
9011010200800000,102,102008000124000001,,,0,1100000000000001095,124
9011010200800000,15,102008000126000002,,,0,1100000000000001095,126
9011010200800000,15,102008000128000001,,,0,1100000000000001095,128
9011010200800000,102,102008000130000001,,,0,1100000000000001095,130
9011010200800000,15,102008000142000001,,,0,1100000000000001095,142
9011010200800000,76,102008000142000003,,,0,1100000000000001095,142
9011010200800000,85,102008000142000004,,,0,1100000000000001095,142
9011010200800000,16,102008000146000001,,,0,1100000000000001096,146
9011010200800000,32,102008000002000002,,,0,1100000000000001094,2
9011010200800000,32,102008000024000001,,,0,1100000000000001094,24
9011010200800000,6,102008000024000002,,,0,1100000000000001094,24
9011010200800000,32,102008000040000001,,,0,1100000000000001094,40
9011010200800000,99,102008000042000001,,,0,1100000000000001094,42
9011010200800000,6,102008000048000001,,,0,1100000000000001095,48
9011010200800000,32,102008000052000001,,,0,1100000000000001095,52
9011010200800000,99,102008000054000001,,,0,1100000000000001095,54
9011010200800000,99,102008000058000001,,,0,1100000000000001095,58
9011010200800000,2,102008000062000002,,,0,1100000000000001096,62
9011010200800000,100,102008000068000001,,,0,1100000000000001095,68
9011010200800000,21,102008000074000001,,,0,1100000000000001095,74
9011010200800000,47,102008000074000002,,,0,1100000000000001095,74
9011010200800000,100,102008000076000001,,,0,1100000000000001095,76
9011010200800000,21,102008000078000002,,,0,1100000000000001095,78
9011010200800000,47,102008000082000001,,,0,1100000000000001095,82
9011010200800000,100,102008000084000001,,,0,1100000000000001095,84
9011010200800000,21,102008000086000002,,,0,1100000000000001095,86
9011010200800000,100,102008000088000001,,,0,1100000000000001095,88
9011010200800000,21,102008000090000001,,,0,1100000000000001095,90
9011010200800000,100,102008000102000001,,,0,1100000000000001095,102
9011010200800000,48,102008000114000001,,,0,1100000000000001096,114
9011010200800000,15,102008000116000001,,,0,1100000000000001095,116
9011010200800000,16,102008000144000001,,,0,1100000000000001096,144
9011010212300000,2,102123000001000001,,,1,1100000000000000046,1
9011010212300000,6,102123000003000001,,,1,1100000000000000047,3
9011010212300000,6,102123000005000001,,,1,1100000000000000048,5
9011010212300000,108,102123000013000001,,,1,1100000000000000051,13
9011010212300000,111,102123000013000002,,,1,1100000000000000051,13
9011010212300000,2,102123000019000001,,,1,1100000000000000051,19
9011010212300000,12,102123000023000001,,,1,1100000000000000051,23
9011010212300000,12,102123000025000001,,,1,1100000000000000049,25
9011010212300000,12,102123000027000001,,,1,1100000000000000049,27
9011010212300000,12,102123000029000001,,,1,1100000000000000051,29
9011010212300000,4,102123000001000002,,,1,1100000000000000046,1
9011010212300000,6,102123000007000001,,,1,1100000000000000045,7
9011010212300000,2,102123000009000001,,,1,1100000000000000050,9
9011010212300000,15,102123000039000001,,,1,1100000000000000051,39
9011010212300000,4,102123000009000002,,,1,1100000000000000050,9
9011010212300000,6,102123000011000001,,,1,1100000000000000051,11
9011010212300000,4,102123000019000002,,,1,1100000000000000051,19
9011010212300000,12,102123000031000001,,,1,1100000000000000049,31
9011010212300000,15,102123000035000001,,,1,1100000000000000051,35
9011010212300000,15,102123000037000001,,,1,1100000000000000049,37
9011010212300000,6,102123000015000001,,,1,1100000000000000052,15
9011010212300000,2,102123000017000001,,,1,1100000000000000053,17
9011010212300000,4,102123000017000002,,,1,1100000000000000053,17
9011010212300000,2,102123000021000001,,,1,1100000000000000054,21
9011010212300000,12,102123000033000001,,,1,1100000000000000054,33
9011010212300000,15,102123000041000001,,,1,1100000000000000051,41
9011010212300000,4,102123000004000001,,,0,1100000000000000055,4
9011010212300000,2,102123000004000002,,,0,1100000000000000055,4
9011010212300000,111,102123000008000002,,,0,1100000000000000057,8
9011010212300000,6,102123000016000001,,,0,1100000000000000063,16
9011010212300000,2,102123000018000001,,,0,1100000000000000057,18
9011010212300000,2,102123000022000001,,,0,1100000000000000061,22
9011010212300000,12,102123000036000001,,,0,1100000000000000061,36
9011010212300000,12,102123000038000001,,,0,1100000000000000061,38
9011010212300000,12,102123000040000001,,,0,1100000000000000062,40
9011010212300000,15,102123000042000001,,,0,1100000000000000057,42
9011010212300000,2,102123000102000001,,,0,1100000000000000056,102
9011010212300000,108,102123000008000001,,,0,1100000000000000057,8
9011010212300000,2,102123000012000001,,,0,1100000000000000065,12
9011010212300000,6,102123000014000001,,,0,1100000000000000064,14
9011010212300000,2,102123000026000001,,,0,1100000000000000062,26
9011010212300000,12,102123000032000001,,,0,1100000000000000058,32
9011010212300000,12,102123000034000001,,,0,1100000000000000057,34
9011010212300000,15,102123000048000001,,,0,1100000000000000057,48
9011010212300000,6,102123000010000001,,,0,1100000000000000059,10
9011010212300000,4,102123000012000002,,,0,1100000000000000065,12
9011010212300000,4,102123000018000002,,,0,1100000000000000057,18
9011010212300000,6,102123000020000001,,,0,1100000000000000061,20
9011010212300000,4,102123000022000002,,,0,1100000000000000061,22
9011010212300000,15,102123000044000001,,,0,1100000000000000061,44
9011010212300000,15,102123000046000001,,,0,1100000000000000057,46
9011010212300000,4,102123000102000002,,,0,1100000000000000056,102
9011010212300000,6,102123000006000001,,,0,1100000000000000057,6
9011010212300000,2,102123000024000001,,,0,1100000000000000060,24
9011010212300000,12,102123000028000001,,,0,1100000000000000057,28
9011010212300000,12,102123000030000001,,,0,1100000000000000058,30
9011010212300000,50,102123000050000001,,,0,1100000000000000062,50
9011010215000000,6,102150000001000001,,,1,1100000000000000126,1
9011010215000000,6,102150000005000001,,,1,1100000000000000128,5
9011010215000000,6,102150000009000001,,,1,1100000000000000129,9
9011010215000000,6,102150000019000001,,,1,1100000000000000138,19
9011010215000000,6,102150000021000001,,,1,1100000000000000138,21
9011010215000000,6,102150000027000001,,,1,1100000000000000137,27
9011010215000000,12,102150000037000001,,,1,1100000000000000133,37
9011010215000000,12,102150000045000001,,,1,1100000000000000132,45
9011010215000000,12,102150000047000001,,,1,1100000000000000131,47
9011010215000000,15,102150000059000001,,,1,1100000000000000133,59
9011010215000000,15,102150000061000001,,,1,1100000000000000131,61
9011010215000000,15,102150000063000001,,,1,1100000000000000131,63
9011010215000000,15,102150000073000001,,,1,1100000000000000131,73
9011010215000000,15,102150000077000001,,,1,1100000000000000136,77
9011010215000000,4,102150000007000002,,,1,1100000000000000129,7
9011010215000000,6,102150000029000001,,,1,1100000000000000137,29
9011010215000000,6,102150000031000001,,,1,1100000000000000130,31
9011010215000000,12,102150000039000001,,,1,1100000000000000131,39
9011010215000000,12,102150000053000001,,,1,1100000000000000134,53
9011010215000000,12,102150000057000001,,,1,1100000000000000135,57
9011010215000000,15,102150000069000001,,,1,1100000000000000131,69
9011010215000000,6,102150000003000001,,,1,1100000000000000127,3
9011010215000000,2,102150000007000001,,,1,1100000000000000129,7
9011010215000000,6,102150000011000001,,,1,1100000000000000129,11
9011010215000000,6,102150000033000001,,,1,1100000000000000130,33
9011010215000000,2,102150000035000001,,,1,1100000000000000130,35
9011010215000000,12,102150000049000001,,,1,1100000000000000132,49
9011010215000000,12,102150000051000001,,,1,1100000000000000131,51
9011010215000000,15,102150000065000001,,,1,1100000000000000131,65
9011010215000000,15,102150000071000001,,,1,1100000000000000132,71
9011010215000000,16,102150000079000002,,,1,1100000000000000135,79
9011010215000000,6,102150000013000001,,,1,1100000000000000129,13
9011010215000000,6,102150000015000001,,,1,1100000000000000129,15
9011010215000000,6,102150000017000001,,,1,1100000000000000129,17
9011010215000000,6,102150000023000001,,,1,1100000000000000138,23
9011010215000000,6,102150000025000001,,,1,1100000000000000137,25
9011010215000000,12,102150000041000001,,,1,1100000000000000131,41
9011010215000000,12,102150000043000001,,,1,1100000000000000131,43
9011010215000000,12,102150000055000001,,,1,1100000000000000134,55
9011010215000000,15,102150000067000001,,,1,1100000000000000132,67
9011010215000000,15,102150000075000001,,,1,1100000000000000134,75
9011010215000000,76,102150000079000001,,,1,1100000000000000135,79
9011010215000000,4,102150000010000001,,,0,1100000000000000142,10
9011010215000000,2,102150000010000002,,,0,1100000000000000142,10
9011010215000000,6,102150000022000001,,,0,1100000000000000141,22
9011010215000000,6,102150000034000001,,,0,1100000000000000144,34
9011010215000000,2,102150000036000001,,,0,1100000000000000144,36
9011010215000000,2,102150000038000001,,,0,1100000000000000144,38
9011010215000000,2,102150000040000001,,,0,1100000000000000153,40
9011010215000000,12,102150000044000001,,,0,1100000000000000146,44
9011010215000000,12,102150000048000001,,,0,1100000000000000145,48
9011010215000000,12,102150000052000001,,,0,1100000000000000145,52
9011010215000000,12,102150000062000001,,,0,1100000000000000149,62
9011010215000000,12,102150000064000001,,,0,1100000000000000150,64
9011010215000000,15,102150000068000001,,,0,1100000000000000146,68
9011010215000000,15,102150000076000001,,,0,1100000000000000145,76
9011010215000000,50,102150000084000001,,,0,1100000000000000152,84
9011010215000000,76,102150000086000001,,,0,1100000000000000149,86
9011010215000000,50,102150000088000001,,,0,1100000000000000152,88
9011010215000000,6,102150000012000001,,,0,1100000000000000142,12
9011010215000000,6,102150000020000001,,,0,1100000000000000141,20
9011010215000000,6,102150000028000001,,,0,1100000000000000141,28
9011010215000000,12,102150000058000001,,,0,1100000000000000149,58
9011010215000000,12,102150000060000001,,,0,1100000000000000149,60
9011010215000000,15,102150000072000001,,,0,1100000000000000145,72
9011010215000000,15,102150000080000001,,,0,1100000000000000148,80
9011010215000000,15,102150000082000001,,,0,1100000000000000151,82
9011010215000000,16,102150000086000002,,,0,1100000000000000149,86
9011010215000000,2,102150000006000001,,,0,1100000000000000141,6
9011010215000000,6,102150000008000001,,,0,1100000000000000141,8
9011010215000000,6,102150000014000001,,,0,1100000000000000141,14
9011010215000000,6,102150000018000001,,,0,1100000000000000142,18
9011010215000000,6,102150000026000001,,,0,1100000000000000141,26
9011010215000000,12,102150000050000001,,,0,1100000000000000147,50
9011010215000000,12,102150000056000001,,,0,1100000000000000148,56
9011010215000000,15,102150000066000001,,,0,1100000000000000145,66
9011010215000000,15,102150000070000001,,,0,1100000000000000147,70
9011010215000000,15,102150000074000001,,,0,1100000000000000147,74
9011010215000000,6,102150000002000001,,,0,1100000000000000139,2
9011010215000000,6,102150000004000001,,,0,1100000000000000140,4
9011010215000000,4,102150000006000002,,,0,1100000000000000141,6
9011010215000000,6,102150000016000001,,,0,1100000000000000141,16
9011010215000000,6,102150000024000001,,,0,1100000000000000142,24
9011010215000000,6,102150000030000001,,,0,1100000000000000141,30
9011010215000000,6,102150000032000001,,,0,1100000000000000143,32
9011010215000000,12,102150000042000001,,,0,1100000000000000145,42
9011010215000000,12,102150000046000001,,,0,1100000000000000147,46
9011010215000000,12,102150000054000001,,,0,1100000000000000147,54
9011010215000000,15,102150000078000001,,,0,1100000000000000147,78
9011010215400000,109,102154000001000002,,,1,1100000000000000205,1
9011010215400000,110,102154000001000003,,,1,1100000000000000205,1
9011010215400000,6,102154000005000001,,,1,1100000000000000206,5
9011010215400000,2,102154000009000001,,,1,1100000000000000208,9
9011010215400000,6,102154000015000001,,,1,1100000000000000209,15
9011010215400000,2,102154000019000001,,,1,1100000000000000208,19
9011010215400000,109,102154000019000002,,,1,1100000000000000208,19
9011010215400000,12,102154000031000001,,,1,1100000000000000204,31
9011010215400000,15,102154000037000001,,,1,1100000000000000204,37
9011010215400000,110,102154000019000003,,,1,1100000000000000208,19
9011010215400000,15,102154000033000001,,,1,1100000000000000204,33
9011010215400000,2,102154000001000001,,,1,1100000000000000205,1
9011010215400000,6,102154000003000001,,,1,1100000000000000205,3
9011010215400000,6,102154000007000001,,,1,1100000000000000207,7
9011010215400000,4,102154000009000002,,,1,1100000000000000208,9
9011010215400000,6,102154000013000001,,,1,1100000000000000210,13
9011010215400000,2,102154000017000001,,,1,1100000000000000208,17
9011010215400000,12,102154000025000001,,,1,1100000000000000204,25
9011010215400000,12,102154000027000001,,,1,1100000000000000204,27
9011010215400000,12,102154000029000001,,,1,1100000000000000204,29
9011010215400000,15,102154000035000001,,,1,1100000000000000204,35
9011010215400000,6,102154000011000001,,,1,1100000000000000209,11
9011010215400000,109,102154000017000002,,,1,1100000000000000208,17
9011010215400000,110,102154000017000003,,,1,1100000000000000208,17
9011010215400000,2,102154000021000001,,,1,1100000000000000211,21
9011010215400000,12,102154000023000001,,,1,1100000000000000204,23
9011010215400000,6,102154000006000001,,,0,1100000000000000213,6
9011010215400000,2,102154000010000001,,,0,1100000000000000214,10
9011010215400000,6,102154000012000001,,,0,1100000000000000215,12
9011010215400000,110,102154000020000003,,,0,1100000000000000214,20
9011010215400000,109,102154000022000001,,,0,1100000000000000214,22
9011010215400000,2,102154000024000001,,,0,1100000000000000214,24
9011010215400000,2,102154000026000001,,,0,1100000000000000217,26
9011010215400000,12,102154000034000001,,,0,1100000000000000214,34
9011010215400000,12,102154000038000001,,,0,1100000000000000217,38
9011010215400000,6,102154000014000001,,,0,1100000000000000216,14
9011010215400000,2,102154000018000001,,,0,1100000000000000216,18
9011010215400000,110,102154000018000003,,,0,1100000000000000216,18
9011010215400000,2,102154000020000001,,,0,1100000000000000214,20
9011010215400000,110,102154000022000002,,,0,1100000000000000214,22
9011010215400000,12,102154000028000001,,,0,1100000000000000214,28
9011010215400000,76,102154000046000001,,,0,1100000000000000217,46
9011010215400000,6,102154000004000001,,,0,1100000000000000212,4
9011010215400000,6,102154000008000001,,,0,1100000000000000213,8
9011010215400000,12,102154000030000001,,,0,1100000000000000214,30
9011010215400000,12,102154000032000001,,,0,1100000000000000214,32
9011010215400000,12,102154000036000001,,,0,1100000000000000214,36
9011010215400000,15,102154000044000001,,,0,1100000000000000214,44
9011010215400000,16,102154000046000002,,,0,1100000000000000217,46
9011010215400000,4,102154000010000002,,,0,1100000000000000214,10
9011010215400000,6,102154000016000001,,,0,1100000000000000215,16
9011010215400000,109,102154000018000002,,,0,1100000000000000216,18
9011010215400000,109,102154000020000002,,,0,1100000000000000214,20
9011010215400000,15,102154000040000001,,,0,1100000000000000214,40
9011010215400000,15,102154000042000001,,,0,1100000000000000214,42
9011010300100000,26,103001000003000001,,,1,1100000000000000310,3
9011010300100000,23,103001000007000001,,,1,1100000000000000309,7
9011010300100000,23,103001000011000001,,,1,1100000000000000302,11
9011010300100000,23,103001000017000001,,,1,1100000000000000309,17
9011010300100000,23,103001000019000001,,,1,1100000000000000309,19
9011010300100000,23,103001000035000001,,,1,1100000000000000308,35
9011010300100000,23,103001000039000001,,,1,1100000000000000308,39
9011010300100000,23,103001000041000001,,,1,1100000000000000308,41
9011010300100000,23,103001000053000001,,,1,1100000000000000309,53
9011010300100000,23,103001000057000001,,,1,1100000000000000309,57
9011010300100000,23,103001000061000001,,,1,1100000000000000309,61
9011010300100000,23,103001000071000001,,,1,1100000000000000309,71
9011010300100000,23,103001000077000001,,,1,1100000000000000309,77
9011010300100000,23,103001000081000001,,,1,1100000000000000309,81
9011010300100000,23,103001000085000001,,,1,1100000000000000309,85
9011010300100000,23,103001000093000001,,,1,1100000000000000309,93
9011010300100000,23,103001000095000001,,,1,1100000000000000309,95
9011010300100000,23,103001000103000001,,,1,1100000000000000309,103
9011010300100000,23,103001000133000001,,,1,1100000000000000309,133
9011010300100000,23,103001000137000001,,,1,1100000000000000309,137
9011010300100000,23,103001000149000001,,,1,1100000000000000308,149
9011010300100000,57,103001000157000002,,,1,1100000000000000307,157
9011010300100000,57,103001000161000002,,,1,1100000000000000306,161
9011010300100000,57,103001000167000001,,,1,1100000000000000306,167
9011010300100000,26,103001000167000002,,,1,1100000000000000306,167
9011010300100000,57,103001000169000001,,,1,1100000000000000306,169
9011010300100000,26,103001000169000002,,,1,1100000000000000306,169
9011010300100000,23,103001000171000001,,,1,1100000000000000306,171
9011010300100000,26,103001000173000001,,,1,1100000000000000306,173
9011010300100000,57,103001000175000002,,,1,1100000000000000306,175
9011010300100000,26,103001000177000001,,,1,1100000000000000306,177
9011010300100000,26,103001000181000001,,,1,1100000000000000306,181
9011010300100000,13,103001000195000001,,,1,1100000000000000306,195
9011010300100000,13,103001000209000001,,,1,1100000000000000306,209
9011010300100000,13,103001000213000001,,,1,1100000000000000306,213
9011010300100000,13,103001000241000001,,,1,1100000000000000305,241
9011010300100000,13,103001000243000001,,,1,1100000000000000305,243
9011010300100000,13,103001000259000001,,,1,1100000000000000305,259
9011010300100000,13,103001000265000001,,,1,1100000000000000305,265
9011010300100000,13,103001000269000001,,,1,1100000000000000305,269
9011010300100000,13,103001000277000001,,,1,1100000000000000305,277
9011010300100000,13,103001000283000001,,,1,1100000000000000305,283
9011010300100000,13,103001000285000001,,,1,1100000000000000305,285
9011010300100000,13,103001000297000001,,,1,1100000000000000305,297
9011010300100000,13,103001000301000001,,,1,1100000000000000305,301
9011010300100000,13,103001000305000001,,,1,1100000000000000304,305
9011010300100000,13,103001000307000001,,,1,1100000000000000304,307
9011010300100000,13,103001000311000001,,,1,1100000000000000304,311
9011010300100000,13,103001000315000001,,,1,1100000000000000304,315
9011010300100000,13,103001000333000001,,,1,1100000000000000306,333
9011010300100000,13,103001000337000001,,,1,1100000000000000303,337
9011010300100000,13,103001000339000001,,,1,1100000000000000303,339
9011010300100000,51,103001000351000001,,,1,1100000000000000306,351
9011010300100000,51,103001000365000001,,,1,1100000000000000306,365
9011010300100000,51,103001000373000001,,,1,1100000000000000304,373
9011010300100000,51,103001000375000001,,,1,1100000000000000304,375
9011010300100000,51,103001000381000001,,,1,1100000000000000305,381
9011010300100000,51,103001000387000001,,,1,1100000000000000305,387
9011010300100000,51,103001000389000001,,,1,1100000000000000305,389
9011010300100000,51,103001000393000001,,,1,1100000000000000305,393
9011010300100000,51,103001000409000001,,,1,1100000000000000305,409
9011010300100000,51,103001000411000001,,,1,1100000000000000304,411
9011010300100000,51,103001000431000001,,,1,1100000000000000306,431
9011010300100000,51,103001000437000001,,,1,1100000000000000306,437
9011010300100000,23,103001000005000001,,,1,1100000000000000309,5
9011010300100000,23,103001000009000001,,,1,1100000000000000309,9
9011010300100000,23,103001000027000001,,,1,1100000000000000309,27
9011010300100000,23,103001000029000001,,,1,1100000000000000309,29
9011010300100000,23,103001000049000001,,,1,1100000000000000309,49
9011010300100000,23,103001000051000001,,,1,1100000000000000309,51
9011010300100000,23,103001000073000001,,,1,1100000000000000309,73
9011010300100000,23,103001000091000001,,,1,1100000000000000309,91
9011010300100000,23,103001000101000001,,,1,1100000000000000309,101
9011010300100000,23,103001000105000001,,,1,1100000000000000309,105
9011010300100000,23,103001000109000001,,,1,1100000000000000309,109
9011010300100000,23,103001000113000001,,,1,1100000000000000309,113
9011010300100000,23,103001000123000001,,,1,1100000000000000309,123
9011010300100000,23,103001000153000001,,,1,1100000000000000308,153
9011010300100000,26,103001000157000001,,,1,1100000000000000307,157
9011010300100000,26,103001000159000001,,,1,1100000000000000306,159
9011010300100000,23,103001000179000001,,,1,1100000000000000306,179
9011010300100000,26,103001000183000001,,,1,1100000000000000306,183
9011010300100000,57,103001000183000002,,,1,1100000000000000306,183
9011010300100000,26,103001000185000001,,,1,1100000000000000303,185
9011010300100000,26,103001000189000001,,,1,1100000000000000303,189
9011010300100000,13,103001000197000001,,,1,1100000000000000306,197
9011010300100000,13,103001000199000001,,,1,1100000000000000306,199
9011010300100000,13,103001000205000001,,,1,1100000000000000306,205
9011010300100000,13,103001000207000001,,,1,1100000000000000306,207
9011010300100000,13,103001000211000001,,,1,1100000000000000306,211
9011010300100000,13,103001000221000001,,,1,1100000000000000305,221
9011010300100000,13,103001000225000001,,,1,1100000000000000305,225
9011010300100000,13,103001000231000001,,,1,1100000000000000305,231
9011010300100000,13,103001000239000001,,,1,1100000000000000305,239
9011010300100000,13,103001000251000001,,,1,1100000000000000305,251
9011010300100000,13,103001000253000001,,,1,1100000000000000305,253
9011010300100000,13,103001000257000001,,,1,1100000000000000305,257
9011010300100000,13,103001000261000001,,,1,1100000000000000305,261
9011010300100000,13,103001000275000001,,,1,1100000000000000305,275
9011010300100000,13,103001000279000001,,,1,1100000000000000305,279
9011010300100000,13,103001000289000001,,,1,1100000000000000305,289
9011010300100000,13,103001000293000001,,,1,1100000000000000305,293
9011010300100000,13,103001000327000001,,,1,1100000000000000306,327
9011010300100000,13,103001000329000001,,,1,1100000000000000306,329
9011010300100000,13,103001000331000001,,,1,1100000000000000306,331
9011010300100000,51,103001000345000001,,,1,1100000000000000306,345
9011010300100000,51,103001000349000001,,,1,1100000000000000306,349
9011010300100000,51,103001000357000001,,,1,1100000000000000306,357
9011010300100000,51,103001000361000001,,,1,1100000000000000306,361
9011010300100000,51,103001000367000001,,,1,1100000000000000304,367
9011010300100000,51,103001000379000001,,,1,1100000000000000305,379
9011010300100000,51,103001000405000001,,,1,1100000000000000305,405
9011010300100000,51,103001000415000001,,,1,1100000000000000304,415
9011010300100000,51,103001000417000001,,,1,1100000000000000304,417
9011010300100000,23,103001000001000001,,,1,1100000000000000310,1
9011010300100000,57,103001000003000002,,,1,1100000000000000310,3
9011010300100000,23,103001000013000001,,,1,1100000000000000309,13
9011010300100000,23,103001000031000001,,,1,1100000000000000309,31
9011010300100000,23,103001000047000001,,,1,1100000000000000308,47
9011010300100000,23,103001000059000001,,,1,1100000000000000309,59
9011010300100000,23,103001000063000001,,,1,1100000000000000309,63
9011010300100000,23,103001000065000001,,,1,1100000000000000309,65
9011010300100000,23,103001000069000001,,,1,1100000000000000309,69
9011010300100000,23,103001000075000001,,,1,1100000000000000309,75
9011010300100000,23,103001000079000001,,,1,1100000000000000309,79
9011010300100000,23,103001000083000001,,,1,1100000000000000309,83
9011010300100000,23,103001000097000001,,,1,1100000000000000309,97
9011010300100000,23,103001000111000001,,,1,1100000000000000309,111
9011010300100000,23,103001000117000001,,,1,1100000000000000309,117
9011010300100000,23,103001000119000001,,,1,1100000000000000309,119
9011010300100000,23,103001000121000001,,,1,1100000000000000309,121
9011010300100000,23,103001000125000001,,,1,1100000000000000309,125
9011010300100000,23,103001000129000001,,,1,1100000000000000309,129
9011010300100000,23,103001000141000001,,,1,1100000000000000308,141
9011010300100000,23,103001000151000001,,,1,1100000000000000308,151
9011010300100000,57,103001000159000002,,,1,1100000000000000306,159
9011010300100000,26,103001000161000001,,,1,1100000000000000306,161
9011010300100000,26,103001000165000001,,,1,1100000000000000306,165
9011010300100000,57,103001000177000002,,,1,1100000000000000306,177
9011010300100000,26,103001000187000001,,,1,1100000000000000303,187
9011010300100000,13,103001000191000001,,,1,1100000000000000306,191
9011010300100000,13,103001000217000001,,,1,1100000000000000305,217
9011010300100000,13,103001000219000001,,,1,1100000000000000305,219
9011010300100000,13,103001000227000001,,,1,1100000000000000305,227
9011010300100000,13,103001000245000001,,,1,1100000000000000305,245
9011010300100000,13,103001000247000001,,,1,1100000000000000305,247
9011010300100000,13,103001000249000001,,,1,1100000000000000305,249
9011010300100000,13,103001000271000001,,,1,1100000000000000305,271
9011010300100000,13,103001000273000001,,,1,1100000000000000305,273
9011010300100000,13,103001000281000001,,,1,1100000000000000305,281
9011010300100000,13,103001000287000001,,,1,1100000000000000305,287
9011010300100000,13,103001000291000001,,,1,1100000000000000305,291
9011010300100000,13,103001000309000001,,,1,1100000000000000304,309
9011010300100000,13,103001000323000001,,,1,1100000000000000306,323
9011010300100000,13,103001000325000001,,,1,1100000000000000306,325
9011010300100000,13,103001000335000001,,,1,1100000000000000306,335
9011010300100000,51,103001000343000001,,,1,1100000000000000306,343
9011010300100000,51,103001000347000001,,,1,1100000000000000306,347
9011010300100000,51,103001000353000001,,,1,1100000000000000306,353
9011010300100000,51,103001000355000001,,,1,1100000000000000306,355
9011010300100000,51,103001000359000001,,,1,1100000000000000306,359
9011010300100000,51,103001000371000001,,,1,1100000000000000304,371
9011010300100000,51,103001000385000001,,,1,1100000000000000305,385
9011010300100000,51,103001000391000001,,,1,1100000000000000305,391
9011010300100000,51,103001000403000001,,,1,1100000000000000305,403
9011010300100000,51,103001000413000001,,,1,1100000000000000304,413
9011010300100000,51,103001000423000001,,,1,1100000000000000304,423
9011010300100000,51,103001000429000001,,,1,1100000000000000306,429
9011010300100000,51,103001000433000001,,,1,1100000000000000306,433
9011010300100000,51,103001000443000001,,,1,1100000000000000306,443
9011010300100000,23,103001000015000001,,,1,1100000000000000309,15
9011010300100000,23,103001000021000001,,,1,1100000000000000309,21
9011010300100000,23,103001000023000001,,,1,1100000000000000309,23
9011010300100000,23,103001000025000001,,,1,1100000000000000309,25
9011010300100000,23,103001000033000001,,,1,1100000000000000308,33
9011010300100000,23,103001000037000001,,,1,1100000000000000308,37
9011010300100000,23,103001000043000001,,,1,1100000000000000308,43
9011010300100000,23,103001000045000001,,,1,1100000000000000308,45
9011010300100000,23,103001000055000001,,,1,1100000000000000309,55
9011010300100000,23,103001000067000001,,,1,1100000000000000309,67
9011010300100000,23,103001000087000001,,,1,1100000000000000309,87
9011010300100000,23,103001000089000001,,,1,1100000000000000309,89
9011010300100000,23,103001000099000001,,,1,1100000000000000309,99
9011010300100000,23,103001000107000001,,,1,1100000000000000309,107
9011010300100000,23,103001000115000001,,,1,1100000000000000309,115
9011010300100000,23,103001000127000001,,,1,1100000000000000309,127
9011010300100000,23,103001000131000001,,,1,1100000000000000309,131
9011010300100000,23,103001000135000001,,,1,1100000000000000309,135
9011010300100000,23,103001000139000001,,,1,1100000000000000308,139
9011010300100000,23,103001000143000001,,,1,1100000000000000308,143
9011010300100000,23,103001000145000001,,,1,1100000000000000308,145
9011010300100000,23,103001000147000001,,,1,1100000000000000308,147
9011010300100000,23,103001000155000001,,,1,1100000000000000307,155
9011010300100000,23,103001000163000001,,,1,1100000000000000306,163
9011010300100000,57,103001000165000002,,,1,1100000000000000306,165
9011010300100000,57,103001000173000002,,,1,1100000000000000306,173
9011010300100000,26,103001000175000001,,,1,1100000000000000306,175
9011010300100000,57,103001000181000002,,,1,1100000000000000306,181
9011010300100000,13,103001000193000001,,,1,1100000000000000306,193
9011010300100000,13,103001000201000001,,,1,1100000000000000306,201
9011010300100000,13,103001000203000001,,,1,1100000000000000306,203
9011010300100000,13,103001000215000001,,,1,1100000000000000305,215
9011010300100000,13,103001000223000001,,,1,1100000000000000305,223
9011010300100000,13,103001000229000001,,,1,1100000000000000305,229
9011010300100000,13,103001000233000001,,,1,1100000000000000305,233
9011010300100000,13,103001000235000001,,,1,1100000000000000305,235
9011010300100000,13,103001000237000001,,,1,1100000000000000305,237
9011010300100000,13,103001000255000001,,,1,1100000000000000305,255
9011010300100000,13,103001000263000001,,,1,1100000000000000305,263
9011010300100000,13,103001000267000001,,,1,1100000000000000305,267
9011010300100000,13,103001000295000001,,,1,1100000000000000305,295
9011010300100000,13,103001000299000001,,,1,1100000000000000305,299
9011010300100000,13,103001000303000001,,,1,1100000000000000304,303
9011010300100000,13,103001000313000001,,,1,1100000000000000304,313
9011010300100000,13,103001000317000001,,,1,1100000000000000304,317
9011010300100000,13,103001000319000001,,,1,1100000000000000304,319
9011010300100000,13,103001000321000001,,,1,1100000000000000304,321
9011010300100000,13,103001000341000001,,,1,1100000000000000303,341
9011010300100000,51,103001000363000001,,,1,1100000000000000306,363
9011010300100000,51,103001000369000001,,,1,1100000000000000304,369
9011010300100000,51,103001000377000001,,,1,1100000000000000304,377
9011010300100000,51,103001000383000001,,,1,1100000000000000305,383
9011010300100000,51,103001000395000001,,,1,1100000000000000305,395
9011010300100000,51,103001000397000001,,,1,1100000000000000305,397
9011010300100000,51,103001000399000001,,,1,1100000000000000305,399
9011010300100000,51,103001000401000001,,,1,1100000000000000305,401
9011010300100000,51,103001000407000001,,,1,1100000000000000305,407
9011010300100000,51,103001000419000001,,,1,1100000000000000304,419
9011010300100000,51,103001000421000001,,,1,1100000000000000304,421
9011010300100000,51,103001000425000001,,,1,1100000000000000306,425
9011010300100000,51,103001000427000001,,,1,1100000000000000306,427
9011010300100000,51,103001000435000001,,,1,1100000000000000306,435
9011010300100000,51,103001000439000001,,,1,1100000000000000306,439
9011010300100000,51,103001000441000001,,,1,1100000000000000306,441
9011010300100000,57,103001000002000001,,,0,1100000000000000318,2
9011010300100000,26,103001000002000002,,,0,1100000000000000318,2
9011010300100000,23,103001000012000001,,,0,1100000000000000311,12
9011010300100000,23,103001000014000001,,,0,1100000000000000311,14
9011010300100000,23,103001000030000001,,,0,1100000000000000319,30
9011010300100000,23,103001000038000001,,,0,1100000000000000319,38
9011010300100000,23,103001000048000001,,,0,1100000000000000319,48
9011010300100000,23,103001000050000001,,,0,1100000000000000319,50
9011010300100000,23,103001000054000001,,,0,1100000000000000319,54
9011010300100000,23,103001000060000001,,,0,1100000000000000319,60
9011010300100000,23,103001000062000001,,,0,1100000000000000319,62
9011010300100000,23,103001000064000001,,,0,1100000000000000319,64
9011010300100000,23,103001000080000001,,,0,1100000000000000319,80
9011010300100000,23,103001000090000001,,,0,1100000000000000319,90
9011010300100000,23,103001000092000001,,,0,1100000000000000319,92
9011010300100000,23,103001000110000001,,,0,1100000000000000319,110
9011010300100000,23,103001000112000001,,,0,1100000000000000311,112
9011010300100000,23,103001000116000001,,,0,1100000000000000311,116
9011010300100000,23,103001000118000001,,,0,1100000000000000311,118
9011010300100000,23,103001000128000001,,,0,1100000000000000311,128
9011010300100000,23,103001000140000001,,,0,1100000000000000311,140
9011010300100000,23,103001000144000001,,,0,1100000000000000319,144
9011010300100000,23,103001000150000001,,,0,1100000000000000319,150
9011010300100000,26,103001000156000001,,,0,1100000000000000318,156
9011010300100000,26,103001000162000001,,,0,1100000000000000318,162
9011010300100000,57,103001000170000001,,,0,1100000000000000312,170
9011010300100000,26,103001000172000001,,,0,1100000000000000312,172
9011010300100000,26,103001000194000001,,,0,1100000000000000313,194
9011010300100000,13,103001000206000001,,,0,1100000000000000312,206
9011010300100000,13,103001000208000001,,,0,1100000000000000312,208
9011010300100000,13,103001000210000001,,,0,1100000000000000312,210
9011010300100000,13,103001000214000001,,,0,1100000000000000314,214
9011010300100000,13,103001000228000001,,,0,1100000000000000314,228
9011010300100000,13,103001000230000001,,,0,1100000000000000314,230
9011010300100000,13,103001000254000001,,,0,1100000000000000315,254
9011010300100000,13,103001000268000001,,,0,1100000000000000315,268
9011010300100000,13,103001000272000001,,,0,1100000000000000315,272
9011010300100000,13,103001000276000001,,,0,1100000000000000315,276
9011010300100000,13,103001000280000001,,,0,1100000000000000315,280
9011010300100000,13,103001000304000001,,,0,1100000000000000314,304
9011010300100000,13,103001000310000001,,,0,1100000000000000314,310
9011010300100000,13,103001000312000001,,,0,1100000000000000316,312
9011010300100000,13,103001000320000001,,,0,1100000000000000316,320
9011010300100000,13,103001000322000001,,,0,1100000000000000316,322
9011010300100000,13,103001000330000001,,,0,1100000000000000312,330
9011010300100000,13,103001000332000001,,,0,1100000000000000312,332
9011010300100000,13,103001000338000001,,,0,1100000000000000312,338
9011010300100000,13,103001000344000001,,,0,1100000000000000312,344
9011010300100000,13,103001000346000001,,,0,1100000000000000313,346
9011010300100000,51,103001000362000001,,,0,1100000000000000312,362
9011010300100000,51,103001000364000001,,,0,1100000000000000312,364
9011010300100000,51,103001000370000001,,,0,1100000000000000312,370
9011010300100000,51,103001000374000001,,,0,1100000000000000312,374
9011010300100000,51,103001000376000001,,,0,1100000000000000312,376
9011010300100000,51,103001000384000001,,,0,1100000000000000316,384
9011010300100000,51,103001000388000001,,,0,1100000000000000317,388
9011010300100000,51,103001000394000001,,,0,1100000000000000317,394
9011010300100000,51,103001000396000001,,,0,1100000000000000317,396
9011010300100000,51,103001000422000001,,,0,1100000000000000317,422
9011010300100000,51,103001000430000001,,,0,1100000000000000316,430
9011010300100000,51,103001000434000001,,,0,1100000000000000312,434
9011010300100000,51,103001000440000001,,,0,1100000000000000312,440
9011010300100000,51,103001000446000001,,,0,1100000000000000312,446
9011010300100000,51,103001000458000001,,,0,1100000000000000312,458
9011010300100000,23,103001000004000001,,,0,1100000000000000318,4
9011010300100000,23,103001000020000001,,,0,1100000000000000311,20
9011010300100000,23,103001000024000001,,,0,1100000000000000311,24
9011010300100000,23,103001000034000001,,,0,1100000000000000319,34
9011010300100000,23,103001000036000001,,,0,1100000000000000319,36
9011010300100000,23,103001000040000001,,,0,1100000000000000319,40
9011010300100000,23,103001000074000001,,,0,1100000000000000319,74
9011010300100000,23,103001000076000001,,,0,1100000000000000319,76
9011010300100000,23,103001000078000001,,,0,1100000000000000319,78
9011010300100000,23,103001000086000001,,,0,1100000000000000319,86
9011010300100000,23,103001000088000001,,,0,1100000000000000319,88
9011010300100000,23,103001000146000001,,,0,1100000000000000319,146
9011010300100000,57,103001000156000002,,,0,1100000000000000318,156
9011010300100000,57,103001000162000002,,,0,1100000000000000318,162
9011010300100000,26,103001000168000001,,,0,1100000000000000312,168
9011010300100000,26,103001000178000001,,,0,1100000000000000312,178
9011010300100000,23,103001000180000001,,,0,1100000000000000312,180
9011010300100000,26,103001000184000001,,,0,1100000000000000313,184
9011010300100000,26,103001000190000001,,,0,1100000000000000313,190
9011010300100000,13,103001000202000001,,,0,1100000000000000312,202
9011010300100000,13,103001000212000001,,,0,1100000000000000312,212
9011010300100000,13,103001000226000001,,,0,1100000000000000314,226
9011010300100000,13,103001000232000001,,,0,1100000000000000314,232
9011010300100000,13,103001000246000001,,,0,1100000000000000314,246
9011010300100000,13,103001000262000001,,,0,1100000000000000315,262
9011010300100000,13,103001000264000001,,,0,1100000000000000315,264
9011010300100000,13,103001000266000001,,,0,1100000000000000315,266
9011010300100000,13,103001000286000001,,,0,1100000000000000315,286
9011010300100000,13,103001000294000001,,,0,1100000000000000314,294
9011010300100000,13,103001000300000001,,,0,1100000000000000314,300
9011010300100000,13,103001000306000001,,,0,1100000000000000314,306
9011010300100000,13,103001000314000001,,,0,1100000000000000316,314
9011010300100000,13,103001000336000001,,,0,1100000000000000312,336
9011010300100000,51,103001000358000001,,,0,1100000000000000312,358
9011010300100000,51,103001000360000001,,,0,1100000000000000312,360
9011010300100000,51,103001000390000001,,,0,1100000000000000317,390
9011010300100000,51,103001000392000001,,,0,1100000000000000317,392
9011010300100000,51,103001000404000001,,,0,1100000000000000317,404
9011010300100000,51,103001000408000001,,,0,1100000000000000317,408
9011010300100000,51,103001000414000001,,,0,1100000000000000317,414
9011010300100000,51,103001000418000001,,,0,1100000000000000317,418
9011010300100000,51,103001000420000001,,,0,1100000000000000317,420
9011010300100000,51,103001000424000001,,,0,1100000000000000317,424
9011010300100000,51,103001000452000001,,,0,1100000000000000312,452
9011010300100000,23,103001000010000001,,,0,1100000000000000311,10
9011010300100000,23,103001000016000001,,,0,1100000000000000311,16
9011010300100000,23,103001000022000001,,,0,1100000000000000311,22
9011010300100000,23,103001000026000001,,,0,1100000000000000311,26
9011010300100000,23,103001000028000001,,,0,1100000000000000319,28
9011010300100000,23,103001000046000001,,,0,1100000000000000319,46
9011010300100000,23,103001000052000001,,,0,1100000000000000319,52
9011010300100000,23,103001000056000001,,,0,1100000000000000319,56
9011010300100000,23,103001000058000001,,,0,1100000000000000319,58
9011010300100000,23,103001000072000001,,,0,1100000000000000319,72
9011010300100000,23,103001000084000001,,,0,1100000000000000319,84
9011010300100000,23,103001000094000001,,,0,1100000000000000319,94
9011010300100000,23,103001000096000001,,,0,1100000000000000319,96
9011010300100000,23,103001000098000001,,,0,1100000000000000319,98
9011010300100000,23,103001000108000001,,,0,1100000000000000319,108
9011010300100000,23,103001000120000001,,,0,1100000000000000311,120
9011010300100000,23,103001000122000001,,,0,1100000000000000311,122
9011010300100000,23,103001000124000001,,,0,1100000000000000311,124
9011010300100000,23,103001000132000001,,,0,1100000000000000311,132
9011010300100000,23,103001000136000001,,,0,1100000000000000311,136
9011010300100000,23,103001000138000001,,,0,1100000000000000311,138
9011010300100000,23,103001000142000001,,,0,1100000000000000319,142
9011010300100000,23,103001000158000001,,,0,1100000000000000318,158
9011010300100000,26,103001000164000001,,,0,1100000000000000318,164
9011010300100000,57,103001000164000002,,,0,1100000000000000318,164
9011010300100000,23,103001000166000001,,,0,1100000000000000312,166
9011010300100000,26,103001000170000002,,,0,1100000000000000312,170
9011010300100000,13,103001000200000001,,,0,1100000000000000312,200
9011010300100000,13,103001000204000001,,,0,1100000000000000312,204
9011010300100000,13,103001000216000001,,,0,1100000000000000314,216
9011010300100000,13,103001000218000001,,,0,1100000000000000314,218
9011010300100000,13,103001000236000001,,,0,1100000000000000314,236
9011010300100000,13,103001000240000001,,,0,1100000000000000314,240
9011010300100000,13,103001000242000001,,,0,1100000000000000314,242
9011010300100000,13,103001000248000001,,,0,1100000000000000315,248
9011010300100000,13,103001000260000001,,,0,1100000000000000315,260
9011010300100000,13,103001000270000001,,,0,1100000000000000315,270
9011010300100000,13,103001000284000001,,,0,1100000000000000315,284
9011010300100000,13,103001000292000001,,,0,1100000000000000315,292
9011010300100000,13,103001000296000001,,,0,1100000000000000314,296
9011010300100000,13,103001000308000001,,,0,1100000000000000314,308
9011010300100000,13,103001000316000001,,,0,1100000000000000316,316
9011010300100000,13,103001000318000001,,,0,1100000000000000316,318
9011010300100000,13,103001000326000001,,,0,1100000000000000316,326
9011010300100000,13,103001000340000001,,,0,1100000000000000312,340
9011010300100000,13,103001000342000001,,,0,1100000000000000312,342
9011010300100000,13,103001000348000001,,,0,1100000000000000313,348
9011010300100000,13,103001000352000001,,,0,1100000000000000313,352
9011010300100000,51,103001000366000001,,,0,1100000000000000312,366
9011010300100000,51,103001000378000001,,,0,1100000000000000312,378
9011010300100000,51,103001000386000001,,,0,1100000000000000316,386
9011010300100000,51,103001000398000001,,,0,1100000000000000317,398
9011010300100000,51,103001000428000001,,,0,1100000000000000316,428
9011010300100000,51,103001000432000001,,,0,1100000000000000316,432
9011010300100000,51,103001000442000001,,,0,1100000000000000312,442
9011010300100000,51,103001000450000001,,,0,1100000000000000312,450
9011010300100000,51,103001000454000001,,,0,1100000000000000312,454
9011010300100000,51,103001000456000001,,,0,1100000000000000312,456
9011010300100000,23,103001000006000001,,,0,1100000000000000311,6
9011010300100000,23,103001000008000001,,,0,1100000000000000311,8
9011010300100000,23,103001000018000001,,,0,1100000000000000311,18
9011010300100000,23,103001000032000001,,,0,1100000000000000319,32
9011010300100000,23,103001000042000001,,,0,1100000000000000319,42
9011010300100000,23,103001000044000001,,,0,1100000000000000319,44
9011010300100000,23,103001000066000001,,,0,1100000000000000319,66
9011010300100000,23,103001000068000001,,,0,1100000000000000319,68
9011010300100000,23,103001000070000001,,,0,1100000000000000319,70
9011010300100000,23,103001000082000001,,,0,1100000000000000319,82
9011010300100000,23,103001000100000001,,,0,1100000000000000319,100
9011010300100000,23,103001000102000001,,,0,1100000000000000319,102
9011010300100000,23,103001000104000001,,,0,1100000000000000319,104
9011010300100000,23,103001000106000001,,,0,1100000000000000319,106
9011010300100000,23,103001000114000001,,,0,1100000000000000311,114
9011010300100000,23,103001000126000001,,,0,1100000000000000311,126
9011010300100000,23,103001000130000001,,,0,1100000000000000311,130
9011010300100000,23,103001000134000001,,,0,1100000000000000311,134
9011010300100000,23,103001000148000001,,,0,1100000000000000319,148
9011010300100000,23,103001000152000001,,,0,1100000000000000319,152
9011010300100000,23,103001000154000001,,,0,1100000000000000319,154
9011010300100000,26,103001000160000001,,,0,1100000000000000318,160
9011010300100000,57,103001000160000002,,,0,1100000000000000318,160
9011010300100000,57,103001000168000002,,,0,1100000000000000312,168
9011010300100000,57,103001000172000002,,,0,1100000000000000312,172
9011010300100000,23,103001000174000001,,,0,1100000000000000312,174
9011010300100000,26,103001000176000001,,,0,1100000000000000312,176
9011010300100000,57,103001000176000002,,,0,1100000000000000312,176
9011010300100000,57,103001000178000002,,,0,1100000000000000312,178
9011010300100000,26,103001000186000001,,,0,1100000000000000313,186
9011010300100000,26,103001000188000001,,,0,1100000000000000313,188
9011010300100000,26,103001000192000001,,,0,1100000000000000313,192
9011010300100000,13,103001000196000001,,,0,1100000000000000312,196
9011010300100000,13,103001000198000001,,,0,1100000000000000312,198
9011010300100000,13,103001000220000001,,,0,1100000000000000314,220
9011010300100000,13,103001000222000001,,,0,1100000000000000314,222
9011010300100000,13,103001000224000001,,,0,1100000000000000314,224
9011010300100000,13,103001000234000001,,,0,1100000000000000314,234
9011010300100000,13,103001000238000001,,,0,1100000000000000314,238
9011010300100000,13,103001000244000001,,,0,1100000000000000314,244
9011010300100000,13,103001000250000001,,,0,1100000000000000315,250
9011010300100000,13,103001000252000001,,,0,1100000000000000315,252
9011010300100000,13,103001000256000001,,,0,1100000000000000315,256
9011010300100000,13,103001000258000001,,,0,1100000000000000315,258
9011010300100000,13,103001000274000001,,,0,1100000000000000315,274
9011010300100000,13,103001000278000001,,,0,1100000000000000315,278
9011010300100000,13,103001000282000001,,,0,1100000000000000315,282
9011010300100000,13,103001000288000001,,,0,1100000000000000315,288
9011010300100000,13,103001000290000001,,,0,1100000000000000315,290
9011010300100000,13,103001000298000001,,,0,1100000000000000314,298
9011010300100000,13,103001000302000001,,,0,1100000000000000314,302
9011010300100000,13,103001000324000001,,,0,1100000000000000316,324
9011010300100000,13,103001000328000001,,,0,1100000000000000316,328
9011010300100000,13,103001000334000001,,,0,1100000000000000312,334
9011010300100000,13,103001000350000001,,,0,1100000000000000313,350
9011010300100000,13,103001000354000001,,,0,1100000000000000313,354
9011010300100000,13,103001000356000001,,,0,1100000000000000313,356
9011010300100000,51,103001000368000001,,,0,1100000000000000312,368
9011010300100000,51,103001000372000001,,,0,1100000000000000312,372
9011010300100000,51,103001000380000001,,,0,1100000000000000316,380
9011010300100000,51,103001000382000001,,,0,1100000000000000316,382
9011010300100000,51,103001000400000001,,,0,1100000000000000317,400
9011010300100000,51,103001000402000001,,,0,1100000000000000317,402
9011010300100000,51,103001000406000001,,,0,1100000000000000317,406
9011010300100000,51,103001000410000001,,,0,1100000000000000317,410
9011010300100000,51,103001000412000001,,,0,1100000000000000317,412
9011010300100000,51,103001000416000001,,,0,1100000000000000317,416
9011010300100000,51,103001000436000001,,,0,1100000000000000312,436
9011010300100000,51,103001000438000001,,,0,1100000000000000312,438
9011010300100000,51,103001000444000001,,,0,1100000000000000312,444
9011010300100000,51,103001000448000001,,,0,1100000000000000312,448
9011010500200000,10,105002000111000001,,,1,1100000000000000564,111
9011010500200000,10,105002000123000001,,,1,1100000000000000563,123
9011010500200000,10,105002000129000001,,,1,1100000000000000563,129
9011010500200000,10,105002000133000001,,,1,1100000000000000563,133
9011010500200000,10,105002000135000001,,,1,1100000000000000563,135
9011010500200000,10,105002000139000001,,,1,1100000000000000563,139
9011010500200000,10,105002000141000001,,,1,1100000000000000562,141
9011010500200000,10,105002000153000001,,,1,1100000000000000562,153
9011010500200000,10,105002000157000001,,,1,1100000000000000561,157
9011010500200000,17,105002000165000001,,,1,1100000000000000559,165
9011010500200000,17,105002000175000001,,,1,1100000000000000562,175
9011010500200000,17,105002000181000001,,,1,1100000000000000562,181
9011010500200000,17,105002000187000001,,,1,1100000000000000562,187
9011010500200000,17,105002000197000001,,,1,1100000000000000560,197
9011010500200000,10,105002000107000001,,,1,1100000000000000558,107
9011010500200000,10,105002000119000001,,,1,1100000000000000563,119
9011010500200000,10,105002000131000001,,,1,1100000000000000563,131
9011010500200000,10,105002000161000001,,,1,1100000000000000560,161
9011010500200000,17,105002000167000001,,,1,1100000000000000559,167
9011010500200000,17,105002000171000001,,,1,1100000000000000562,171
9011010500200000,17,105002000177000001,,,1,1100000000000000562,177
9011010500200000,17,105002000183000001,,,1,1100000000000000562,183
9011010500200000,17,105002000185000001,,,1,1100000000000000562,185
9011010500200000,17,105002000191000001,,,1,1100000000000000562,191
9011010500200000,17,105002000195000001,,,1,1100000000000000561,195
9011010500200000,10,105002000109000001,,,1,1100000000000000558,109
9011010500200000,10,105002000115000001,,,1,1100000000000000563,115
9011010500200000,10,105002000117000001,,,1,1100000000000000563,117
9011010500200000,10,105002000125000001,,,1,1100000000000000563,125
9011010500200000,10,105002000127000001,,,1,1100000000000000563,127
9011010500200000,10,105002000143000001,,,1,1100000000000000562,143
9011010500200000,10,105002000145000001,,,1,1100000000000000562,145
9011010500200000,10,105002000147000001,,,1,1100000000000000562,147
9011010500200000,10,105002000155000001,,,1,1100000000000000562,155
9011010500200000,10,105002000159000001,,,1,1100000000000000560,159
9011010500200000,17,105002000179000001,,,1,1100000000000000562,179
9011010500200000,17,105002000189000001,,,1,1100000000000000562,189
9011010500200000,17,105002000193000001,,,1,1100000000000000562,193
9011010500200000,10,105002000113000001,,,1,1100000000000000563,113
9011010500200000,10,105002000121000001,,,1,1100000000000000563,121
9011010500200000,10,105002000137000001,,,1,1100000000000000563,137
9011010500200000,10,105002000149000001,,,1,1100000000000000562,149
9011010500200000,10,105002000151000001,,,1,1100000000000000562,151
9011010500200000,10,105002000163000001,,,1,1100000000000000560,163
9011010500200000,17,105002000169000001,,,1,1100000000000000562,169
9011010500200000,17,105002000173000001,,,1,1100000000000000562,173
9011010500200000,10,105002000134000001,,,0,1100000000000000570,134
9011010500200000,10,105002000136000001,,,0,1100000000000000571,136
9011010500200000,10,105002000140000001,,,0,1100000000000000571,140
9011010500200000,10,105002000142000001,,,0,1100000000000000570,142
9011010500200000,10,105002000144000001,,,0,1100000000000000571,144
9011010500200000,10,105002000150000001,,,0,1100000000000000570,150
9011010500200000,10,105002000156000001,,,0,1100000000000000569,156
9011010500200000,10,105002000164000001,,,0,1100000000000000569,164
9011010500200000,10,105002000166000001,,,0,1100000000000000569,166
9011010500200000,10,105002000168000001,,,0,1100000000000000569,168
9011010500200000,10,105002000170000001,,,0,1100000000000000569,170
9011010500200000,10,105002000174000001,,,0,1100000000000000567,174
9011010500200000,10,105002000182000001,,,0,1100000000000000566,182
9011010500200000,17,105002000186000001,,,0,1100000000000000568,186
9011010500200000,17,105002000190000001,,,0,1100000000000000569,190
9011010500200000,17,105002000192000001,,,0,1100000000000000569,192
9011010500200000,17,105002000200000001,,,0,1100000000000000568,200
9011010500200000,17,105002000204000001,,,0,1100000000000000569,204
9011010500200000,17,105002000208000001,,,0,1100000000000000568,208
9011010500200000,17,105002000214000001,,,0,1100000000000000569,214
9011010500200000,10,105002000126000001,,,0,1100000000000000571,126
9011010500200000,10,105002000162000001,,,0,1100000000000000568,162
9011010500200000,17,105002000206000001,,,0,1100000000000000569,206
9011010500200000,10,105002000128000001,,,0,1100000000000000570,128
9011010500200000,10,105002000148000001,,,0,1100000000000000571,148
9011010500200000,10,105002000154000001,,,0,1100000000000000571,154
9011010500200000,10,105002000158000001,,,0,1100000000000000569,158
9011010500200000,17,105002000184000001,,,0,1100000000000000569,184
9011010500200000,17,105002000188000001,,,0,1100000000000000569,188
9011010500200000,17,105002000194000001,,,0,1100000000000000568,194
9011010500200000,17,105002000212000001,,,0,1100000000000000569,212
9011010500200000,10,105002000124000001,,,0,1100000000000000571,124
9011010500200000,10,105002000130000001,,,0,1100000000000000571,130
9011010500200000,10,105002000132000001,,,0,1100000000000000571,132
9011010500200000,10,105002000138000001,,,0,1100000000000000571,138
9011010500200000,10,105002000146000001,,,0,1100000000000000571,146
9011010500200000,10,105002000152000001,,,0,1100000000000000571,152
9011010500200000,10,105002000160000001,,,0,1100000000000000569,160
9011010500200000,10,105002000172000001,,,0,1100000000000000568,172
9011010500200000,10,105002000176000001,,,0,1100000000000000566,176
9011010500200000,10,105002000178000001,,,0,1100000000000000566,178
9011010500200000,10,105002000180000001,,,0,1100000000000000566,180
9011010500200000,17,105002000196000001,,,0,1100000000000000569,196
9011010500200000,17,105002000198000001,,,0,1100000000000000569,198
9011010500200000,17,105002000202000001,,,0,1100000000000000569,202
9011010500200000,17,105002000210000001,,,0,1100000000000000565,210
9011010500300000,10,105003000115000001,,,1,1100000000000000711,115
9011010500300000,10,105003000125000001,,,1,1100000000000000710,125
9011010500300000,10,105003000145000001,,,1,1100000000000000702,145
9011010500300000,10,105003000147000001,,,1,1100000000000000702,147
9011010500300000,10,105003000159000001,,,1,1100000000000000704,159
9011010500300000,10,105003000165000001,,,1,1100000000000000705,165
9011010500300000,10,105003000169000001,,,1,1100000000000000705,169
9011010500300000,17,105003000175000001,,,1,1100000000000000707,175
9011010500300000,17,105003000181000001,,,1,1100000000000000708,181
9011010500300000,17,105003000189000001,,,1,1100000000000000708,189
9011010500300000,17,105003000197000001,,,1,1100000000000000708,197
9011010500300000,17,105003000199000001,,,1,1100000000000000709,199
9011010500300000,10,105003000119000001,,,1,1100000000000000710,119
9011010500300000,10,105003000129000001,,,1,1100000000000000710,129
9011010500300000,10,105003000137000001,,,1,1100000000000000710,137
9011010500300000,10,105003000143000001,,,1,1100000000000000702,143
9011010500300000,10,105003000149000001,,,1,1100000000000000702,149
9011010500300000,10,105003000151000001,,,1,1100000000000000703,151
9011010500300000,10,105003000171000001,,,1,1100000000000000705,171
9011010500300000,10,105003000173000001,,,1,1100000000000000706,173
9011010500300000,10,105003000113000001,,,1,1100000000000000711,113
9011010500300000,10,105003000117000001,,,1,1100000000000000699,117
9011010500300000,10,105003000121000001,,,1,1100000000000000710,121
9011010500300000,10,105003000123000001,,,1,1100000000000000710,123
9011010500300000,10,105003000127000001,,,1,1100000000000000710,127
9011010500300000,10,105003000133000001,,,1,1100000000000000710,133
9011010500300000,10,105003000139000001,,,1,1100000000000000710,139
9011010500300000,10,105003000153000001,,,1,1100000000000000704,153
9011010500300000,10,105003000155000001,,,1,1100000000000000704,155
9011010500300000,10,105003000161000001,,,1,1100000000000000704,161
9011010500300000,10,105003000163000001,,,1,1100000000000000705,163
9011010500300000,17,105003000177000001,,,1,1100000000000000707,177
9011010500300000,17,105003000179000001,,,1,1100000000000000707,179
9011010500300000,17,105003000185000001,,,1,1100000000000000708,185
9011010500300000,17,105003000193000001,,,1,1100000000000000708,193
9011010500300000,17,105003000195000001,,,1,1100000000000000708,195
9011010500300000,17,105003000201000001,,,1,1100000000000000709,201
9011010500300000,17,105003000203000001,,,1,1100000000000000709,203
9011010500300000,10,105003000111000001,,,1,1100000000000000700,111
9011010500300000,10,105003000131000001,,,1,1100000000000000710,131
9011010500300000,10,105003000135000001,,,1,1100000000000000710,135
9011010500300000,10,105003000141000001,,,1,1100000000000000701,141
9011010500300000,10,105003000157000001,,,1,1100000000000000704,157
9011010500300000,10,105003000167000001,,,1,1100000000000000705,167
9011010500300000,17,105003000183000001,,,1,1100000000000000708,183
9011010500300000,17,105003000187000001,,,1,1100000000000000708,187
9011010500300000,17,105003000191000001,,,1,1100000000000000708,191
9011010500300000,17,105003000205000001,,,1,1100000000000000707,205
9011010500300000,17,105003000207000001,,,1,1100000000000000707,207
9011010500300000,10,105003000138000001,,,0,1100000000000000715,138
9011010500300000,10,105003000146000001,,,0,1100000000000000715,146
9011010500300000,10,105003000148000001,,,0,1100000000000000715,148
9011010500300000,10,105003000160000001,,,0,1100000000000000716,160
9011010500300000,10,105003000166000001,,,0,1100000000000000716,166
9011010500300000,10,105003000174000001,,,0,1100000000000000716,174
9011010500300000,10,105003000180000001,,,0,1100000000000000717,180
9011010500300000,17,105003000194000001,,,0,1100000000000000717,194
9011010500300000,17,105003000198000001,,,0,1100000000000000716,198
9011010500300000,17,105003000200000001,,,0,1100000000000000720,200
9011010500300000,17,105003000202000001,,,0,1100000000000000720,202
9011010500300000,17,105003000206000001,,,0,1100000000000000720,206
9011010500300000,17,105003000222000001,,,0,1100000000000000716,222
9011010500300000,10,105003000124000001,,,0,1100000000000000713,124
9011010500300000,10,105003000130000001,,,0,1100000000000000714,130
9011010500300000,10,105003000132000001,,,0,1100000000000000715,132
9011010500300000,10,105003000140000001,,,0,1100000000000000715,140
9011010500300000,10,105003000142000001,,,0,1100000000000000715,142
9011010500300000,10,105003000156000001,,,0,1100000000000000716,156
9011010500300000,10,105003000178000001,,,0,1100000000000000716,178
9011010500300000,10,105003000184000001,,,0,1100000000000000717,184
9011010500300000,17,105003000192000001,,,0,1100000000000000717,192
9011010500300000,17,105003000204000001,,,0,1100000000000000720,204
9011010500300000,17,105003000208000001,,,0,1100000000000000720,208
9011010500300000,17,105003000216000001,,,0,1100000000000000720,216
9011010500300000,10,105003000126000001,,,0,1100000000000000713,126
9011010500300000,10,105003000136000001,,,0,1100000000000000715,136
9011010500300000,10,105003000144000001,,,0,1100000000000000715,144
9011010500300000,10,105003000150000001,,,0,1100000000000000715,150
9011010500300000,10,105003000158000001,,,0,1100000000000000716,158
9011010500300000,10,105003000172000001,,,0,1100000000000000716,172
9011010500300000,10,105003000182000001,,,0,1100000000000000718,182
9011010500300000,10,105003000186000001,,,0,1100000000000000717,186
9011010500300000,10,105003000188000001,,,0,1100000000000000719,188
9011010500300000,17,105003000190000001,,,0,1100000000000000717,190
9011010500300000,17,105003000196000001,,,0,1100000000000000717,196
9011010500300000,17,105003000210000001,,,0,1100000000000000720,210
9011010500300000,17,105003000212000001,,,0,1100000000000000720,212
9011010500300000,17,105003000214000001,,,0,1100000000000000720,214
9011010500300000,17,105003000218000001,,,0,1100000000000000720,218
9011010500300000,17,105003000220000001,,,0,1100000000000000720,220
9011010500300000,10,105003000128000001,,,0,1100000000000000713,128
9011010500300000,10,105003000134000001,,,0,1100000000000000715,134
9011010500300000,10,105003000152000001,,,0,1100000000000000715,152
9011010500300000,10,105003000154000001,,,0,1100000000000000712,154
9011010500300000,10,105003000162000001,,,0,1100000000000000716,162
9011010500300000,10,105003000164000001,,,0,1100000000000000716,164
9011010500300000,10,105003000168000001,,,0,1100000000000000716,168
9011010500300000,10,105003000170000001,,,0,1100000000000000716,170
9011010500300000,10,105003000176000001,,,0,1100000000000000716,176
9011010500300000,17,105003000224000001,,,0,1100000000000000717,224
9011010500400000,10,105004000107000001,,,1,1100000000000000781,107
9011010500400000,10,105004000111000001,,,1,1100000000000000782,111
9011010500400000,10,105004000127000001,,,1,1100000000000000782,127
9011010500400000,10,105004000129000001,,,1,1100000000000000782,129
9011010500400000,10,105004000135000001,,,1,1100000000000000783,135
9011010500400000,10,105004000151000001,,,1,1100000000000000784,151
9011010500400000,10,105004000153000001,,,1,1100000000000000783,153
9011010500400000,17,105004000163000001,,,1,1100000000000000783,163
9011010500400000,17,105004000165000001,,,1,1100000000000000783,165
9011010500400000,17,105004000171000001,,,1,1100000000000000783,171
9011010500400000,17,105004000181000001,,,1,1100000000000000783,181
9011010500400000,17,105004000185000001,,,1,1100000000000000783,185
9011010500400000,17,105004000187000001,,,1,1100000000000000783,187
9011010500400000,17,105004000191000001,,,1,1100000000000000783,191
9011010500400000,10,105004000125000001,,,1,1100000000000000782,125
9011010500400000,10,105004000131000001,,,1,1100000000000000782,131
9011010500400000,10,105004000133000001,,,1,1100000000000000783,133
9011010500400000,10,105004000137000001,,,1,1100000000000000783,137
9011010500400000,10,105004000139000001,,,1,1100000000000000783,139
9011010500400000,10,105004000149000001,,,1,1100000000000000783,149
9011010500400000,17,105004000159000001,,,1,1100000000000000785,159
9011010500400000,17,105004000167000001,,,1,1100000000000000783,167
9011010500400000,17,105004000169000001,,,1,1100000000000000783,169
9011010500400000,17,105004000173000001,,,1,1100000000000000783,173
9011010500400000,17,105004000177000001,,,1,1100000000000000783,177
9011010500400000,10,105004000117000001,,,1,1100000000000000782,117
9011010500400000,10,105004000143000001,,,1,1100000000000000783,143
9011010500400000,10,105004000155000001,,,1,1100000000000000783,155
9011010500400000,17,105004000161000001,,,1,1100000000000000785,161
9011010500400000,17,105004000183000001,,,1,1100000000000000783,183
9011010500400000,10,105004000103000001,,,1,1100000000000000781,103
9011010500400000,10,105004000105000001,,,1,1100000000000000781,105
9011010500400000,10,105004000109000001,,,1,1100000000000000781,109
9011010500400000,10,105004000113000001,,,1,1100000000000000782,113
9011010500400000,10,105004000115000001,,,1,1100000000000000782,115
9011010500400000,10,105004000119000001,,,1,1100000000000000782,119
9011010500400000,10,105004000121000001,,,1,1100000000000000782,121
9011010500400000,10,105004000123000001,,,1,1100000000000000782,123
9011010500400000,10,105004000141000001,,,1,1100000000000000783,141
9011010500400000,10,105004000145000001,,,1,1100000000000000783,145
9011010500400000,10,105004000147000001,,,1,1100000000000000783,147
9011010500400000,10,105004000157000001,,,1,1100000000000000785,157
9011010500400000,17,105004000175000001,,,1,1100000000000000783,175
9011010500400000,17,105004000179000001,,,1,1100000000000000783,179
9011010500400000,17,105004000189000001,,,1,1100000000000000783,189
9011010500400000,10,105004000116000001,,,0,1100000000000000786,116
9011010500400000,10,105004000118000001,,,0,1100000000000000786,118
9011010500400000,10,105004000126000001,,,0,1100000000000000786,126
9011010500400000,10,105004000140000001,,,0,1100000000000000786,140
9011010500400000,10,105004000142000001,,,0,1100000000000000787,142
9011010500400000,10,105004000152000001,,,0,1100000000000000787,152
9011010500400000,10,105004000154000001,,,0,1100000000000000787,154
9011010500400000,10,105004000168000001,,,0,1100000000000000787,168
9011010500400000,17,105004000176000001,,,0,1100000000000000787,176
9011010500400000,17,105004000186000001,,,0,1100000000000000787,186
9011010500400000,17,105004000190000001,,,0,1100000000000000787,190
9011010500400000,17,105004000194000001,,,0,1100000000000000787,194
9011010500400000,17,105004000196000001,,,0,1100000000000000787,196
9011010500400000,17,105004000198000001,,,0,1100000000000000787,198
9011010500400000,17,105004000200000001,,,0,1100000000000000787,200
9011010500400000,10,105004000122000001,,,0,1100000000000000786,122
9011010500400000,10,105004000128000001,,,0,1100000000000000786,128
9011010500400000,10,105004000130000001,,,0,1100000000000000786,130
9011010500400000,10,105004000138000001,,,0,1100000000000000786,138
9011010500400000,10,105004000150000001,,,0,1100000000000000787,150
9011010500400000,10,105004000156000001,,,0,1100000000000000787,156
9011010500400000,10,105004000158000001,,,0,1100000000000000787,158
9011010500400000,10,105004000164000001,,,0,1100000000000000787,164
9011010500400000,10,105004000166000001,,,0,1100000000000000787,166
9011010500400000,10,105004000170000001,,,0,1100000000000000787,170
9011010500400000,17,105004000172000001,,,0,1100000000000000787,172
9011010500400000,17,105004000180000001,,,0,1100000000000000787,180
9011010500400000,17,105004000182000001,,,0,1100000000000000787,182
9011010500400000,17,105004000184000001,,,0,1100000000000000787,184
9011010500400000,17,105004000202000001,,,0,1100000000000000787,202
9011010500400000,10,105004000132000001,,,0,1100000000000000786,132
9011010500400000,10,105004000160000001,,,0,1100000000000000787,160
9011010500400000,10,105004000162000001,,,0,1100000000000000787,162
9011010500400000,17,105004000174000001,,,0,1100000000000000787,174
9011010500400000,17,105004000192000001,,,0,1100000000000000787,192
9011010500400000,10,105004000120000001,,,0,1100000000000000786,120
9011010500400000,10,105004000124000001,,,0,1100000000000000786,124
9011010500400000,10,105004000134000001,,,0,1100000000000000786,134
9011010500400000,10,105004000136000001,,,0,1100000000000000786,136
9011010500400000,10,105004000144000001,,,0,1100000000000000787,144
9011010500400000,10,105004000146000001,,,0,1100000000000000787,146
9011010500400000,10,105004000148000001,,,0,1100000000000000787,148
9011010500400000,17,105004000178000001,,,0,1100000000000000787,178
9011010500400000,17,105004000188000001,,,0,1100000000000000787,188
9011010500500000,10,105005000135000001,,,1,1100000000000000887,135
9011010500500000,10,105005000141000001,,,1,1100000000000000887,141
9011010500500000,10,105005000175000001,,,1,1100000000000000883,175
9011010500500000,10,105005000183000001,,,1,1100000000000000890,183
9011010500500000,10,105005000185000001,,,1,1100000000000000890,185
9011010500500000,17,105005000189000001,,,1,1100000000000000886,189
9011010500500000,17,105005000201000001,,,1,1100000000000000883,201
9011010500500000,10,105005000133000001,,,1,1100000000000000888,133
9011010500500000,10,105005000137000001,,,1,1100000000000000887,137
9011010500500000,10,105005000145000001,,,1,1100000000000000888,145
9011010500500000,10,105005000151000001,,,1,1100000000000000887,151
9011010500500000,10,105005000163000001,,,1,1100000000000000883,163
9011010500500000,10,105005000173000001,,,1,1100000000000000885,173
9011010500500000,10,105005000179000001,,,1,1100000000000000891,179
9011010500500000,17,105005000199000001,,,1,1100000000000000885,199
9011010500500000,17,105005000207000001,,,1,1100000000000000883,207
9011010500500000,17,105005000211000001,,,1,1100000000000000883,211
9011010500500000,17,105005000217000001,,,1,1100000000000000883,217
9011010500500000,10,105005000147000001,,,1,1100000000000000887,147
9011010500500000,10,105005000155000001,,,1,1100000000000000887,155
9011010500500000,10,105005000157000001,,,1,1100000000000000885,157
9011010500500000,10,105005000161000001,,,1,1100000000000000883,161
9011010500500000,10,105005000165000001,,,1,1100000000000000883,165
9011010500500000,10,105005000169000001,,,1,1100000000000000885,169
9011010500500000,10,105005000177000001,,,1,1100000000000000883,177
9011010500500000,10,105005000181000001,,,1,1100000000000000891,181
9011010500500000,10,105005000187000001,,,1,1100000000000000884,187
9011010500500000,17,105005000191000001,,,1,1100000000000000885,191
9011010500500000,17,105005000205000001,,,1,1100000000000000883,205
9011010500500000,17,105005000213000001,,,1,1100000000000000883,213
9011010500500000,10,105005000131000001,,,1,1100000000000000889,131
9011010500500000,10,105005000139000001,,,1,1100000000000000887,139
9011010500500000,10,105005000143000001,,,1,1100000000000000887,143
9011010500500000,10,105005000149000001,,,1,1100000000000000887,149
9011010500500000,10,105005000153000001,,,1,1100000000000000887,153
9011010500500000,10,105005000159000001,,,1,1100000000000000883,159
9011010500500000,10,105005000167000001,,,1,1100000000000000890,167
9011010500500000,10,105005000171000001,,,1,1100000000000000883,171
9011010500500000,17,105005000193000001,,,1,1100000000000000883,193
9011010500500000,17,105005000195000001,,,1,1100000000000000883,195
9011010500500000,17,105005000197000001,,,1,1100000000000000883,197
9011010500500000,17,105005000203000001,,,1,1100000000000000883,203
9011010500500000,17,105005000209000001,,,1,1100000000000000883,209
9011010500500000,17,105005000215000001,,,1,1100000000000000885,215
9011010500500000,10,105005000130000001,,,0,1100000000000000894,130
9011010500500000,10,105005000132000001,,,0,1100000000000000894,132
9011010500500000,10,105005000134000001,,,0,1100000000000000894,134
9011010500500000,10,105005000152000001,,,0,1100000000000000895,152
9011010500500000,10,105005000156000001,,,0,1100000000000000896,156
9011010500500000,10,105005000158000001,,,0,1100000000000000896,158
9011010500500000,10,105005000162000001,,,0,1100000000000000896,162
9011010500500000,10,105005000170000001,,,0,1100000000000000897,170
9011010500500000,10,105005000174000001,,,0,1100000000000000897,174
9011010500500000,10,105005000176000001,,,0,1100000000000000897,176
9011010500500000,17,105005000182000001,,,0,1100000000000000896,182
9011010500500000,17,105005000184000001,,,0,1100000000000000896,184
9011010500500000,17,105005000188000001,,,0,1100000000000000892,188
9011010500500000,17,105005000202000001,,,0,1100000000000000896,202
9011010500500000,10,105005000140000001,,,0,1100000000000000894,140
9011010500500000,10,105005000172000001,,,0,1100000000000000897,172
9011010500500000,10,105005000178000001,,,0,1100000000000000898,178
9011010500500000,17,105005000180000001,,,0,1100000000000000892,180
9011010500500000,17,105005000190000001,,,0,1100000000000000896,190
9011010500500000,17,105005000194000001,,,0,1100000000000000896,194
9011010500500000,17,105005000196000001,,,0,1100000000000000896,196
9011010500500000,10,105005000124000001,,,0,1100000000000000893,124
9011010500500000,10,105005000128000001,,,0,1100000000000000894,128
9011010500500000,10,105005000136000001,,,0,1100000000000000893,136
9011010500500000,10,105005000138000001,,,0,1100000000000000894,138
9011010500500000,10,105005000144000001,,,0,1100000000000000894,144
9011010500500000,10,105005000146000001,,,0,1100000000000000894,146
9011010500500000,10,105005000154000001,,,0,1100000000000000896,154
9011010500500000,10,105005000164000001,,,0,1100000000000000892,164
9011010500500000,17,105005000186000001,,,0,1100000000000000896,186
9011010500500000,17,105005000200000001,,,0,1100000000000000896,200
9011010500500000,17,105005000206000001,,,0,1100000000000000896,206
9011010500500000,10,105005000126000001,,,0,1100000000000000894,126
9011010500500000,10,105005000142000001,,,0,1100000000000000894,142
9011010500500000,10,105005000148000001,,,0,1100000000000000893,148
9011010500500000,10,105005000150000001,,,0,1100000000000000894,150
9011010500500000,10,105005000160000001,,,0,1100000000000000892,160
9011010500500000,10,105005000166000001,,,0,1100000000000000896,166
9011010500500000,10,105005000168000001,,,0,1100000000000000896,168
9011010500500000,17,105005000192000001,,,0,1100000000000000896,192
9011010500500000,17,105005000198000001,,,0,1100000000000000896,198
9011010500500000,17,105005000204000001,,,0,1100000000000000892,204
9011010500600000,10,105006000103000001,,,1,1100000000000001045,103
9011010500600000,10,105006000107000001,,,1,1100000000000001045,107
9011010500600000,10,105006000125000001,,,1,1100000000000001042,125
9011010500600000,10,105006000135000001,,,1,1100000000000001043,135
9011010500600000,17,105006000173000001,,,1,1100000000000001043,173
9011010500600000,17,105006000177000001,,,1,1100000000000001043,177
9011010500600000,10,105006000101000001,,,1,1100000000000001045,101
9011010500600000,10,105006000127000001,,,1,1100000000000001042,127
9011010500600000,10,105006000129000001,,,1,1100000000000001042,129
9011010500600000,10,105006000133000001,,,1,1100000000000001042,133
9011010500600000,10,105006000139000001,,,1,1100000000000001043,139
9011010500600000,10,105006000143000001,,,1,1100000000000001044,143
9011010500600000,10,105006000145000001,,,1,1100000000000001044,145
9011010500600000,10,105006000147000001,,,1,1100000000000001044,147
9011010500600000,10,105006000153000001,,,1,1100000000000001044,153
9011010500600000,17,105006000169000001,,,1,1100000000000001043,169
9011010500600000,17,105006000179000001,,,1,1100000000000001041,179
9011010500600000,17,105006000181000001,,,1,1100000000000001041,181
9011010500600000,10,105006000105000001,,,1,1100000000000001045,105
9011010500600000,10,105006000109000001,,,1,1100000000000001042,109
9011010500600000,10,105006000119000001,,,1,1100000000000001042,119
9011010500600000,10,105006000131000001,,,1,1100000000000001042,131
9011010500600000,10,105006000141000001,,,1,1100000000000001046,141
9011010500600000,10,105006000149000001,,,1,1100000000000001044,149
9011010500600000,10,105006000151000001,,,1,1100000000000001044,151
9011010500600000,17,105006000159000001,,,1,1100000000000001046,159
9011010500600000,17,105006000163000001,,,1,1100000000000001043,163
9011010500600000,17,105006000165000001,,,1,1100000000000001043,165
9011010500600000,17,105006000175000001,,,1,1100000000000001043,175
9011010500600000,10,105006000111000001,,,1,1100000000000001042,111
9011010500600000,10,105006000113000001,,,1,1100000000000001042,113
9011010500600000,10,105006000115000001,,,1,1100000000000001042,115
9011010500600000,10,105006000117000001,,,1,1100000000000001042,117
9011010500600000,10,105006000121000001,,,1,1100000000000001042,121
9011010500600000,10,105006000123000001,,,1,1100000000000001042,123
9011010500600000,10,105006000137000001,,,1,1100000000000001043,137
9011010500600000,17,105006000157000001,,,1,1100000000000001046,157
9011010500600000,17,105006000161000001,,,1,1100000000000001043,161
9011010500600000,17,105006000167000001,,,1,1100000000000001043,167
9011010500600000,17,105006000171000001,,,1,1100000000000001043,171
9011010500600000,17,105006000183000001,,,1,1100000000000001044,183
9011010500600000,17,105006000185000001,,,1,1100000000000001044,185
9011010500600000,10,105006000136000001,,,0,1100000000000001052,136
9011010500600000,10,105006000138000001,,,0,1100000000000001052,138
9011010500600000,10,105006000154000001,,,0,1100000000000001050,154
9011010500600000,10,105006000158000001,,,0,1100000000000001050,158
9011010500600000,10,105006000172000001,,,0,1100000000000001049,172
9011010500600000,17,105006000174000001,,,0,1100000000000001050,174
9011010500600000,17,105006000176000001,,,0,1100000000000001050,176
9011010500600000,17,105006000180000001,,,0,1100000000000001048,180
9011010500600000,17,105006000192000001,,,0,1100000000000001048,192
9011010500600000,17,105006000200000001,,,0,1100000000000001050,200
9011010500600000,10,105006000116000001,,,0,1100000000000001052,116
9011010500600000,10,105006000126000001,,,0,1100000000000001052,126
9011010500600000,10,105006000132000001,,,0,1100000000000001052,132
9011010500600000,10,105006000144000001,,,0,1100000000000001052,144
9011010500600000,10,105006000152000001,,,0,1100000000000001050,152
9011010500600000,10,105006000170000001,,,0,1100000000000001049,170
9011010500600000,17,105006000182000001,,,0,1100000000000001048,182
9011010500600000,17,105006000196000001,,,0,1100000000000001048,196
9011010500600000,17,105006000204000001,,,0,1100000000000001051,204
9011010500600000,10,105006000124000001,,,0,1100000000000001052,124
9011010500600000,10,105006000140000001,,,0,1100000000000001052,140
9011010500600000,10,105006000146000001,,,0,1100000000000001052,146
9011010500600000,10,105006000150000001,,,0,1100000000000001050,150
9011010500600000,10,105006000168000001,,,0,1100000000000001049,168
9011010500600000,17,105006000184000001,,,0,1100000000000001048,184
9011010500600000,17,105006000186000001,,,0,1100000000000001048,186
9011010500600000,17,105006000194000001,,,0,1100000000000001048,194
9011010500600000,17,105006000198000001,,,0,1100000000000001048,198
9011010500600000,10,105006000114000001,,,0,1100000000000001047,114
9011010500600000,10,105006000118000001,,,0,1100000000000001052,118
9011010500600000,10,105006000120000001,,,0,1100000000000001052,120
9011010500600000,10,105006000122000001,,,0,1100000000000001052,122
9011010500600000,10,105006000128000001,,,0,1100000000000001052,128
9011010500600000,10,105006000130000001,,,0,1100000000000001052,130
9011010500600000,10,105006000134000001,,,0,1100000000000001052,134
9011010500600000,10,105006000142000001,,,0,1100000000000001052,142
9011010500600000,10,105006000148000001,,,0,1100000000000001050,148
9011010500600000,10,105006000156000001,,,0,1100000000000001050,156
9011010500600000,10,105006000160000001,,,0,1100000000000001050,160
9011010500600000,10,105006000162000001,,,0,1100000000000001050,162
9011010500600000,10,105006000164000001,,,0,1100000000000001050,164
9011010500600000,10,105006000166000001,,,0,1100000000000001049,166
9011010500600000,17,105006000178000001,,,0,1100000000000001048,178
9011010500600000,17,105006000188000001,,,0,1100000000000001048,188
9011010500600000,17,105006000190000001,,,0,1100000000000001048,190
9011010500600000,17,105006000202000001,,,0,1100000000000001050,202
9011010515000000,17,105150000059000001,,,1,1100000000000000161,59
9011010515000000,17,105150000063000001,,,1,1100000000000000158,63
9011010515000000,10,105150000039000001,,,1,1100000000000000155,39
9011010515000000,10,105150000055000001,,,1,1100000000000000159,55
9011010515000000,17,105150000071000001,,,1,1100000000000000157,71
9011010515000000,17,105150000073000001,,,1,1100000000000000158,73
9011010515000000,17,105150000075000001,,,1,1100000000000000159,75
9011010515000000,10,105150000047000001,,,1,1100000000000000155,47
9011010515000000,10,105150000051000001,,,1,1100000000000000158,51
9011010515000000,10,105150000057000001,,,1,1100000000000000160,57
9011010515000000,17,105150000061000001,,,1,1100000000000000158,61
9011010515000000,17,105150000065000001,,,1,1100000000000000158,65
9011010515000000,17,105150000067000001,,,1,1100000000000000157,67
9011010515000000,10,105150000037000001,,,1,1100000000000000154,37
9011010515000000,10,105150000041000001,,,1,1100000000000000155,41
9011010515000000,10,105150000043000001,,,1,1100000000000000155,43
9011010515000000,10,105150000045000001,,,1,1100000000000000156,45
9011010515000000,10,105150000049000001,,,1,1100000000000000157,49
9011010515000000,10,105150000053000001,,,1,1100000000000000159,53
9011010515000000,17,105150000069000001,,,1,1100000000000000158,69
9011010515000000,17,105150000077000001,,,1,1100000000000000162,77
9011010515000000,10,105150000042000001,,,0,1100000000000000165,42
9011010515000000,10,105150000052000001,,,0,1100000000000000165,52
9011010515000000,10,105150000054000001,,,0,1100000000000000166,54
9011010515000000,10,105150000056000001,,,0,1100000000000000167,56
9011010515000000,10,105150000058000001,,,0,1100000000000000168,58
9011010515000000,17,105150000066000001,,,0,1100000000000000170,66
9011010515000000,10,105150000046000001,,,0,1100000000000000164,46
9011010515000000,10,105150000062000001,,,0,1100000000000000168,62
9011010515000000,17,105150000070000001,,,0,1100000000000000166,70
9011010515000000,17,105150000072000001,,,0,1100000000000000170,72
9011010515000000,17,105150000074000001,,,0,1100000000000000166,74
9011010515000000,17,105150000078000001,,,0,1100000000000000166,78
9011010515000000,10,105150000044000001,,,0,1100000000000000163,44
9011010515000000,10,105150000048000001,,,0,1100000000000000165,48
9011010515000000,10,105150000060000001,,,0,1100000000000000168,60
9011010515000000,17,105150000076000001,,,0,1100000000000000170,76
9011010515000000,17,105150000080000001,,,0,1100000000000000167,80
9011010515000000,17,105150000082000001,,,0,1100000000000000172,82
9011010515000000,10,105150000050000001,,,0,1100000000000000164,50
9011010515000000,10,105150000064000001,,,0,1100000000000000169,64
9011010515000000,17,105150000068000001,,,0,1100000000000000171,68
9011010550000000,10,105500000023000001,,,1,1100000000000000794,23
9011010550000000,10,105500000025000001,,,1,1100000000000000794,25
9011010550000000,10,105500000021000001,,,1,1100000000000000794,21
9011010550000000,10,105500000027000001,,,1,1100000000000000794,27
9011010550000000,17,105500000033000001,,,1,1100000000000000794,33
9011010550000000,17,105500000029000001,,,1,1100000000000000794,29
9011010550000000,17,105500000031000001,,,1,1100000000000000794,31
9011010550000000,10,105500000022000001,,,0,1100000000000000795,22
9011010550000000,17,105500000034000001,,,0,1100000000000000795,34
9011010550000000,10,105500000024000001,,,0,1100000000000000795,24
9011010550000000,10,105500000028000001,,,0,1100000000000000795,28
9011010550000000,17,105500000032000001,,,0,1100000000000000795,32
9011010550000000,10,105500000026000001,,,0,1100000000000000795,26
9011010550000000,17,105500000030000001,,,0,1100000000000000795,30
9011010600900000,32,106009000005000001,,,1,1100000000000001117,5
9011010600900000,32,106009000033000001,,,1,1100000000000001117,33
9011010600900000,32,106009000045000001,,,1,1100000000000001117,45
9011010600900000,32,106009000049000001,,,1,1100000000000001117,49
9011010600900000,32,106009000073000001,,,1,1100000000000001117,73
9011010600900000,32,106009000113000001,,,1,1100000000000001117,113
9011010600900000,32,106009000133000001,,,1,1100000000000001117,133
9011010600900000,32,106009000141000001,,,1,1100000000000001117,141
9011010600900000,32,106009000145000001,,,1,1100000000000001117,145
9011010600900000,32,106009000149000001,,,1,1100000000000001117,149
9011010600900000,32,106009000197000001,,,1,1100000000000001117,197
9011010600900000,32,106009000209000001,,,1,1100000000000001117,209
9011010600900000,32,106009000233000001,,,1,1100000000000001117,233
9011010600900000,32,106009000253000001,,,1,1100000000000001117,253
9011010600900000,32,106009000013000001,,,1,1100000000000001117,13
9011010600900000,32,106009000017000001,,,1,1100000000000001117,17
9011010600900000,32,106009000021000001,,,1,1100000000000001117,21
9011010600900000,32,106009000025000001,,,1,1100000000000001117,25
9011010600900000,32,106009000077000001,,,1,1100000000000001117,77
9011010600900000,32,106009000081000001,,,1,1100000000000001117,81
9011010600900000,32,106009000085000001,,,1,1100000000000001117,85
9011010600900000,32,106009000089000001,,,1,1100000000000001117,89
9011010600900000,32,106009000097000001,,,1,1100000000000001117,97
9011010600900000,32,106009000105000001,,,1,1100000000000001117,105
9011010600900000,32,106009000153000001,,,1,1100000000000001117,153
9011010600900000,32,106009000165000001,,,1,1100000000000001117,165
9011010600900000,32,106009000193000001,,,1,1100000000000001117,193
9011010600900000,32,106009000205000001,,,1,1100000000000001117,205
9011010600900000,32,106009000213000001,,,1,1100000000000001117,213
9011010600900000,32,106009000217000001,,,1,1100000000000001117,217
9011010600900000,32,106009000225000001,,,1,1100000000000001117,225
9011010600900000,32,106009000245000001,,,1,1100000000000001117,245
9011010600900000,32,106009000029000001,,,1,1100000000000001117,29
9011010600900000,32,106009000041000001,,,1,1100000000000001117,41
9011010600900000,32,106009000053000001,,,1,1100000000000001117,53
9011010600900000,32,106009000065000001,,,1,1100000000000001117,65
9011010600900000,32,106009000069000001,,,1,1100000000000001117,69
9011010600900000,32,106009000093000001,,,1,1100000000000001117,93
9011010600900000,32,106009000101000001,,,1,1100000000000001117,101
9011010600900000,32,106009000125000001,,,1,1100000000000001117,125
9011010600900000,32,106009000137000001,,,1,1100000000000001117,137
9011010600900000,32,106009000173000001,,,1,1100000000000001117,173
9011010600900000,32,106009000177000001,,,1,1100000000000001117,177
9011010600900000,32,106009000181000001,,,1,1100000000000001117,181
9011010600900000,32,106009000189000001,,,1,1100000000000001117,189
9011010600900000,32,106009000201000001,,,1,1100000000000001117,201
9011010600900000,32,106009000229000001,,,1,1100000000000001117,229
9011010600900000,32,106009000241000001,,,1,1100000000000001117,241
9011010600900000,32,106009000249000001,,,1,1100000000000001117,249
9011010600900000,32,106009000001000001,,,1,1100000000000001117,1
9011010600900000,32,106009000009000001,,,1,1100000000000001117,9
9011010600900000,32,106009000037000001,,,1,1100000000000001117,37
9011010600900000,32,106009000057000001,,,1,1100000000000001117,57
9011010600900000,32,106009000061000001,,,1,1100000000000001117,61
9011010600900000,32,106009000109000001,,,1,1100000000000001117,109
9011010600900000,32,106009000117000001,,,1,1100000000000001117,117
9011010600900000,32,106009000121000001,,,1,1100000000000001117,121
9011010600900000,32,106009000129000001,,,1,1100000000000001117,129
9011010600900000,32,106009000157000001,,,1,1100000000000001117,157
9011010600900000,32,106009000161000001,,,1,1100000000000001117,161
9011010600900000,32,106009000169000001,,,1,1100000000000001117,169
9011010600900000,32,106009000185000001,,,1,1100000000000001117,185
9011010600900000,32,106009000221000001,,,1,1100000000000001117,221
9011010600900000,32,106009000237000001,,,1,1100000000000001117,237
9011010605000000,62,106050000005000001,,,1,1100000000000000899,5
9011010605000000,40,106050000005000003,,,1,1100000000000000899,5
9011010605000000,64,106050000005000004,,,1,1100000000000000899,5
9011010605000000,32,106050000009000001,,,1,1100000000000000899,9
9011010605000000,40,106050000017000001,,,1,1100000000000000902,17
9011010605000000,29,106050000017000002,,,1,1100000000000000902,17
9011010605000000,65,106050000021000001,,,1,1100000000000000900,21
9011010605000000,68,106050000021000002,,,1,1100000000000000900,21
9011010605000000,41,106050000013000002,,,1,1100000000000000902,13
9011010605000000,62,106050000013000001,,,1,1100000000000000902,13
9011010605000000,65,106050000025000001,,,1,1100000000000000901,25
9011010605000000,65,106050000005000002,,,1,1100000000000000899,5
9011010605000000,68,106050000025000002,,,1,1100000000000000901,25
9011010605000000,68,106050000060000002,,,0,1100000000000000907,60
9011010605000000,41,106050000068000002,,,0,1100000000000000904,68
9011010605000000,62,106050000072000001,,,0,1100000000000000905,72
9011010605000000,65,106050000084000001,,,0,1100000000000000905,84
9011010605000000,83,106050000088000001,,,0,1100000000000000906,88
9011010605000000,40,106050000088000002,,,0,1100000000000000906,88
9011010605000000,62,106050000972000001,,,0,1100000000000000905,972
9011010605000000,32,106050000064000001,,,0,1100000000000000905,64
9011010605000000,62,106050000068000001,,,0,1100000000000000904,68
9011010605000000,65,106050000076000002,,,0,1100000000000000905,76
9011010605000000,41,106050000080000002,,,0,1100000000000000905,80
9011010605000000,68,106050000084000002,,,0,1100000000000000905,84
9011010605000000,65,106050000060000001,,,0,1100000000000000907,60
9011010605000000,41,106050000072000002,,,0,1100000000000000905,72
9011010605000000,62,106050000076000001,,,0,1100000000000000905,76
9011010605000000,107,106050000076000003,,,0,1100000000000000905,76
9011010605000000,62,106050000080000001,,,0,1100000000000000905,80
9011010605000000,62,106050000092000001,,,0,1100000000000000903,92
9011010605000000,64,106050000088000003,,,0,1100000000000000906,88
9011010605000000,41,106050000092000002,,,0,1100000000000000903,92
9011010650000000,62,106500000001000002,,,1,1100000000000000800,1
9011010650000000,32,106500000003000001,,,1,1100000000000000801,3
9011010650000000,32,106500000005000001,,,1,1100000000000000801,5
9011010650000000,62,106500000009000001,,,1,1100000000000000801,9
9011010650000000,41,106500000015000002,,,1,1100000000000000801,15
9011010650000000,87,106500000017000001,,,1,1100000000000000801,17
9011010650000000,173,106500000021000001,,,1,1100000000000000801,21
9011010650000000,173,106500000023000001,,,1,1100000000000000801,23
9011010650000000,173,106500000025000001,,,1,1100000000000000801,25
9011010650000000,41,106500000001000001,,,1,1100000000000000800,1
9011010650000000,32,106500000007000001,,,1,1100000000000000801,7
9011010650000000,174,106500000017000002,,,1,1100000000000000801,17
9011010650000000,32,106500000019000001,,,1,1100000000000000801,19
9011010650000000,41,106500000009000002,,,1,1100000000000000801,9
9011010650000000,87,106500000011000001,,,1,1100000000000000801,11
9011010650000000,174,106500000011000002,,,1,1100000000000000801,11
9011010650000000,32,106500000013000001,,,1,1100000000000000801,13
9011010650000000,62,106500000015000001,,,1,1100000000000000801,15
9011010650000000,173,106500000027000001,,,1,1100000000000000801,27
9011010650000000,175,106500000029000001,,,1,1100000000000000801,29
9011010650000000,175,106500000031000001,,,1,1100000000000000801,31
9011010650000000,175,106500000033000001,,,1,1100000000000000801,33
9011010650000000,32,106500000002000001,,,0,1100000000000000802,2
9011010650000000,42,106500000002000002,,,0,1100000000000000796,2
9011010650000000,42,106500000004000002,,,0,1100000000000000797,4
9011010650000000,32,106500000008000001,,,0,1100000000000000803,8
9011010650000000,174,106500000010000001,,,0,1100000000000000803,10
9011010650000000,87,106500000010000002,,,0,1100000000000000803,10
9011010650000000,32,106500000012000001,,,0,1100000000000000803,12
9011010650000000,174,106500000016000002,,,0,1100000000000000804,16
9011010650000000,42,106500000016000003,,,0,1100000000000000798,16
9011010650000000,42,106500000018000002,,,0,1100000000000000798,18
9011010650000000,62,106500000006000001,,,0,1100000000000000803,6
9011010650000000,41,106500000006000002,,,0,1100000000000000803,6
9011010650000000,42,106500000008000002,,,0,1100000000000000797,8
9011010650000000,62,106500000020000001,,,0,1100000000000000805,20
9011010650000000,42,106500000020000003,,,0,1100000000000000799,20
9011010650000000,32,106500000004000001,,,0,1100000000000000803,4
9011010650000000,42,106500000010000003,,,0,1100000000000000797,10
9011010650000000,41,106500000014000002,,,0,1100000000000000803,14
9011010650000000,42,106500000014000003,,,0,1100000000000000797,14
9011010650000000,87,106500000016000001,,,0,1100000000000000804,16
9011010650000000,173,106500000024000001,,,0,1100000000000000805,24
9011010650000000,173,106500000022000001,,,0,1100000000000000805,22
9011010650000000,173,106500000028000001,,,0,1100000000000000805,28
9011010650000000,175,106500000030000001,,,0,1100000000000000805,30
9011010650000000,173,106500000026000001,,,0,1100000000000000805,26
9011010650000000,175,106500000034000001,,,0,1100000000000000805,34
9011010650000000,42,106500000006000003,,,0,1100000000000000797,6
9011010650000000,42,106500000012000002,,,0,1100000000000000797,12
9011010650000000,62,106500000014000001,,,0,1100000000000000803,14
9011010650000000,32,106500000018000001,,,0,1100000000000000804,18
9011010650000000,41,106500000020000002,,,0,1100000000000000805,20
9011010650000000,175,106500000032000001,,,0,1100000000000000805,32
9011010660000000,68,106600000001000002,,,1,1100000000000000980,1
9011010660000000,119,106600000005000002,,,1,1100000000000000970,5
9011010660000000,68,106600000011000002,,,1,1100000000000000978,11
9011010660000000,32,106600000023000001,,,1,1100000000000000982,23
9011010660000000,32,106600000037000001,,,1,1100000000000000975,37
9011010660000000,68,106600000039000002,,,1,1100000000000000973,39
9011010660000000,32,106600000041000001,,,1,1100000000000000975,41
9011010660000000,32,106600000043000001,,,1,1100000000000000971,43
9011010660000000,174,106600000045000001,,,1,1100000000000000981,45
9011010660000000,87,106600000545000001,,,1,1100000000000000981,545
9011010660000000,65,106600000001000001,,,1,1100000000000000980,1
9011010660000000,124,106600000005000001,,,1,1100000000000000970,5
9011010660000000,65,106600000011000001,,,1,1100000000000000978,11
9011010660000000,32,106600000013000001,,,1,1100000000000000975,13
9011010660000000,87,106600000017000001,,,1,1100000000000000982,17
9011010660000000,68,106600000019000002,,,1,1100000000000000982,19
9011010660000000,65,106600000021000001,,,1,1100000000000000982,21
9011010660000000,65,106600000033000001,,,1,1100000000000000972,33
9011010660000000,32,106600000007000001,,,1,1100000000000000977,7
9011010660000000,32,106600000009000001,,,1,1100000000000000976,9
9011010660000000,32,106600000015000001,,,1,1100000000000000974,15
9011010660000000,32,106600000025000001,,,1,1100000000000000982,25
9011010660000000,65,106600000027000001,,,1,1100000000000000982,27
9011010660000000,68,106600000027000002,,,1,1100000000000000982,27
9011010660000000,65,106600000029000001,,,1,1100000000000000982,29
9011010660000000,32,106600000031000001,,,1,1100000000000000982,31
9011010660000000,68,106600000033000002,,,1,1100000000000000972,33
9011010660000000,32,106600000003000001,,,1,1100000000000000979,3
9011010660000000,174,106600000017000002,,,1,1100000000000000982,17
9011010660000000,65,106600000019000001,,,1,1100000000000000982,19
9011010660000000,68,106600000021000002,,,1,1100000000000000982,21
9011010660000000,68,106600000029000002,,,1,1100000000000000982,29
9011010660000000,32,106600000035000001,,,1,1100000000000000970,35
9011010660000000,65,106600000039000001,,,1,1100000000000000973,39
9011010660000000,32,106600000004000001,,,0,1100000000000000983,4
9011010660000000,65,106600000012000001,,,0,1100000000000000989,12
9011010660000000,68,106600000012000002,,,0,1100000000000000989,12
9011010660000000,65,106600000018000001,,,0,1100000000000000989,18
9011010660000000,65,106600000020000001,,,0,1100000000000000989,20
9011010660000000,68,106600000020000002,,,0,1100000000000000989,20
9011010660000000,32,106600000024000001,,,0,1100000000000000989,24
9011010660000000,65,106600000026000001,,,0,1100000000000000987,26
9011010660000000,68,106600000026000002,,,0,1100000000000000987,26
9011010660000000,32,106600000028000001,,,0,1100000000000000989,28
9011010660000000,32,106600000034000001,,,0,1100000000000000984,34
9011010660000000,68,106600000038000002,,,0,1100000000000000989,38
9011010660000000,68,106600000040000001,,,0,1100000000000000989,40
9011010660000000,89,106600000502000002,,,0,1100000000000000986,502
9011010660000000,87,106600000002000001,,,0,1100000000000000990,2
9011010660000000,65,106600000010000002,,,0,1100000000000000989,10
9011010660000000,32,106600000014000001,,,0,1100000000000000989,14
9011010660000000,32,106600000016000001,,,0,1100000000000000989,16
9011010660000000,68,106600000018000002,,,0,1100000000000000989,18
9011010660000000,65,106600000032000001,,,0,1100000000000000985,32
9011010660000000,32,106600000008000001,,,0,1100000000000000988,8
9011010660000000,68,106600000010000001,,,0,1100000000000000989,10
9011010660000000,32,106600000030000001,,,0,1100000000000000986,30
9011010660000000,32,106600000036000001,,,0,1100000000000000987,36
9011010660000000,65,106600000038000001,,,0,1100000000000000989,38
9011010660000000,65,106600000040000002,,,0,1100000000000000989,40
9011010660000000,174,106600000002000002,,,0,1100000000000000990,2
9011010660000000,87,106600000006000001,,,0,1100000000000000989,6
9011010660000000,174,106600000006000002,,,0,1100000000000000989,6
9011010660000000,32,106600000022000001,,,0,1100000000000000989,22
9011010660000000,68,106600000032000002,,,0,1100000000000000985,32
9011010660000000,90,106600000502000001,,,0,1100000000000000986,502
9011010700100000,87,107001000017000001,,,1,1100000000000000359,17
9011010700100000,87,107001000037000001,,,1,1100000000000000357,37
9011010700100000,87,107001000045000001,,,1,1100000000000000357,45
9011010700100000,87,107001000049000001,,,1,1100000000000000359,49
9011010700100000,87,107001000063000001,,,1,1100000000000000359,63
9011010700100000,87,107001000075000001,,,1,1100000000000000359,75
9011010700100000,87,107001000077000001,,,1,1100000000000000359,77
9011010700100000,87,107001000081000001,,,1,1100000000000000359,81
9011010700100000,87,107001000083000001,,,1,1100000000000000359,83
9011010700100000,87,107001000095000001,,,1,1100000000000000359,95
9011010700100000,87,107001000099000001,,,1,1100000000000000359,99
9011010700100000,87,107001000105000001,,,1,1100000000000000359,105
9011010700100000,87,107001000117000001,,,1,1100000000000000359,117
9011010700100000,87,107001000119000001,,,1,1100000000000000359,119
9011010700100000,87,107001000121000001,,,1,1100000000000000359,121
9011010700100000,87,107001000125000001,,,1,1100000000000000359,125
9011010700100000,87,107001000131000001,,,1,1100000000000000359,131
9011010700100000,87,107001000133000001,,,1,1100000000000000359,133
9011010700100000,87,107001000141000001,,,1,1100000000000000357,141
9011010700100000,87,107001000149000001,,,1,1100000000000000357,149
9011010700100000,86,107001000159000002,,,1,1100000000000000356,159
9011010700100000,87,107001000163000001,,,1,1100000000000000356,163
9011010700100000,81,107001000167000001,,,1,1100000000000000356,167
9011010700100000,86,107001000167000002,,,1,1100000000000000356,167
9011010700100000,81,107001000173000001,,,1,1100000000000000356,173
9011010700100000,86,107001000177000002,,,1,1100000000000000356,177
9011010700100000,87,107001000179000001,,,1,1100000000000000356,179
9011010700100000,81,107001000181000001,,,1,1100000000000000356,181
9011010700100000,81,107001000185000001,,,1,1100000000000000361,185
9011010700100000,67,107001000203000002,,,1,1100000000000000356,203
9011010700100000,47,107001000205000001,,,1,1100000000000000356,205
9011010700100000,47,107001000209000001,,,1,1100000000000000356,209
9011010700100000,47,107001000211000001,,,1,1100000000000000356,211
9011010700100000,47,107001000223000001,,,1,1100000000000000358,223
9011010700100000,47,107001000229000001,,,1,1100000000000000358,229
9011010700100000,47,107001000237000001,,,1,1100000000000000358,237
9011010700100000,47,107001000245000001,,,1,1100000000000000358,245
9011010700100000,45,107001000249000001,,,1,1100000000000000358,249
9011010700100000,47,107001000259000001,,,1,1100000000000000358,259
9011010700100000,47,107001000277000001,,,1,1100000000000000358,277
9011010700100000,47,107001000301000001,,,1,1100000000000000358,301
9011010700100000,67,107001000307000002,,,1,1100000000000000363,307
9011010700100000,67,107001000315000001,,,1,1100000000000000363,315
9011010700100000,67,107001000323000002,,,1,1100000000000000356,323
9011010700100000,87,107001000005000001,,,1,1100000000000000359,5
9011010700100000,87,107001000019000001,,,1,1100000000000000359,19
9011010700100000,87,107001000029000001,,,1,1100000000000000359,29
9011010700100000,87,107001000031000001,,,1,1100000000000000359,31
9011010700100000,87,107001000039000001,,,1,1100000000000000357,39
9011010700100000,87,107001000041000001,,,1,1100000000000000357,41
9011010700100000,87,107001000055000001,,,1,1100000000000000359,55
9011010700100000,87,107001000057000001,,,1,1100000000000000359,57
9011010700100000,87,107001000061000001,,,1,1100000000000000359,61
9011010700100000,87,107001000069000001,,,1,1100000000000000359,69
9011010700100000,87,107001000085000001,,,1,1100000000000000359,85
9011010700100000,87,107001000093000001,,,1,1100000000000000359,93
9011010700100000,87,107001000103000001,,,1,1100000000000000359,103
9011010700100000,87,107001000113000001,,,1,1100000000000000359,113
9011010700100000,87,107001000129000001,,,1,1100000000000000359,129
9011010700100000,87,107001000143000001,,,1,1100000000000000357,143
9011010700100000,87,107001000153000001,,,1,1100000000000000357,153
9011010700100000,87,107001000155000001,,,1,1100000000000000355,155
9011010700100000,81,107001000159000001,,,1,1100000000000000356,159
9011010700100000,86,107001000165000002,,,1,1100000000000000356,165
9011010700100000,86,107001000169000001,,,1,1100000000000000356,169
9011010700100000,81,107001000169000002,,,1,1100000000000000356,169
9011010700100000,86,107001000175000002,,,1,1100000000000000356,175
9011010700100000,81,107001000003000001,,,1,1100000000000000360,3
9011010700100000,86,107001000003000002,,,1,1100000000000000360,3
9011010700100000,87,107001000009000001,,,1,1100000000000000359,9
9011010700100000,87,107001000011000001,,,1,1100000000000000362,11
9011010700100000,87,107001000013000001,,,1,1100000000000000359,13
9011010700100000,87,107001000015000001,,,1,1100000000000000359,15
9011010700100000,87,107001000021000001,,,1,1100000000000000359,21
9011010700100000,87,107001000023000001,,,1,1100000000000000359,23
9011010700100000,87,107001000035000001,,,1,1100000000000000357,35
9011010700100000,87,107001000047000001,,,1,1100000000000000357,47
9011010700100000,87,107001000051000001,,,1,1100000000000000359,51
9011010700100000,87,107001000059000001,,,1,1100000000000000359,59
9011010700100000,87,107001000067000001,,,1,1100000000000000359,67
9011010700100000,87,107001000073000001,,,1,1100000000000000359,73
9011010700100000,87,107001000079000001,,,1,1100000000000000359,79
9011010700100000,87,107001000087000001,,,1,1100000000000000359,87
9011010700100000,87,107001000091000001,,,1,1100000000000000359,91
9011010700100000,87,107001000101000001,,,1,1100000000000000359,101
9011010700100000,87,107001000135000001,,,1,1100000000000000359,135
9011010700100000,87,107001000137000001,,,1,1100000000000000359,137
9011010700100000,87,107001000145000001,,,1,1100000000000000357,145
9011010700100000,87,107001000151000001,,,1,1100000000000000357,151
9011010700100000,81,107001000157000001,,,1,1100000000000000355,157
9011010700100000,81,107001000161000001,,,1,1100000000000000356,161
9011010700100000,81,107001000165000001,,,1,1100000000000000356,165
9011010700100000,86,107001000173000002,,,1,1100000000000000356,173
9011010700100000,81,107001000177000001,,,1,1100000000000000356,177
9011010700100000,81,107001000187000001,,,1,1100000000000000361,187
9011010700100000,47,107001000191000001,,,1,1100000000000000356,191
9011010700100000,47,107001000195000001,,,1,1100000000000000356,195
9011010700100000,47,107001000197000001,,,1,1100000000000000356,197
9011010700100000,87,107001000001000001,,,1,1100000000000000360,1
9011010700100000,87,107001000007000001,,,1,1100000000000000359,7
9011010700100000,87,107001000025000001,,,1,1100000000000000359,25
9011010700100000,87,107001000027000001,,,1,1100000000000000359,27
9011010700100000,87,107001000033000001,,,1,1100000000000000357,33
9011010700100000,87,107001000043000001,,,1,1100000000000000357,43
9011010700100000,87,107001000053000001,,,1,1100000000000000359,53
9011010700100000,87,107001000065000001,,,1,1100000000000000359,65
9011010700100000,87,107001000071000001,,,1,1100000000000000359,71
9011010700100000,87,107001000089000001,,,1,1100000000000000359,89
9011010700100000,87,107001000097000001,,,1,1100000000000000359,97
9011010700100000,87,107001000107000001,,,1,1100000000000000359,107
9011010700100000,87,107001000109000001,,,1,1100000000000000359,109
9011010700100000,87,107001000111000001,,,1,1100000000000000359,111
9011010700100000,87,107001000115000001,,,1,1100000000000000359,115
9011010700100000,87,107001000123000001,,,1,1100000000000000359,123
9011010700100000,87,107001000127000001,,,1,1100000000000000359,127
9011010700100000,87,107001000139000001,,,1,1100000000000000357,139
9011010700100000,87,107001000147000001,,,1,1100000000000000357,147
9011010700100000,86,107001000157000002,,,1,1100000000000000355,157
9011010700100000,86,107001000161000002,,,1,1100000000000000356,161
9011010700100000,87,107001000171000001,,,1,1100000000000000356,171
9011010700100000,81,107001000175000001,,,1,1100000000000000356,175
9011010700100000,86,107001000181000002,,,1,1100000000000000356,181
9011010700100000,81,107001000183000001,,,1,1100000000000000356,183
9011010700100000,86,107001000183000002,,,1,1100000000000000356,183
9011010700100000,81,107001000189000001,,,1,1100000000000000361,189
9011010700100000,47,107001000193000001,,,1,1100000000000000356,193
9011010700100000,47,107001000199000001,,,1,1100000000000000356,199
9011010700100000,45,107001000203000001,,,1,1100000000000000356,203
9011010700100000,47,107001000217000001,,,1,1100000000000000358,217
9011010700100000,47,107001000219000001,,,1,1100000000000000358,219
9011010700100000,47,107001000227000001,,,1,1100000000000000358,227
9011010700100000,45,107001000231000001,,,1,1100000000000000358,231
9011010700100000,47,107001000233000001,,,1,1100000000000000358,233
9011010700100000,47,107001000235000001,,,1,1100000000000000358,235
9011010700100000,47,107001000247000001,,,1,1100000000000000358,247
9011010700100000,67,107001000249000002,,,1,1100000000000000358,249
9011010700100000,47,107001000279000001,,,1,1100000000000000358,279
9011010700100000,47,107001000281000001,,,1,1100000000000000358,281
9011010700100000,47,107001000287000001,,,1,1100000000000000358,287
9011010700100000,47,107001000295000001,,,1,1100000000000000358,295
9011010700100000,47,107001000309000001,,,1,1100000000000000363,309
9011010700100000,47,107001000311000001,,,1,1100000000000000363,311
9011010700100000,45,107001000315000002,,,1,1100000000000000363,315
9011010700100000,67,107001000319000002,,,1,1100000000000000363,319
9011010700100000,47,107001000325000001,,,1,1100000000000000356,325
9011010700100000,47,107001000331000001,,,1,1100000000000000356,331
9011010700100000,77,107001000351000001,,,1,1100000000000000356,351
9011010700100000,77,107001000361000001,,,1,1100000000000000356,361
9011010700100000,77,107001000363000001,,,1,1100000000000000356,363
9011010700100000,77,107001000369000001,,,1,1100000000000000363,369
9011010700100000,77,107001000373000001,,,1,1100000000000000363,373
9011010700100000,77,107001000381000001,,,1,1100000000000000358,381
9011010700100000,77,107001000385000001,,,1,1100000000000000358,385
9011010700100000,77,107001000389000001,,,1,1100000000000000358,389
9011010700100000,77,107001000405000001,,,1,1100000000000000358,405
9011010700100000,77,107001000411000001,,,1,1100000000000000363,411
9011010700100000,77,107001000417000001,,,1,1100000000000000363,417
9011010700100000,77,107001000421000001,,,1,1100000000000000363,421
9011010700100000,77,107001000429000001,,,1,1100000000000000356,429
9011010700100000,77,107001000435000001,,,1,1100000000000000356,435
9011010700100000,76,107001000439000001,,,1,1100000000000000356,439
9011010700100000,53,107001000439000002,,,1,1100000000000000356,439
9011010700100000,47,107001000201000001,,,1,1100000000000000356,201
9011010700100000,47,107001000207000001,,,1,1100000000000000356,207
9011010700100000,47,107001000215000001,,,1,1100000000000000358,215
9011010700100000,47,107001000221000001,,,1,1100000000000000358,221
9011010700100000,47,107001000225000001,,,1,1100000000000000358,225
9011010700100000,67,107001000231000002,,,1,1100000000000000358,231
9011010700100000,47,107001000239000001,,,1,1100000000000000358,239
9011010700100000,47,107001000243000001,,,1,1100000000000000358,243
9011010700100000,47,107001000251000001,,,1,1100000000000000358,251
9011010700100000,47,107001000255000001,,,1,1100000000000000358,255
9011010700100000,67,107001000267000001,,,1,1100000000000000358,267
9011010700100000,47,107001000269000001,,,1,1100000000000000358,269
9011010700100000,47,107001000275000001,,,1,1100000000000000358,275
9011010700100000,67,107001000285000002,,,1,1100000000000000358,285
9011010700100000,47,107001000291000001,,,1,1100000000000000358,291
9011010700100000,47,107001000293000001,,,1,1100000000000000358,293
9011010700100000,47,107001000297000001,,,1,1100000000000000358,297
9011010700100000,47,107001000303000001,,,1,1100000000000000363,303
9011010700100000,47,107001000317000001,,,1,1100000000000000363,317
9011010700100000,45,107001000319000001,,,1,1100000000000000363,319
9011010700100000,67,107001000327000002,,,1,1100000000000000356,327
9011010700100000,45,107001000329000002,,,1,1100000000000000356,329
9011010700100000,67,107001000337000001,,,1,1100000000000000361,337
9011010700100000,77,107001000347000001,,,1,1100000000000000356,347
9011010700100000,77,107001000365000001,,,1,1100000000000000356,365
9011010700100000,77,107001000367000001,,,1,1100000000000000363,367
9011010700100000,77,107001000371000001,,,1,1100000000000000363,371
9011010700100000,77,107001000377000001,,,1,1100000000000000363,377
9011010700100000,77,107001000383000001,,,1,1100000000000000358,383
9011010700100000,77,107001000391000001,,,1,1100000000000000358,391
9011010700100000,77,107001000393000001,,,1,1100000000000000358,393
9011010700100000,53,107001000415000001,,,1,1100000000000000363,415
9011010700100000,76,107001000415000002,,,1,1100000000000000363,415
9011010700100000,77,107001000419000001,,,1,1100000000000000363,419
9011010700100000,76,107001000423000001,,,1,1100000000000000363,423
9011010700100000,53,107001000431000002,,,1,1100000000000000356,431
9011010700100000,77,107001000433000001,,,1,1100000000000000356,433
9011010700100000,77,107001000443000001,,,1,1100000000000000356,443
9011010700100000,47,107001000213000001,,,1,1100000000000000356,213
9011010700100000,47,107001000241000001,,,1,1100000000000000358,241
9011010700100000,47,107001000253000001,,,1,1100000000000000358,253
9011010700100000,47,107001000257000001,,,1,1100000000000000358,257
9011010700100000,47,107001000261000001,,,1,1100000000000000358,261
9011010700100000,47,107001000263000001,,,1,1100000000000000358,263
9011010700100000,47,107001000265000001,,,1,1100000000000000358,265
9011010700100000,45,107001000267000002,,,1,1100000000000000358,267
9011010700100000,47,107001000271000001,,,1,1100000000000000358,271
9011010700100000,47,107001000273000001,,,1,1100000000000000358,273
9011010700100000,47,107001000283000001,,,1,1100000000000000358,283
9011010700100000,45,107001000285000001,,,1,1100000000000000358,285
9011010700100000,47,107001000289000001,,,1,1100000000000000358,289
9011010700100000,47,107001000299000001,,,1,1100000000000000358,299
9011010700100000,47,107001000305000001,,,1,1100000000000000363,305
9011010700100000,45,107001000307000001,,,1,1100000000000000363,307
9011010700100000,47,107001000313000001,,,1,1100000000000000363,313
9011010700100000,47,107001000321000001,,,1,1100000000000000363,321
9011010700100000,45,107001000323000001,,,1,1100000000000000356,323
9011010700100000,45,107001000335000001,,,1,1100000000000000356,335
9011010700100000,77,107001000343000001,,,1,1100000000000000356,343
9011010700100000,77,107001000345000001,,,1,1100000000000000356,345
9011010700100000,77,107001000349000001,,,1,1100000000000000356,349
9011010700100000,77,107001000355000001,,,1,1100000000000000356,355
9011010700100000,77,107001000357000001,,,1,1100000000000000356,357
9011010700100000,77,107001000375000001,,,1,1100000000000000363,375
9011010700100000,77,107001000395000001,,,1,1100000000000000358,395
9011010700100000,77,107001000399000001,,,1,1100000000000000358,399
9011010700100000,77,107001000401000001,,,1,1100000000000000358,401
9011010700100000,77,107001000403000001,,,1,1100000000000000358,403
9011010700100000,77,107001000425000001,,,1,1100000000000000356,425
9011010700100000,77,107001000427000001,,,1,1100000000000000356,427
9011010700100000,76,107001000431000001,,,1,1100000000000000356,431
9011010700100000,76,107001000445000001,,,1,1100000000000000356,445
9011010700100000,76,107001000447000001,,,1,1100000000000000361,447
9011010700100000,45,107001000327000001,,,1,1100000000000000356,327
9011010700100000,67,107001000329000001,,,1,1100000000000000356,329
9011010700100000,45,107001000333000001,,,1,1100000000000000356,333
9011010700100000,67,107001000333000002,,,1,1100000000000000356,333
9011010700100000,67,107001000335000002,,,1,1100000000000000356,335
9011010700100000,67,107001000339000001,,,1,1100000000000000361,339
9011010700100000,67,107001000341000001,,,1,1100000000000000361,341
9011010700100000,77,107001000353000001,,,1,1100000000000000356,353
9011010700100000,77,107001000359000001,,,1,1100000000000000356,359
9011010700100000,77,107001000379000001,,,1,1100000000000000358,379
9011010700100000,77,107001000387000001,,,1,1100000000000000358,387
9011010700100000,77,107001000397000001,,,1,1100000000000000358,397
9011010700100000,77,107001000407000001,,,1,1100000000000000358,407
9011010700100000,77,107001000409000001,,,1,1100000000000000358,409
9011010700100000,77,107001000413000001,,,1,1100000000000000363,413
9011010700100000,53,107001000423000002,,,1,1100000000000000363,423
9011010700100000,77,107001000437000001,,,1,1100000000000000356,437
9011010700100000,77,107001000441000001,,,1,1100000000000000356,441
9011010700100000,76,107001000449000001,,,1,1100000000000000361,449
9011010700100000,77,107001000455000001,,,1,1100000000000000356,455
9011010700100000,76,107001000451000001,,,1,1100000000000000361,451
9011010700100000,47,107001000453000001,,,1,1100000000000000356,453
9011010700100000,81,107001000002000001,,,0,1100000000000000366,2
9011010700100000,87,107001000026000001,,,0,1100000000000000367,26
9011010700100000,87,107001000032000001,,,0,1100000000000000368,32
9011010700100000,87,107001000040000001,,,0,1100000000000000368,40
9011010700100000,87,107001000058000001,,,0,1100000000000000368,58
9011010700100000,87,107001000072000001,,,0,1100000000000000368,72
9011010700100000,87,107001000082000001,,,0,1100000000000000368,82
9011010700100000,87,107001000086000001,,,0,1100000000000000368,86
9011010700100000,87,107001000090000001,,,0,1100000000000000368,90
9011010700100000,87,107001000092000001,,,0,1100000000000000368,92
9011010700100000,87,107001000096000001,,,0,1100000000000000368,96
9011010700100000,87,107001000098000001,,,0,1100000000000000368,98
9011010700100000,87,107001000102000001,,,0,1100000000000000368,102
9011010700100000,87,107001000104000001,,,0,1100000000000000368,104
9011010700100000,87,107001000112000001,,,0,1100000000000000367,112
9011010700100000,87,107001000114000001,,,0,1100000000000000367,114
9011010700100000,87,107001000134000001,,,0,1100000000000000367,134
9011010700100000,86,107001000176000001,,,0,1100000000000000369,176
9011010700100000,87,107001000180000001,,,0,1100000000000000369,180
9011010700100000,47,107001000208000001,,,0,1100000000000000369,208
9011010700100000,47,107001000212000001,,,0,1100000000000000369,212
9011010700100000,47,107001000224000001,,,0,1100000000000000365,224
9011010700100000,47,107001000226000001,,,0,1100000000000000365,226
9011010700100000,47,107001000240000001,,,0,1100000000000000365,240
9011010700100000,47,107001000250000001,,,0,1100000000000000371,250
9011010700100000,47,107001000258000001,,,0,1100000000000000371,258
9011010700100000,47,107001000260000001,,,0,1100000000000000371,260
9011010700100000,47,107001000262000001,,,0,1100000000000000371,262
9011010700100000,45,107001000264000002,,,0,1100000000000000371,264
9011010700100000,47,107001000278000001,,,0,1100000000000000371,278
9011010700100000,67,107001000282000002,,,0,1100000000000000371,282
9011010700100000,47,107001000296000001,,,0,1100000000000000365,296
9011010700100000,45,107001000300000001,,,0,1100000000000000365,300
9011010700100000,47,107001000316000001,,,0,1100000000000000372,316
9011010700100000,67,107001000326000002,,,0,1100000000000000372,326
9011010700100000,87,107001000008000001,,,0,1100000000000000367,8
9011010700100000,87,107001000014000001,,,0,1100000000000000367,14
9011010700100000,87,107001000020000001,,,0,1100000000000000367,20
9011010700100000,87,107001000028000001,,,0,1100000000000000368,28
9011010700100000,87,107001000030000001,,,0,1100000000000000368,30
9011010700100000,87,107001000042000001,,,0,1100000000000000368,42
9011010700100000,87,107001000046000001,,,0,1100000000000000368,46
9011010700100000,87,107001000048000001,,,0,1100000000000000368,48
9011010700100000,87,107001000050000001,,,0,1100000000000000368,50
9011010700100000,87,107001000054000001,,,0,1100000000000000368,54
9011010700100000,87,107001000062000001,,,0,1100000000000000368,62
9011010700100000,87,107001000066000001,,,0,1100000000000000368,66
9011010700100000,87,107001000068000001,,,0,1100000000000000368,68
9011010700100000,87,107001000078000001,,,0,1100000000000000368,78
9011010700100000,87,107001000106000001,,,0,1100000000000000368,106
9011010700100000,87,107001000110000001,,,0,1100000000000000368,110
9011010700100000,87,107001000122000001,,,0,1100000000000000367,122
9011010700100000,87,107001000126000001,,,0,1100000000000000367,126
9011010700100000,87,107001000130000001,,,0,1100000000000000367,130
9011010700100000,87,107001000136000001,,,0,1100000000000000367,136
9011010700100000,87,107001000138000001,,,0,1100000000000000367,138
9011010700100000,87,107001000144000001,,,0,1100000000000000368,144
9011010700100000,87,107001000148000001,,,0,1100000000000000368,148
9011010700100000,87,107001000150000001,,,0,1100000000000000368,150
9011010700100000,87,107001000158000001,,,0,1100000000000000366,158
9011010700100000,81,107001000162000001,,,0,1100000000000000366,162
9011010700100000,86,107001000162000002,,,0,1100000000000000366,162
9011010700100000,86,107001000164000002,,,0,1100000000000000366,164
9011010700100000,81,107001000168000001,,,0,1100000000000000369,168
9011010700100000,86,107001000168000002,,,0,1100000000000000369,168
9011010700100000,81,107001000170000001,,,0,1100000000000000369,170
9011010700100000,81,107001000172000001,,,0,1100000000000000369,172
9011010700100000,87,107001000174000001,,,0,1100000000000000369,174
9011010700100000,81,107001000186000001,,,0,1100000000000000370,186
9011010700100000,87,107001000006000001,,,0,1100000000000000367,6
9011010700100000,87,107001000016000001,,,0,1100000000000000367,16
9011010700100000,87,107001000018000001,,,0,1100000000000000367,18
9011010700100000,87,107001000022000001,,,0,1100000000000000367,22
9011010700100000,87,107001000036000001,,,0,1100000000000000368,36
9011010700100000,87,107001000038000001,,,0,1100000000000000368,38
9011010700100000,87,107001000044000001,,,0,1100000000000000368,44
9011010700100000,87,107001000056000001,,,0,1100000000000000368,56
9011010700100000,87,107001000076000001,,,0,1100000000000000368,76
9011010700100000,87,107001000080000001,,,0,1100000000000000368,80
9011010700100000,87,107001000094000001,,,0,1100000000000000368,94
9011010700100000,87,107001000108000001,,,0,1100000000000000368,108
9011010700100000,87,107001000116000001,,,0,1100000000000000367,116
9011010700100000,87,107001000118000001,,,0,1100000000000000367,118
9011010700100000,87,107001000128000001,,,0,1100000000000000367,128
9011010700100000,87,107001000132000001,,,0,1100000000000000367,132
9011010700100000,87,107001000140000001,,,0,1100000000000000367,140
9011010700100000,87,107001000152000001,,,0,1100000000000000368,152
9011010700100000,87,107001000154000001,,,0,1100000000000000368,154
9011010700100000,81,107001000156000001,,,0,1100000000000000366,156
9011010700100000,86,107001000156000002,,,0,1100000000000000366,156
9011010700100000,81,107001000176000002,,,0,1100000000000000369,176
9011010700100000,81,107001000188000001,,,0,1100000000000000370,188
9011010700100000,81,107001000194000001,,,0,1100000000000000370,194
9011010700100000,47,107001000196000001,,,0,1100000000000000369,196
9011010700100000,47,107001000206000001,,,0,1100000000000000369,206
9011010700100000,86,107001000002000002,,,0,1100000000000000366,2
9011010700100000,87,107001000004000001,,,0,1100000000000000366,4
9011010700100000,87,107001000010000001,,,0,1100000000000000367,10
9011010700100000,87,107001000012000001,,,0,1100000000000000367,12
9011010700100000,87,107001000024000001,,,0,1100000000000000367,24
9011010700100000,87,107001000034000001,,,0,1100000000000000368,34
9011010700100000,87,107001000052000001,,,0,1100000000000000368,52
9011010700100000,87,107001000060000001,,,0,1100000000000000368,60
9011010700100000,87,107001000064000001,,,0,1100000000000000368,64
9011010700100000,87,107001000070000001,,,0,1100000000000000368,70
9011010700100000,87,107001000074000001,,,0,1100000000000000368,74
9011010700100000,87,107001000084000001,,,0,1100000000000000368,84
9011010700100000,87,107001000088000001,,,0,1100000000000000368,88
9011010700100000,87,107001000100000001,,,0,1100000000000000368,100
9011010700100000,87,107001000120000001,,,0,1100000000000000367,120
9011010700100000,87,107001000124000001,,,0,1100000000000000367,124
9011010700100000,87,107001000142000001,,,0,1100000000000000368,142
9011010700100000,87,107001000146000001,,,0,1100000000000000368,146
9011010700100000,81,107001000160000001,,,0,1100000000000000366,160
9011010700100000,86,107001000160000002,,,0,1100000000000000366,160
9011010700100000,81,107001000164000001,,,0,1100000000000000366,164
9011010700100000,87,107001000166000001,,,0,1100000000000000369,166
9011010700100000,86,107001000170000002,,,0,1100000000000000369,170
9011010700100000,86,107001000172000002,,,0,1100000000000000369,172
9011010700100000,86,107001000178000001,,,0,1100000000000000369,178
9011010700100000,81,107001000178000002,,,0,1100000000000000369,178
9011010700100000,81,107001000184000001,,,0,1100000000000000370,184
9011010700100000,81,107001000192000001,,,0,1100000000000000370,192
9011010700100000,47,107001000200000001,,,0,1100000000000000369,200
9011010700100000,47,107001000204000001,,,0,1100000000000000369,204
9011010700100000,47,107001000214000001,,,0,1100000000000000365,214
9011010700100000,47,107001000216000001,,,0,1100000000000000365,216
9011010700100000,67,107001000228000002,,,0,1100000000000000365,228
9011010700100000,47,107001000242000001,,,0,1100000000000000365,242
9011010700100000,47,107001000244000001,,,0,1100000000000000365,244
9011010700100000,67,107001000246000002,,,0,1100000000000000365,246
9011010700100000,47,107001000252000001,,,0,1100000000000000371,252
9011010700100000,47,107001000256000001,,,0,1100000000000000371,256
9011010700100000,47,107001000266000001,,,0,1100000000000000371,266
9011010700100000,47,107001000274000001,,,0,1100000000000000371,274
9011010700100000,47,107001000276000001,,,0,1100000000000000371,276
9011010700100000,47,107001000280000001,,,0,1100000000000000371,280
9011010700100000,47,107001000284000001,,,0,1100000000000000371,284
9011010700100000,47,107001000286000001,,,0,1100000000000000371,286
9011010700100000,47,107001000288000001,,,0,1100000000000000371,288
9011010700100000,47,107001000298000001,,,0,1100000000000000365,298
9011010700100000,67,107001000300000002,,,0,1100000000000000365,300
9011010700100000,47,107001000306000001,,,0,1100000000000000365,306
9011010700100000,45,107001000326000001,,,0,1100000000000000372,326
9011010700100000,67,107001000330000001,,,0,1100000000000000369,330
9011010700100000,47,107001000332000001,,,0,1100000000000000369,332
9011010700100000,67,107001000338000002,,,0,1100000000000000369,338
9011010700100000,47,107001000342000001,,,0,1100000000000000369,342
9011010700100000,45,107001000344000001,,,0,1100000000000000369,344
9011010700100000,67,107001000348000001,,,0,1100000000000000370,348
9011010700100000,67,107001000356000001,,,0,1100000000000000370,356
9011010700100000,77,107001000362000001,,,0,1100000000000000369,362
9011010700100000,77,107001000368000001,,,0,1100000000000000369,368
9011010700100000,77,107001000380000001,,,0,1100000000000000372,380
9011010700100000,77,107001000398000001,,,0,1100000000000000364,398
9011010700100000,77,107001000404000001,,,0,1100000000000000364,404
9011010700100000,77,107001000430000001,,,0,1100000000000000372,430
9011010700100000,53,107001000432000002,,,0,1100000000000000372,432
9011010700100000,77,107001000442000001,,,0,1100000000000000369,442
9011010700100000,53,107001000454000002,,,0,1100000000000000369,454
9011010700100000,77,107001000458000001,,,0,1100000000000000369,458
9011010700100000,76,107001000462000001,,,0,1100000000000000370,462
9011010700100000,76,107001000464000001,,,0,1100000000000000370,464
9011010700100000,76,107001000468000001,,,0,1100000000000000370,468
9011010700100000,76,107001000470000001,,,0,1100000000000000370,470
9011010700100000,81,107001000190000001,,,0,1100000000000000370,190
9011010700100000,47,107001000198000001,,,0,1100000000000000369,198
9011010700100000,47,107001000202000001,,,0,1100000000000000369,202
9011010700100000,45,107001000210000001,,,0,1100000000000000369,210
9011010700100000,47,107001000230000001,,,0,1100000000000000365,230
9011010700100000,47,107001000232000001,,,0,1100000000000000365,232
9011010700100000,47,107001000236000001,,,0,1100000000000000365,236
9011010700100000,45,107001000246000001,,,0,1100000000000000365,246
9011010700100000,67,107001000264000001,,,0,1100000000000000371,264
9011010700100000,47,107001000270000001,,,0,1100000000000000371,270
9011010700100000,47,107001000294000001,,,0,1100000000000000365,294
9011010700100000,47,107001000304000001,,,0,1100000000000000365,304
9011010700100000,47,107001000308000001,,,0,1100000000000000365,308
9011010700100000,47,107001000310000001,,,0,1100000000000000365,310
9011010700100000,47,107001000314000001,,,0,1100000000000000372,314
9011010700100000,45,107001000318000001,,,0,1100000000000000372,318
9011010700100000,67,107001000318000002,,,0,1100000000000000372,318
9011010700100000,47,107001000320000001,,,0,1100000000000000372,320
9011010700100000,47,107001000322000001,,,0,1100000000000000372,322
9011010700100000,45,107001000330000002,,,0,1100000000000000369,330
9011010700100000,47,107001000336000001,,,0,1100000000000000369,336
9011010700100000,67,107001000340000002,,,0,1100000000000000369,340
9011010700100000,67,107001000346000001,,,0,1100000000000000370,346
9011010700100000,77,107001000386000001,,,0,1100000000000000372,386
9011010700100000,77,107001000388000001,,,0,1100000000000000364,388
9011010700100000,77,107001000390000001,,,0,1100000000000000364,390
9011010700100000,77,107001000392000001,,,0,1100000000000000364,392
9011010700100000,77,107001000408000001,,,0,1100000000000000364,408
9011010700100000,77,107001000414000001,,,0,1100000000000000364,414
9011010700100000,77,107001000418000001,,,0,1100000000000000364,418
9011010700100000,77,107001000420000001,,,0,1100000000000000364,420
9011010700100000,77,107001000422000001,,,0,1100000000000000364,422
9011010700100000,77,107001000424000001,,,0,1100000000000000364,424
9011010700100000,77,107001000428000001,,,0,1100000000000000372,428
9011010700100000,77,107001000446000001,,,0,1100000000000000369,446
9011010700100000,76,107001000448000001,,,0,1100000000000000369,448
9011010700100000,67,107001000210000002,,,0,1100000000000000369,210
9011010700100000,47,107001000218000001,,,0,1100000000000000365,218
9011010700100000,47,107001000220000001,,,0,1100000000000000365,220
9011010700100000,47,107001000222000001,,,0,1100000000000000365,222
9011010700100000,45,107001000228000001,,,0,1100000000000000365,228
9011010700100000,47,107001000234000001,,,0,1100000000000000365,234
9011010700100000,47,107001000238000001,,,0,1100000000000000365,238
9011010700100000,47,107001000248000001,,,0,1100000000000000371,248
9011010700100000,47,107001000254000001,,,0,1100000000000000371,254
9011010700100000,47,107001000268000001,,,0,1100000000000000371,268
9011010700100000,47,107001000272000001,,,0,1100000000000000371,272
9011010700100000,45,107001000282000001,,,0,1100000000000000371,282
9011010700100000,47,107001000290000001,,,0,1100000000000000371,290
9011010700100000,47,107001000292000001,,,0,1100000000000000371,292
9011010700100000,47,107001000302000001,,,0,1100000000000000365,302
9011010700100000,47,107001000312000001,,,0,1100000000000000372,312
9011010700100000,47,107001000324000001,,,0,1100000000000000372,324
9011010700100000,47,107001000328000001,,,0,1100000000000000372,328
9011010700100000,67,107001000334000001,,,0,1100000000000000369,334
9011010700100000,45,107001000334000002,,,0,1100000000000000369,334
9011010700100000,45,107001000340000001,,,0,1100000000000000369,340
9011010700100000,67,107001000344000002,,,0,1100000000000000369,344
9011010700100000,67,107001000350000001,,,0,1100000000000000370,350
9011010700100000,67,107001000352000001,,,0,1100000000000000370,352
9011010700100000,67,107001000354000001,,,0,1100000000000000370,354
9011010700100000,77,107001000358000001,,,0,1100000000000000369,358
9011010700100000,77,107001000374000001,,,0,1100000000000000369,374
9011010700100000,77,107001000376000001,,,0,1100000000000000369,376
9011010700100000,77,107001000382000001,,,0,1100000000000000372,382
9011010700100000,77,107001000394000001,,,0,1100000000000000364,394
9011010700100000,77,107001000400000001,,,0,1100000000000000364,400
9011010700100000,77,107001000406000001,,,0,1100000000000000364,406
9011010700100000,76,107001000432000001,,,0,1100000000000000372,432
9011010700100000,77,107001000434000001,,,0,1100000000000000369,434
9011010700100000,77,107001000436000001,,,0,1100000000000000369,436
9011010700100000,76,107001000440000001,,,0,1100000000000000369,440
9011010700100000,53,107001000440000002,,,0,1100000000000000369,440
9011010700100000,77,107001000444000001,,,0,1100000000000000369,444
9011010700100000,53,107001000448000002,,,0,1100000000000000369,448
9011010700100000,45,107001000338000001,,,0,1100000000000000369,338
9011010700100000,77,107001000360000001,,,0,1100000000000000369,360
9011010700100000,77,107001000364000001,,,0,1100000000000000369,364
9011010700100000,77,107001000366000001,,,0,1100000000000000369,366
9011010700100000,77,107001000370000001,,,0,1100000000000000369,370
9011010700100000,77,107001000372000001,,,0,1100000000000000369,372
9011010700100000,77,107001000378000001,,,0,1100000000000000369,378
9011010700100000,77,107001000384000001,,,0,1100000000000000372,384
9011010700100000,77,107001000396000001,,,0,1100000000000000364,396
9011010700100000,77,107001000402000001,,,0,1100000000000000364,402
9011010700100000,77,107001000410000001,,,0,1100000000000000364,410
9011010700100000,77,107001000412000001,,,0,1100000000000000364,412
9011010700100000,77,107001000416000001,,,0,1100000000000000364,416
9011010700100000,77,107001000438000001,,,0,1100000000000000369,438
9011010700100000,77,107001000452000001,,,0,1100000000000000369,452
9011010700100000,76,107001000466000001,,,0,1100000000000000370,466
9011010700100000,77,107001000450000001,,,0,1100000000000000369,450
9011010700100000,76,107001000454000001,,,0,1100000000000000369,454
9011010700100000,77,107001000456000001,,,0,1100000000000000369,456
9011010700100000,76,107001000460000001,,,0,1100000000000000370,460
